metric,index,mean,std
time,0,14.550951660804028,21.87278659096477
time,1,1.0234934024091036,1.3047235589947352
time,2,1.4147128564006877,2.0017549820900027
time,3,1.7453841263393186,2.7374937937554367
time,4,3.1382491093761518,5.183838104305627
time,5,9.068290570996842,7.916976938312373
time,6,8.431188003072199,7.210397147531749
time,7,8.743193671388447,7.59667680307619
time,8,8.933509007939753,7.817626566370026
time,9,9.023221659210494,7.848257723652934
time,10,0.2599949656792407,0.23901577046345368
time,11,14.228150304758325,12.632907862983789
time,12,0.16286405077520408,0.13070737853562087
time,13,8.642645309556205,7.045453821655166
time,14,0.02593963551071455,0.01629368620593544
time,15,0.037008919805850624,0.028954537334035683
time,16,0.036987660066136775,0.02550148753836959
accuracy (train),0,0.89542268522634,0.06926634704770937
accuracy (train),1,0.609105990817467,0.12164262426668124
accuracy (train),2,0.6895769985099265,0.11820623698186469
accuracy (train),3,0.7664265765418629,0.10872215941690623
accuracy (train),4,0.8564098272786462,0.08175333663974187
accuracy (train),5,0.9998171017934462,0.00022973872828403646
accuracy (train),6,0.8159862438846146,0.10988676358374992
accuracy (train),7,0.9130750099286197,0.06908541521632183
accuracy (train),8,0.965456647965582,0.037716904833162215
accuracy (train),9,0.9929414430718927,0.01168261206302265
accuracy (train),10,1.0,0.0
accuracy (train),11,1.0,0.0
accuracy (train),12,0.2580669787742714,0.1146756580403192
accuracy (train),13,0.45671553521815167,0.17401116174096257
accuracy (train),14,0.0,0.0
accuracy (train),15,0.0,0.0
accuracy (train),16,0.0018587771940044887,0.010102787693567816
accuracy (test),0,0.7592676531531778,0.0741928358280413
accuracy (test),1,0.5867008450006382,0.12198387886526828
accuracy (test),2,0.6481852056240521,0.11174424918807914
accuracy (test),3,0.7010740950765738,0.10237695009738548
accuracy (test),4,0.7468957337286386,0.08171008517057027
accuracy (test),5,0.7522727500147582,0.07970231470484772
accuracy (test),6,0.7017176152231424,0.10127889311849794
accuracy (test),7,0.738475832378897,0.08718264695423575
accuracy (test),8,0.7483648553189186,0.07944617935437251
accuracy (test),9,0.7521472501112648,0.07947557300604716
accuracy (test),10,0.7277404158778593,0.08621272158290058
accuracy (test),11,0.7141547162986717,0.09388360469102801
accuracy (test),12,0.2562558568419482,0.12204952479174401
accuracy (test),13,0.44456642414254094,0.1653388102651026
accuracy (test),14,0.0,0.0
accuracy (test),15,0.0,0.0
accuracy (test),16,0.0016471224956247973,0.00879176716132154
precision (train),0,0.9546236263910168,0.03472926279125243
precision (train),1,0.8970886273912351,0.039805685692035284
precision (train),2,0.8980715125409336,0.038129383689663794
precision (train),3,0.9207064189487968,0.03749123280232489
precision (train),4,0.9456165445798955,0.03496400727604617
precision (train),5,0.9999879087914335,3.523403146486147e-05
precision (train),6,0.9572747533337802,0.030169086313321727
precision (train),7,0.9802127677379245,0.01870649693779013
precision (train),8,0.9931408897073539,0.008973351700135891
precision (train),9,0.9989773318571024,0.0018263391022712483
precision (train),10,1.0,0.0
precision (train),11,1.0,0.0
precision (train),12,0.4622310332956034,0.13802868666867404
precision (train),13,0.828930857069218,0.06357545174875429
precision (train),14,0.0,0.0
precision (train),15,0.07635693376231087,0.04839071974135776
precision (train),16,0.0771660357882132,0.051359578236851194
precision (test),0,0.8566260872480835,0.05951801408278604
precision (test),1,0.8712294148315459,0.042875883604519965
precision (test),2,0.8625607508527077,0.04503997390180399
precision (test),3,0.870983158769449,0.04919759287081895
precision (test),4,0.865979176146926,0.053651298856002415
precision (test),5,0.832711054569159,0.08099788597815018
precision (test),6,0.8774258120242754,0.057789663577083865
precision (test),7,0.8596584539941031,0.06884406153146005
precision (test),8,0.8454283512895894,0.07321757948918527
precision (test),9,0.8353062095417474,0.0789545660570678
precision (test),10,0.7999087331903878,0.0643734349702086
precision (test),11,0.7482905484261072,0.09316695059664235
precision (test),12,0.45639816135216493,0.1343409982427226
precision (test),13,0.8205439858192513,0.06364703350681962
precision (test),14,0.0,0.0
precision (test),15,0.0761164203827904,0.04787508455266384
precision (test),16,0.07535104573411935,0.04762254236260888
recall (train),0,0.9114406256540829,0.059273656422000706
recall (train),1,0.6431429165200789,0.11798352233289323
recall (train),2,0.7265839448056906,0.11222972241018175
recall (train),3,0.7973706190636493,0.10048537831485464
recall (train),4,0.8781011257671582,0.07137268160507702
recall (train),5,0.9998657023902207,0.00016034424445565882
recall (train),6,0.8344844990542915,0.10262191081102887
recall (train),7,0.9257013825580744,0.061951096998895255
recall (train),8,0.9715517470896938,0.03328945372447626
recall (train),9,0.9942725549014136,0.010559842938641496
recall (train),10,1.0,0.0
recall (train),11,1.0,0.0
recall (train),12,0.5871341336752538,0.2462816395400406
recall (train),13,0.49112580100290926,0.1881834308471087
recall (train),14,0.0,0.0
recall (train),15,1.0,0.0
recall (train),16,0.5030616595232476,0.018525114073877802
recall (test),0,0.7912212969998996,0.06820259386731307
recall (test),1,0.6192220888386285,0.11992507800004223
recall (test),2,0.685741281513015,0.10790754689648928
recall (test),3,0.734535259190352,0.09457868578922377
recall (test),4,0.7786119581733058,0.07357177068068273
recall (test),5,0.7812555592052339,0.07176082031927264
recall (test),6,0.7267185034349601,0.09509898615994838
recall (test),7,0.7645260599569447,0.07858715720149749
recall (test),8,0.776797915060448,0.07243637461711946
recall (test),9,0.7824592712365908,0.07202987920869873
recall (test),10,0.8033942395615549,0.06205001178911978
recall (test),11,0.7457573844975619,0.09315505879611474
recall (test),12,0.5847932412350711,0.24426446733999574
recall (test),13,0.4796559967138836,0.17761235242938922
recall (test),14,0.0,0.0
recall (test),15,1.0,0.0
recall (test),16,0.4959563828517607,0.01576974232928238
f1 (train),0,0.9322147103492253,0.04664543417678659
f1 (train),1,0.7438487778750945,0.09096932193180134
f1 (train),2,0.7994834690767582,0.08111490978444365
f1 (train),3,0.852301704892952,0.07152449250561012
f1 (train),4,0.9099036760439035,0.053045710822191394
f1 (train),5,0.9999267956631404,8.536502651014254e-05
f1 (train),6,0.8890490980646569,0.06855459994637181
f1 (train),7,0.9514021115737926,0.03993886163085606
f1 (train),8,0.982010347393921,0.020544566734699184
f1 (train),9,0.9965948974084673,0.005884516259688012
f1 (train),10,1.0,0.0
f1 (train),11,1.0,0.0
f1 (train),12,0.4663791271238941,0.11596220104844385
f1 (train),13,0.5976814200622309,0.16803833053064665
f1 (train),14,0.0,0.0
f1 (train),15,0.13846157739950396,0.0761615538088456
f1 (train),16,0.12859142338189392,0.06669662145243586
f1 (test),0,0.8222779834691964,0.06253436512223004
f1 (test),1,0.7182481558731836,0.093562271059696
f1 (test),2,0.7600108894372828,0.07937468172072172
f1 (test),3,0.7946131391916008,0.0711605415331574
f1 (test),4,0.8192333694036886,0.061816038876082134
f1 (test),5,0.8056440225015999,0.07343961972103694
f1 (test),6,0.7919786584265627,0.07111685405668673
f1 (test),7,0.8081537534251192,0.06914724739213764
f1 (test),8,0.8090391543588026,0.06963311166009986
f1 (test),9,0.8074694707030277,0.07238701756836075
f1 (test),10,0.8015473737410338,0.06266497073033744
f1 (test),11,0.7469569526533315,0.092844559217476
f1 (test),12,0.4620582543070462,0.11254916036684026
f1 (test),13,0.5867727133028892,0.16141571653947967
f1 (test),14,0.0,0.0
f1 (test),15,0.13811182513142994,0.07548544559715666
f1 (test),16,0.1257308503081647,0.06118924065418426
time (transpose_{'n_semitones': 12}),0,1.9968011874072957,4.251428989944066
time (transpose_{'n_semitones': 12}),1,0.08388544028660036,0.15559818447995946
time (transpose_{'n_semitones': 12}),2,0.20471714577584896,0.4218581531177434
time (transpose_{'n_semitones': 12}),3,0.19692879352929457,0.310244405322641
time (transpose_{'n_semitones': 12}),4,0.5218649045476373,0.9431771292836819
time (transpose_{'n_semitones': 12}),5,0.569895568883644,0.4063139109249241
time (transpose_{'n_semitones': 12}),6,0.5030552486203751,0.3257371074808535
time (transpose_{'n_semitones': 12}),7,0.538090040098946,0.36778981795215576
time (transpose_{'n_semitones': 12}),8,0.5542125431996472,0.38312571417723745
time (transpose_{'n_semitones': 12}),9,0.5630909451898539,0.39507026147561436
time (transpose_{'n_semitones': 12}),10,0.023086322928374668,0.013064874477301244
time (transpose_{'n_semitones': 12}),11,0.5884035533329226,0.42455283303695013
time (transpose_{'n_semitones': 12}),12,0.015091684629332344,0.005430317797078967
time (transpose_{'n_semitones': 12}),13,0.3862811979257835,0.23141158877054696
time (transpose_{'n_semitones': 12}),14,0.00768505852177458,0.001036608884014589
time (transpose_{'n_semitones': 12}),15,0.008431722533028081,0.00537889497280483
time (transpose_{'n_semitones': 12}),16,0.008500288117606685,0.0026303103843579086
accuracy (train) (transpose_{'n_semitones': 12}),0,0.9872078608302164,0.016044318155415523
accuracy (train) (transpose_{'n_semitones': 12}),1,0.9370497177939043,0.049571117420006805
accuracy (train) (transpose_{'n_semitones': 12}),2,0.9488829180107932,0.04225636424951723
accuracy (train) (transpose_{'n_semitones': 12}),3,0.9604463095110315,0.03617354128774844
accuracy (train) (transpose_{'n_semitones': 12}),4,0.9788614494641813,0.02493275858311543
accuracy (train) (transpose_{'n_semitones': 12}),5,0.9999887901244967,3.961342454779267e-05
accuracy (train) (transpose_{'n_semitones': 12}),6,0.9700745635755289,0.03147699326177132
accuracy (train) (transpose_{'n_semitones': 12}),7,0.9890168190065666,0.014546986856472783
accuracy (train) (transpose_{'n_semitones': 12}),8,0.9970326107746719,0.005097499436728839
accuracy (train) (transpose_{'n_semitones': 12}),9,0.9996419074038105,0.0008456153573665288
accuracy (train) (transpose_{'n_semitones': 12}),10,1.0,0.0
accuracy (train) (transpose_{'n_semitones': 12}),11,1.0,0.0
accuracy (train) (transpose_{'n_semitones': 12}),12,0.835556240385358,0.11227901425156052
accuracy (train) (transpose_{'n_semitones': 12}),13,0.8781829570049126,0.08668643389315786
accuracy (train) (transpose_{'n_semitones': 12}),14,0.8517421418644734,0.11614322948080645
accuracy (train) (transpose_{'n_semitones': 12}),15,0.11749299366673241,0.08692442101672299
accuracy (train) (transpose_{'n_semitones': 12}),16,0.286957760141303,0.09564542924504242
accuracy (test) (transpose_{'n_semitones': 12}),0,0.9461087750515851,0.05178329402239683
accuracy (test) (transpose_{'n_semitones': 12}),1,0.925831010627325,0.06020708095310691
accuracy (test) (transpose_{'n_semitones': 12}),2,0.9316517892112925,0.05435040511981675
accuracy (test) (transpose_{'n_semitones': 12}),3,0.937512199364445,0.053973520938968546
accuracy (test) (transpose_{'n_semitones': 12}),4,0.9436048132274354,0.05361417579751483
accuracy (test) (transpose_{'n_semitones': 12}),5,0.9464671560305438,0.051150379381665285
accuracy (test) (transpose_{'n_semitones': 12}),6,0.9397538816573167,0.055894625654062065
accuracy (test) (transpose_{'n_semitones': 12}),7,0.9464488551729746,0.051640941917557984
accuracy (test) (transpose_{'n_semitones': 12}),8,0.9477239435885305,0.04631221025225903
accuracy (test) (transpose_{'n_semitones': 12}),9,0.9464811497874102,0.05066697861729443
accuracy (test) (transpose_{'n_semitones': 12}),10,0.9391907368487961,0.04404122972197262
accuracy (test) (transpose_{'n_semitones': 12}),11,0.9220604728203077,0.06767871889838896
accuracy (test) (transpose_{'n_semitones': 12}),12,0.837205564467723,0.10691271745328948
accuracy (test) (transpose_{'n_semitones': 12}),13,0.8765517592467186,0.09151345339179044
accuracy (test) (transpose_{'n_semitones': 12}),14,0.8554855171093014,0.11623667975394839
accuracy (test) (transpose_{'n_semitones': 12}),15,0.11417625999645661,0.08522540485434404
accuracy (test) (transpose_{'n_semitones': 12}),16,0.2773653264414703,0.08523801009849817
precision macro (train) (transpose_{'n_semitones': 12}),0,0.9546118088119395,0.07439605205458807
precision macro (train) (transpose_{'n_semitones': 12}),1,0.7771537323629611,0.1663403464239681
precision macro (train) (transpose_{'n_semitones': 12}),2,0.8380138512688431,0.15712020956460457
precision macro (train) (transpose_{'n_semitones': 12}),3,0.8700867537220457,0.13366637866647713
precision macro (train) (transpose_{'n_semitones': 12}),4,0.932120059191082,0.0932023521052149
precision macro (train) (transpose_{'n_semitones': 12}),5,0.9999905235483915,4.6166708176452624e-05
precision macro (train) (transpose_{'n_semitones': 12}),6,0.9226457933768822,0.10234393299697309
precision macro (train) (transpose_{'n_semitones': 12}),7,0.9835770252286883,0.03484319093651576
precision macro (train) (transpose_{'n_semitones': 12}),8,0.9974454044291406,0.0043825340488284495
precision macro (train) (transpose_{'n_semitones': 12}),9,0.9998112617511604,0.0004547072505133459
precision macro (train) (transpose_{'n_semitones': 12}),10,1.0,0.0
precision macro (train) (transpose_{'n_semitones': 12}),11,1.0,0.0
precision macro (train) (transpose_{'n_semitones': 12}),12,0.44989136357835513,0.11872298802722811
precision macro (train) (transpose_{'n_semitones': 12}),13,0.5141257139434232,0.21889383417300817
precision macro (train) (transpose_{'n_semitones': 12}),14,0.2510901347807585,0.10358955119999962
precision macro (train) (transpose_{'n_semitones': 12}),15,0.029737121531871875,0.022913130978773913
precision macro (train) (transpose_{'n_semitones': 12}),16,0.28667092638454544,0.0963191964242204
precision macro (test) (transpose_{'n_semitones': 12}),0,0.7577086508135822,0.16440222329699547
precision macro (test) (transpose_{'n_semitones': 12}),1,0.7007777414541938,0.18217509099760326
precision macro (test) (transpose_{'n_semitones': 12}),2,0.7393351791263838,0.16702617971934602
precision macro (test) (transpose_{'n_semitones': 12}),3,0.7538472257203752,0.16442680842897597
precision macro (test) (transpose_{'n_semitones': 12}),4,0.7547876101923984,0.16995300698287413
precision macro (test) (transpose_{'n_semitones': 12}),5,0.7511854224283625,0.15857803189094838
precision macro (test) (transpose_{'n_semitones': 12}),6,0.7442148618336037,0.16999564407400705
precision macro (test) (transpose_{'n_semitones': 12}),7,0.760845544145147,0.16202470477519518
precision macro (test) (transpose_{'n_semitones': 12}),8,0.7579487431434052,0.15861204360810552
precision macro (test) (transpose_{'n_semitones': 12}),9,0.7541598019832486,0.16033942497424036
precision macro (test) (transpose_{'n_semitones': 12}),10,0.7092791134676001,0.1420667104755655
precision macro (test) (transpose_{'n_semitones': 12}),11,0.6676615836572262,0.1341593508401733
precision macro (test) (transpose_{'n_semitones': 12}),12,0.3987375735232564,0.11410456656272949
precision macro (test) (transpose_{'n_semitones': 12}),13,0.49096552410393673,0.18964714322604642
precision macro (test) (transpose_{'n_semitones': 12}),14,0.2603677313224743,0.10436479660604246
precision macro (test) (transpose_{'n_semitones': 12}),15,0.02971345340429333,0.021473596680355526
precision macro (test) (transpose_{'n_semitones': 12}),16,0.2817768052267836,0.09668047360504203
recall macro (train) (transpose_{'n_semitones': 12}),0,0.9161486053466918,0.10218107050572203
recall macro (train) (transpose_{'n_semitones': 12}),1,0.6211785213240019,0.17677146468748992
recall macro (train) (transpose_{'n_semitones': 12}),2,0.6888720042094358,0.18085003351878629
recall macro (train) (transpose_{'n_semitones': 12}),3,0.7650743890214851,0.1691192936375264
recall macro (train) (transpose_{'n_semitones': 12}),4,0.8710196480402363,0.1298827625951013
recall macro (train) (transpose_{'n_semitones': 12}),5,0.9999365505977756,0.0002666448748029464
recall macro (train) (transpose_{'n_semitones': 12}),6,0.7840233436245247,0.1850244173571455
recall macro (train) (transpose_{'n_semitones': 12}),7,0.9148684791656818,0.10759865609713933
recall macro (train) (transpose_{'n_semitones': 12}),8,0.9814432628746289,0.030571107938577632
recall macro (train) (transpose_{'n_semitones': 12}),9,0.9988166836340457,0.004294413130743347
recall macro (train) (transpose_{'n_semitones': 12}),10,1.0,0.0
recall macro (train) (transpose_{'n_semitones': 12}),11,1.0,0.0
recall macro (train) (transpose_{'n_semitones': 12}),12,0.5078296860315646,0.1433678665166479
recall macro (train) (transpose_{'n_semitones': 12}),13,0.4384283684758772,0.18330525779126342
recall macro (train) (transpose_{'n_semitones': 12}),14,0.2869946091644205,0.09614623432605367
recall macro (train) (transpose_{'n_semitones': 12}),15,0.2869946091644205,0.09614623432605367
recall macro (train) (transpose_{'n_semitones': 12}),16,0.28589630168167146,0.10743076319656149
recall macro (test) (transpose_{'n_semitones': 12}),0,0.7030707310735123,0.16543631077725687
recall macro (test) (transpose_{'n_semitones': 12}),1,0.5708359761890243,0.1669579000793264
recall macro (test) (transpose_{'n_semitones': 12}),2,0.6209699451167554,0.1703036829389596
recall macro (test) (transpose_{'n_semitones': 12}),3,0.6590544526662581,0.17123540059242964
recall macro (test) (transpose_{'n_semitones': 12}),4,0.688155665046106,0.16794374979132942
recall macro (test) (transpose_{'n_semitones': 12}),5,0.7129910450030132,0.16421722090533364
recall macro (test) (transpose_{'n_semitones': 12}),6,0.6431756868875559,0.1810148689378447
recall macro (test) (transpose_{'n_semitones': 12}),7,0.6861865334500875,0.17024928961950894
recall macro (test) (transpose_{'n_semitones': 12}),8,0.7126926243447975,0.1628109487740965
recall macro (test) (transpose_{'n_semitones': 12}),9,0.710280086134679,0.1564957346880104
recall macro (test) (transpose_{'n_semitones': 12}),10,0.7326145838716095,0.16087816116816303
recall macro (test) (transpose_{'n_semitones': 12}),11,0.6691449659261384,0.1465249410320259
recall macro (test) (transpose_{'n_semitones': 12}),12,0.4577816593096513,0.16861600068322188
recall macro (test) (transpose_{'n_semitones': 12}),13,0.4273276101464482,0.16328987911730544
recall macro (test) (transpose_{'n_semitones': 12}),14,0.2964510332434861,0.09553146934671858
recall macro (test) (transpose_{'n_semitones': 12}),15,0.2964510332434861,0.09553146934671858
recall macro (test) (transpose_{'n_semitones': 12}),16,0.28517896138498017,0.1522623882542585
f1 macro (train) (transpose_{'n_semitones': 12}),0,0.9306677589382589,0.08955120900470667
f1 macro (train) (transpose_{'n_semitones': 12}),1,0.6664042278541394,0.17775883039442275
f1 macro (train) (transpose_{'n_semitones': 12}),2,0.7334262821400329,0.17511655024946293
f1 macro (train) (transpose_{'n_semitones': 12}),3,0.8018030001046869,0.1591963949268738
f1 macro (train) (transpose_{'n_semitones': 12}),4,0.8942773366123496,0.11353150181938829
f1 macro (train) (transpose_{'n_semitones': 12}),5,0.9999634661036516,0.00013997689433645503
f1 macro (train) (transpose_{'n_semitones': 12}),6,0.821998358269924,0.1659804170679574
f1 macro (train) (transpose_{'n_semitones': 12}),7,0.9387347296154352,0.08224296723063267
f1 macro (train) (transpose_{'n_semitones': 12}),8,0.9885550162176483,0.0186781178914922
f1 macro (train) (transpose_{'n_semitones': 12}),9,0.9992989152875627,0.0024362369491369652
f1 macro (train) (transpose_{'n_semitones': 12}),10,1.0,0.0
f1 macro (train) (transpose_{'n_semitones': 12}),11,1.0,0.0
f1 macro (train) (transpose_{'n_semitones': 12}),12,0.4225189474324767,0.11477358586331617
f1 macro (train) (transpose_{'n_semitones': 12}),13,0.4521876884790773,0.18957296680143992
f1 macro (train) (transpose_{'n_semitones': 12}),14,0.2667354843667097,0.10055176310490599
f1 macro (train) (transpose_{'n_semitones': 12}),15,0.051152281729019505,0.03391504075600723
f1 macro (train) (transpose_{'n_semitones': 12}),16,0.18013234888324361,0.08095385296855356
f1 macro (test) (transpose_{'n_semitones': 12}),0,0.7189888376331612,0.16101064452568814
f1 macro (test) (transpose_{'n_semitones': 12}),1,0.6041688211266487,0.17255859617036753
f1 macro (test) (transpose_{'n_semitones': 12}),2,0.65298198775791,0.16865868952411214
f1 macro (test) (transpose_{'n_semitones': 12}),3,0.6887840523374515,0.16898759103090816
f1 macro (test) (transpose_{'n_semitones': 12}),4,0.7088560577590318,0.16599440747040037
f1 macro (test) (transpose_{'n_semitones': 12}),5,0.720623488976082,0.15763481083631598
f1 macro (test) (transpose_{'n_semitones': 12}),6,0.6691745176099596,0.17761757817403592
f1 macro (test) (transpose_{'n_semitones': 12}),7,0.7063950905705986,0.16381589977424776
f1 macro (test) (transpose_{'n_semitones': 12}),8,0.7225529208303727,0.15637601004830276
f1 macro (test) (transpose_{'n_semitones': 12}),9,0.7210839829836443,0.1542916835290784
f1 macro (test) (transpose_{'n_semitones': 12}),10,0.7133440662913587,0.1468641479661366
f1 macro (test) (transpose_{'n_semitones': 12}),11,0.6611011545473311,0.13577259725967625
f1 macro (test) (transpose_{'n_semitones': 12}),12,0.3887652556540395,0.12178873778108872
f1 macro (test) (transpose_{'n_semitones': 12}),13,0.4356607428176438,0.16083753653570976
f1 macro (test) (transpose_{'n_semitones': 12}),14,0.27611980921569906,0.10090036563715402
f1 macro (test) (transpose_{'n_semitones': 12}),15,0.05140508167431732,0.03188219758360324
f1 macro (test) (transpose_{'n_semitones': 12}),16,0.1748422486581243,0.07784367991874287
f1 weighted (train) (transpose_{'n_semitones': 12}),0,0.9869145459801184,0.016344882807329937
f1 weighted (train) (transpose_{'n_semitones': 12}),1,0.9297381015816187,0.05478168368528685
f1 weighted (train) (transpose_{'n_semitones': 12}),2,0.9440597153208626,0.045644104243055345
f1 weighted (train) (transpose_{'n_semitones': 12}),3,0.9578467058096893,0.038372174506861825
f1 weighted (train) (transpose_{'n_semitones': 12}),4,0.9781400595450611,0.02567175890531488
f1 weighted (train) (transpose_{'n_semitones': 12}),5,0.9999887839989479,3.9636511891088624e-05
f1 weighted (train) (transpose_{'n_semitones': 12}),6,0.9679591747781471,0.033852888381549394
f1 weighted (train) (transpose_{'n_semitones': 12}),7,0.9886572323704135,0.015093830263990981
f1 weighted (train) (transpose_{'n_semitones': 12}),8,0.9969936579101079,0.005177881388043112
f1 weighted (train) (transpose_{'n_semitones': 12}),9,0.9996408478846146,0.0008490870335746106
f1 weighted (train) (transpose_{'n_semitones': 12}),10,1.0,0.0
f1 weighted (train) (transpose_{'n_semitones': 12}),11,1.0,0.0
f1 weighted (train) (transpose_{'n_semitones': 12}),12,0.8206633559495446,0.11111409714907015
f1 weighted (train) (transpose_{'n_semitones': 12}),13,0.8585956271041192,0.09659703931195245
f1 weighted (train) (transpose_{'n_semitones': 12}),14,0.7882208270581109,0.15793462976845074
f1 weighted (train) (transpose_{'n_semitones': 12}),15,0.03462591338437743,0.04833508180240696
f1 weighted (train) (transpose_{'n_semitones': 12}),16,0.3949116936073314,0.1157746565714545
f1 weighted (test) (transpose_{'n_semitones': 12}),0,0.9433381507855533,0.05919171184621176
f1 weighted (test) (transpose_{'n_semitones': 12}),1,0.9159729907094957,0.07008622919939503
f1 weighted (test) (transpose_{'n_semitones': 12}),2,0.9242709226603747,0.06059277867754262
f1 weighted (test) (transpose_{'n_semitones': 12}),3,0.9323135358825705,0.05927534601979741
f1 weighted (test) (transpose_{'n_semitones': 12}),4,0.9401440981539304,0.06110844647308361
f1 weighted (test) (transpose_{'n_semitones': 12}),5,0.9435989249231952,0.05866669909098428
f1 weighted (test) (transpose_{'n_semitones': 12}),6,0.9335496166981596,0.06424363882358848
f1 weighted (test) (transpose_{'n_semitones': 12}),7,0.9422109198030645,0.059601402151321085
f1 weighted (test) (transpose_{'n_semitones': 12}),8,0.9438706449998244,0.05580800367621097
f1 weighted (test) (transpose_{'n_semitones': 12}),9,0.943259330164052,0.058199664430786405
f1 weighted (test) (transpose_{'n_semitones': 12}),10,0.9398661087577709,0.042464500160800514
f1 weighted (test) (transpose_{'n_semitones': 12}),11,0.9226103447630156,0.06492407854639556
f1 weighted (test) (transpose_{'n_semitones': 12}),12,0.8228339858263515,0.10997718617141447
f1 weighted (test) (transpose_{'n_semitones': 12}),13,0.8577328942945646,0.10063121378364202
f1 weighted (test) (transpose_{'n_semitones': 12}),14,0.7935458576133235,0.15776062486407585
f1 weighted (test) (transpose_{'n_semitones': 12}),15,0.03295239437432691,0.04754410707939685
f1 weighted (test) (transpose_{'n_semitones': 12}),16,0.3915693383807345,0.11594320977122842
time (transpose_{'n_semitones': 24}),0,1.7236596254202037,3.7254974296948222
time (transpose_{'n_semitones': 24}),1,0.0818899365571829,0.1370997071446304
time (transpose_{'n_semitones': 24}),2,0.14217310226880586,0.3321453181291607
time (transpose_{'n_semitones': 24}),3,0.23255526561003464,0.44947722025538467
time (transpose_{'n_semitones': 24}),4,0.38948399745501006,0.915679923497655
time (transpose_{'n_semitones': 24}),5,0.43036563579852766,0.2990005298739078
time (transpose_{'n_semitones': 24}),6,0.41026870562480044,0.26962572105277577
time (transpose_{'n_semitones': 24}),7,0.424597116617056,0.28137464268025947
time (transpose_{'n_semitones': 24}),8,0.42330292555002064,0.28742421760191955
time (transpose_{'n_semitones': 24}),9,0.4294976775462811,0.2903788518447102
time (transpose_{'n_semitones': 24}),10,0.018507063388824463,0.010564056468571193
time (transpose_{'n_semitones': 24}),11,0.5942306151756873,0.42078271209187257
time (transpose_{'n_semitones': 24}),12,0.014493942260742188,0.0053723773380917545
time (transpose_{'n_semitones': 24}),13,0.3940711250671974,0.23257369031851907
time (transpose_{'n_semitones': 24}),14,0.00815655176456158,0.0016343575320473206
time (transpose_{'n_semitones': 24}),15,0.008461805490347056,0.0020892504094616967
time (transpose_{'n_semitones': 24}),16,0.008627309248997616,0.0014523879769637372
accuracy (train) (transpose_{'n_semitones': 24}),0,0.9963602789789542,0.0057205536241611045
accuracy (train) (transpose_{'n_semitones': 24}),1,0.9828304533109423,0.01566629436707157
accuracy (train) (transpose_{'n_semitones': 24}),2,0.9853773342691949,0.014663025229305428
accuracy (train) (transpose_{'n_semitones': 24}),3,0.988394341919582,0.012733862844683013
accuracy (train) (transpose_{'n_semitones': 24}),4,0.9942710649831642,0.0074596519590036745
accuracy (train) (transpose_{'n_semitones': 24}),5,0.999978187804267,0.00012344967907929833
accuracy (train) (transpose_{'n_semitones': 24}),6,0.9931836360800348,0.009105804036844363
accuracy (train) (transpose_{'n_semitones': 24}),7,0.9980644220616033,0.0033259060047779393
accuracy (train) (transpose_{'n_semitones': 24}),8,0.9996944820198504,0.0007589997215630015
accuracy (train) (transpose_{'n_semitones': 24}),9,0.9999681727827573,0.00011850725603602483
accuracy (train) (transpose_{'n_semitones': 24}),10,1.0,0.0
accuracy (train) (transpose_{'n_semitones': 24}),11,1.0,0.0
accuracy (train) (transpose_{'n_semitones': 24}),12,0.9530696970552058,0.03273993670315315
accuracy (train) (transpose_{'n_semitones': 24}),13,0.9706401712697914,0.028463620126204615
accuracy (train) (transpose_{'n_semitones': 24}),14,0.9639080308322397,0.033854798548702755
accuracy (train) (transpose_{'n_semitones': 24}),15,0.026824800231364777,0.02275005630342759
accuracy (train) (transpose_{'n_semitones': 24}),16,0.35301701458812135,0.13196343532253382
accuracy (test) (transpose_{'n_semitones': 24}),0,0.9845563999890365,0.014423687595718892
accuracy (test) (transpose_{'n_semitones': 24}),1,0.9799372738872733,0.018539983560770492
accuracy (test) (transpose_{'n_semitones': 24}),2,0.9812931789909503,0.017828755071226783
accuracy (test) (transpose_{'n_semitones': 24}),3,0.9828048958417246,0.016570677739477523
accuracy (test) (transpose_{'n_semitones': 24}),4,0.9845053876680118,0.014562826071110565
accuracy (test) (transpose_{'n_semitones': 24}),5,0.9840890120814023,0.015089001443712053
accuracy (test) (transpose_{'n_semitones': 24}),6,0.9830118991119973,0.015714732386743698
accuracy (test) (transpose_{'n_semitones': 24}),7,0.983858549867077,0.014872721334657509
accuracy (test) (transpose_{'n_semitones': 24}),8,0.983884508080619,0.015266434610345062
accuracy (test) (transpose_{'n_semitones': 24}),9,0.9838181635792345,0.015428238894432405
accuracy (test) (transpose_{'n_semitones': 24}),10,0.9801983362051232,0.019578122606153766
accuracy (test) (transpose_{'n_semitones': 24}),11,0.9769696927996829,0.021778011010493044
accuracy (test) (transpose_{'n_semitones': 24}),12,0.9525868063347408,0.03440657114162797
accuracy (test) (transpose_{'n_semitones': 24}),13,0.9682473445780017,0.02911535892791674
accuracy (test) (transpose_{'n_semitones': 24}),14,0.9646740473403663,0.03384998435483311
accuracy (test) (transpose_{'n_semitones': 24}),15,0.02616831539847544,0.02350173301882391
accuracy (test) (transpose_{'n_semitones': 24}),16,0.3529724429503912,0.13983226894820178
precision macro (train) (transpose_{'n_semitones': 24}),0,0.9452489091055559,0.11293714602639722
precision macro (train) (transpose_{'n_semitones': 24}),1,0.7211917683207978,0.18084735015529202
precision macro (train) (transpose_{'n_semitones': 24}),2,0.7677724218499636,0.19018920882714968
precision macro (train) (transpose_{'n_semitones': 24}),3,0.842167251189503,0.16308364420898036
precision macro (train) (transpose_{'n_semitones': 24}),4,0.9093811452189249,0.13690022883293648
precision macro (train) (transpose_{'n_semitones': 24}),5,0.9999926278370921,4.2587302993948423e-05
precision macro (train) (transpose_{'n_semitones': 24}),6,0.9496748034482644,0.10064875823285699
precision macro (train) (transpose_{'n_semitones': 24}),7,0.9949882621049478,0.023236736361155377
precision macro (train) (transpose_{'n_semitones': 24}),8,0.9997297444384342,0.0008359314053058828
precision macro (train) (transpose_{'n_semitones': 24}),9,0.9999921934002346,2.8463168272019543e-05
precision macro (train) (transpose_{'n_semitones': 24}),10,1.0,0.0
precision macro (train) (transpose_{'n_semitones': 24}),11,1.0,0.0
precision macro (train) (transpose_{'n_semitones': 24}),12,0.5576041593819651,0.16547827195847908
precision macro (train) (transpose_{'n_semitones': 24}),13,0.6025560558597702,0.26962918047938605
precision macro (train) (transpose_{'n_semitones': 24}),14,0.340099109813611,0.131032338531929
precision macro (train) (transpose_{'n_semitones': 24}),15,0.007775270383751084,0.005883522402822331
precision macro (train) (transpose_{'n_semitones': 24}),16,0.34981816406237776,0.12885064362028906
precision macro (test) (transpose_{'n_semitones': 24}),0,0.7963071955331441,0.16836123128582745
precision macro (test) (transpose_{'n_semitones': 24}),1,0.7407676444478428,0.19515155061178113
precision macro (test) (transpose_{'n_semitones': 24}),2,0.7641162530554056,0.19174697761517487
precision macro (test) (transpose_{'n_semitones': 24}),3,0.806547249635806,0.18575965387283747
precision macro (test) (transpose_{'n_semitones': 24}),4,0.8138110057707806,0.17170942786681137
precision macro (test) (transpose_{'n_semitones': 24}),5,0.7754362951538423,0.17140603171747465
precision macro (test) (transpose_{'n_semitones': 24}),6,0.7992435323954162,0.15992622398375292
precision macro (test) (transpose_{'n_semitones': 24}),7,0.7978461805848316,0.17208930798671884
precision macro (test) (transpose_{'n_semitones': 24}),8,0.7699621495893075,0.17138339845094025
precision macro (test) (transpose_{'n_semitones': 24}),9,0.7730233759387924,0.17338137013917854
precision macro (test) (transpose_{'n_semitones': 24}),10,0.7471169886313008,0.17487943856841362
precision macro (test) (transpose_{'n_semitones': 24}),11,0.6783714998713989,0.18467296341121286
precision macro (test) (transpose_{'n_semitones': 24}),12,0.4918726071252376,0.16350684603269477
precision macro (test) (transpose_{'n_semitones': 24}),13,0.586258515932456,0.24117034260504244
precision macro (test) (transpose_{'n_semitones': 24}),14,0.4150895099926206,0.21034757167211857
precision macro (test) (transpose_{'n_semitones': 24}),15,0.008309423677400346,0.0067252892718332674
precision macro (test) (transpose_{'n_semitones': 24}),16,0.34945312481794394,0.1302585659773864
recall macro (train) (transpose_{'n_semitones': 24}),0,0.914397179660505,0.12177368988531066
recall macro (train) (transpose_{'n_semitones': 24}),1,0.585297486775145,0.17075665218534705
recall macro (train) (transpose_{'n_semitones': 24}),2,0.6377126075089711,0.17771135670172578
recall macro (train) (transpose_{'n_semitones': 24}),3,0.7273680933299269,0.17169188113583284
recall macro (train) (transpose_{'n_semitones': 24}),4,0.8561176695390186,0.14543671287839322
recall macro (train) (transpose_{'n_semitones': 24}),5,0.9997612967911416,0.001218793641951602
recall macro (train) (transpose_{'n_semitones': 24}),6,0.85688694008659,0.16633297337568032
recall macro (train) (transpose_{'n_semitones': 24}),7,0.9666230614924127,0.06389194310390191
recall macro (train) (transpose_{'n_semitones': 24}),8,0.9947550941087341,0.015838207630528626
recall macro (train) (transpose_{'n_semitones': 24}),9,0.9989201345754096,0.0068636631329396965
recall macro (train) (transpose_{'n_semitones': 24}),10,1.0,0.0
recall macro (train) (transpose_{'n_semitones': 24}),11,1.0,0.0
recall macro (train) (transpose_{'n_semitones': 24}),12,0.6782483800030717,0.19635154589243528
recall macro (train) (transpose_{'n_semitones': 24}),13,0.5213673462774756,0.24565824697526592
recall macro (train) (transpose_{'n_semitones': 24}),14,0.3497023809523808,0.1283046672554939
recall macro (train) (transpose_{'n_semitones': 24}),15,0.3497023809523808,0.1283046672554939
recall macro (train) (transpose_{'n_semitones': 24}),16,0.33803486635376634,0.14582030671238547
recall macro (test) (transpose_{'n_semitones': 24}),0,0.7216675919113646,0.1668601494287592
recall macro (test) (transpose_{'n_semitones': 24}),1,0.6332794944015685,0.1903192019375614
recall macro (test) (transpose_{'n_semitones': 24}),2,0.6550560873224167,0.1918289018017718
recall macro (test) (transpose_{'n_semitones': 24}),3,0.6956837223924792,0.18439235321822287
recall macro (test) (transpose_{'n_semitones': 24}),4,0.7261701511081793,0.17229932926329364
recall macro (test) (transpose_{'n_semitones': 24}),5,0.7200130086483576,0.17575766603696505
recall macro (test) (transpose_{'n_semitones': 24}),6,0.6939633320053294,0.185455047676861
recall macro (test) (transpose_{'n_semitones': 24}),7,0.7255603177042718,0.18172378995140415
recall macro (test) (transpose_{'n_semitones': 24}),8,0.7090938744219131,0.17460623025649408
recall macro (test) (transpose_{'n_semitones': 24}),9,0.7145152044594784,0.17488070488936824
recall macro (test) (transpose_{'n_semitones': 24}),10,0.7354130886940233,0.18046927878432922
recall macro (test) (transpose_{'n_semitones': 24}),11,0.6774023424003253,0.19709648647541192
recall macro (test) (transpose_{'n_semitones': 24}),12,0.5678478510410396,0.22120130811475802
recall macro (test) (transpose_{'n_semitones': 24}),13,0.5117590083723569,0.2062288939925381
recall macro (test) (transpose_{'n_semitones': 24}),14,0.42548076923076916,0.20590516667720013
recall macro (test) (transpose_{'n_semitones': 24}),15,0.34855769230769224,0.15816219794765063
recall macro (test) (transpose_{'n_semitones': 24}),16,0.3183896841125495,0.17773116388632873
f1 macro (train) (transpose_{'n_semitones': 24}),0,0.9270135809104825,0.1160829625784311
f1 macro (train) (transpose_{'n_semitones': 24}),1,0.6235500182192077,0.16999403520185835
f1 macro (train) (transpose_{'n_semitones': 24}),2,0.6794089598006353,0.18059482914437155
f1 macro (train) (transpose_{'n_semitones': 24}),3,0.766195084818506,0.16797569505205837
f1 macro (train) (transpose_{'n_semitones': 24}),4,0.8767300657628335,0.13899490854324098
f1 macro (train) (transpose_{'n_semitones': 24}),5,0.9998758301961573,0.0006371390923248936
f1 macro (train) (transpose_{'n_semitones': 24}),6,0.8878827235605233,0.14122471808747636
f1 macro (train) (transpose_{'n_semitones': 24}),7,0.9784442938826517,0.04559526044444523
f1 macro (train) (transpose_{'n_semitones': 24}),8,0.9969025977906103,0.009886265423169432
f1 macro (train) (transpose_{'n_semitones': 24}),9,0.9994025444874282,0.003824987448166807
f1 macro (train) (transpose_{'n_semitones': 24}),10,1.0,0.0
f1 macro (train) (transpose_{'n_semitones': 24}),11,1.0,0.0
f1 macro (train) (transpose_{'n_semitones': 24}),12,0.568460996923642,0.17534909935058912
f1 macro (train) (transpose_{'n_semitones': 24}),13,0.540352093891115,0.2538632402534835
f1 macro (train) (transpose_{'n_semitones': 24}),14,0.34475915684875896,0.12973916519786605
f1 macro (train) (transpose_{'n_semitones': 24}),15,0.014943685635375225,0.011051363441364792
f1 macro (train) (transpose_{'n_semitones': 24}),16,0.2105233180180772,0.11179227996261326
f1 macro (test) (transpose_{'n_semitones': 24}),0,0.7453461988396014,0.16364169742987975
f1 macro (test) (transpose_{'n_semitones': 24}),1,0.661578721742442,0.18902852714178728
f1 macro (test) (transpose_{'n_semitones': 24}),2,0.6845350569577591,0.19183081117165557
f1 macro (test) (transpose_{'n_semitones': 24}),3,0.7263650576408094,0.18210793394450261
f1 macro (test) (transpose_{'n_semitones': 24}),4,0.7528301780805946,0.16847291098116085
f1 macro (test) (transpose_{'n_semitones': 24}),5,0.7393743943761362,0.17385037116381305
f1 macro (test) (transpose_{'n_semitones': 24}),6,0.7238897415080351,0.1784670725368344
f1 macro (test) (transpose_{'n_semitones': 24}),7,0.7494399106707565,0.17803121946236422
f1 macro (test) (transpose_{'n_semitones': 24}),8,0.7291200136912267,0.17189047671000968
f1 macro (test) (transpose_{'n_semitones': 24}),9,0.7329883656819784,0.17266966961536095
f1 macro (test) (transpose_{'n_semitones': 24}),10,0.7338176705830658,0.1738079882666265
f1 macro (test) (transpose_{'n_semitones': 24}),11,0.6738543706850475,0.18768509472366593
f1 macro (test) (transpose_{'n_semitones': 24}),12,0.4982712894789566,0.17623049300199634
f1 macro (test) (transpose_{'n_semitones': 24}),13,0.5296603635422331,0.21351395949842716
f1 macro (test) (transpose_{'n_semitones': 24}),14,0.42012728318602,0.2082108571429342
f1 macro (test) (transpose_{'n_semitones': 24}),15,0.015946795089569407,0.012556284845555751
f1 macro (test) (transpose_{'n_semitones': 24}),16,0.21304381354350638,0.11383904770109998
f1 weighted (train) (transpose_{'n_semitones': 24}),0,0.9960487819348925,0.006353518044173243
f1 weighted (train) (transpose_{'n_semitones': 24}),1,0.9793509328381678,0.019347746419729663
f1 weighted (train) (transpose_{'n_semitones': 24}),2,0.98264681475562,0.017923726135221196
f1 weighted (train) (transpose_{'n_semitones': 24}),3,0.9865174426333987,0.015401157039120938
f1 weighted (train) (transpose_{'n_semitones': 24}),4,0.9937867088045903,0.008085010672129089
f1 weighted (train) (transpose_{'n_semitones': 24}),5,0.9999780780331406,0.00012417970582602483
f1 weighted (train) (transpose_{'n_semitones': 24}),6,0.9924417569250672,0.010332340362626811
f1 weighted (train) (transpose_{'n_semitones': 24}),7,0.9979854086815432,0.003486190194281812
f1 weighted (train) (transpose_{'n_semitones': 24}),8,0.9996901622490468,0.0007734061162676981
f1 weighted (train) (transpose_{'n_semitones': 24}),9,0.9999674093309457,0.00012267179588637395
f1 weighted (train) (transpose_{'n_semitones': 24}),10,1.0,0.0
f1 weighted (train) (transpose_{'n_semitones': 24}),11,1.0,0.0
f1 weighted (train) (transpose_{'n_semitones': 24}),12,0.9520704067170496,0.03737656733659982
f1 weighted (train) (transpose_{'n_semitones': 24}),13,0.9634653510488849,0.03644970553063686
f1 weighted (train) (transpose_{'n_semitones': 24}),14,0.9465038108572432,0.04972139372622997
f1 weighted (train) (transpose_{'n_semitones': 24}),15,0.0023416347416661478,0.0031743213710894542
f1 weighted (train) (transpose_{'n_semitones': 24}),16,0.4887171270980206,0.1492192259869211
f1 weighted (test) (transpose_{'n_semitones': 24}),0,0.9830542264187903,0.016258435540087556
f1 weighted (test) (transpose_{'n_semitones': 24}),1,0.9758589691462246,0.023175261273516542
f1 weighted (test) (transpose_{'n_semitones': 24}),2,0.9777197366902352,0.022087764736767577
f1 weighted (test) (transpose_{'n_semitones': 24}),3,0.9800471024530467,0.020211971001055786
f1 weighted (test) (transpose_{'n_semitones': 24}),4,0.9826834601994066,0.017098982981624423
f1 weighted (test) (transpose_{'n_semitones': 24}),5,0.9825560384817922,0.01757043430406642
f1 weighted (test) (transpose_{'n_semitones': 24}),6,0.9802787490573415,0.019421402843245852
f1 weighted (test) (transpose_{'n_semitones': 24}),7,0.9818635449881591,0.017751580372393636
f1 weighted (test) (transpose_{'n_semitones': 24}),8,0.9822865310055652,0.017728237541687147
f1 weighted (test) (transpose_{'n_semitones': 24}),9,0.9822387016878855,0.017847586645883026
f1 weighted (test) (transpose_{'n_semitones': 24}),10,0.9801809564281949,0.019605592440261305
f1 weighted (test) (transpose_{'n_semitones': 24}),11,0.9763218577701896,0.022870960118885078
f1 weighted (test) (transpose_{'n_semitones': 24}),12,0.9517626540297607,0.03888793754670738
f1 weighted (test) (transpose_{'n_semitones': 24}),13,0.9602499751573569,0.037889661421715445
f1 weighted (test) (transpose_{'n_semitones': 24}),14,0.9476366694638094,0.049823929401892474
f1 weighted (test) (transpose_{'n_semitones': 24}),15,0.0023352059408003343,0.0034743314003444397
f1 weighted (test) (transpose_{'n_semitones': 24}),16,0.4970498103818243,0.15334083547452598
time (transpose_{'n_semitones': 36}),0,1.4169967818904567,3.1950402813069987
time (transpose_{'n_semitones': 36}),1,0.0758145757623621,0.11518561681558719
time (transpose_{'n_semitones': 36}),2,0.17167972229622505,0.37340200737348966
time (transpose_{'n_semitones': 36}),3,0.19380879402160645,0.49997110121894395
time (transpose_{'n_semitones': 36}),4,0.24894784592293404,0.4485566747661013
time (transpose_{'n_semitones': 36}),5,0.34967277501080485,0.24420689980568794
time (transpose_{'n_semitones': 36}),6,0.33799418887576543,0.23172249496576766
time (transpose_{'n_semitones': 36}),7,0.342067712062114,0.23429937419222976
time (transpose_{'n_semitones': 36}),8,0.34036059637327454,0.24343026159415407
time (transpose_{'n_semitones': 36}),9,0.34712095518369934,0.2486465190678267
time (transpose_{'n_semitones': 36}),10,0.01670298705229888,0.008165784841571813
time (transpose_{'n_semitones': 36}),11,0.6206031361141721,0.4302606171393651
time (transpose_{'n_semitones': 36}),12,0.015208199217512802,0.006059462837968235
time (transpose_{'n_semitones': 36}),13,0.4026551826580151,0.2506528211364781
time (transpose_{'n_semitones': 36}),14,0.0077279258418727565,0.0008255501419813529
time (transpose_{'n_semitones': 36}),15,0.008277731972771723,0.0014780743195884085
time (transpose_{'n_semitones': 36}),16,0.00851044139346561,0.0014742187220549618
accuracy (train) (transpose_{'n_semitones': 36}),0,0.9990724444708536,0.0014632752815064635
accuracy (train) (transpose_{'n_semitones': 36}),1,0.9953774313263337,0.004897931177992447
accuracy (train) (transpose_{'n_semitones': 36}),2,0.9963027248523925,0.003913018662194578
accuracy (train) (transpose_{'n_semitones': 36}),3,0.9973759620076945,0.0032585853431671445
accuracy (train) (transpose_{'n_semitones': 36}),4,0.9986628079078411,0.0019441272888767644
accuracy (train) (transpose_{'n_semitones': 36}),5,1.0,0.0
accuracy (train) (transpose_{'n_semitones': 36}),6,0.9986786239490438,0.0027120534368202027
accuracy (train) (transpose_{'n_semitones': 36}),7,0.9996372727373103,0.0009002075384513469
accuracy (train) (transpose_{'n_semitones': 36}),8,0.9999739708138011,7.497160799236424e-05
accuracy (train) (transpose_{'n_semitones': 36}),9,0.9999927889468978,4.3266318613177646e-05
accuracy (train) (transpose_{'n_semitones': 36}),10,1.0,0.0
accuracy (train) (transpose_{'n_semitones': 36}),11,1.0,0.0
accuracy (train) (transpose_{'n_semitones': 36}),12,0.9829330050434122,0.029563106425277253
accuracy (train) (transpose_{'n_semitones': 36}),13,0.9781980102476088,0.08868609313142958
accuracy (train) (transpose_{'n_semitones': 36}),14,0.9917671292106199,0.009562607966988117
accuracy (train) (transpose_{'n_semitones': 36}),15,0.0064505221263994285,0.00830482930457451
accuracy (train) (transpose_{'n_semitones': 36}),16,0.36937863100521634,0.12459080830713264
accuracy (test) (transpose_{'n_semitones': 36}),0,0.9956729275807732,0.0050739576908105126
accuracy (test) (transpose_{'n_semitones': 36}),1,0.9946166156900195,0.00677110854160731
accuracy (test) (transpose_{'n_semitones': 36}),2,0.9951709265030989,0.0055875952170381165
accuracy (test) (transpose_{'n_semitones': 36}),3,0.9954253281335408,0.005334535482338873
accuracy (test) (transpose_{'n_semitones': 36}),4,0.9956977680398332,0.004986884883882041
accuracy (test) (transpose_{'n_semitones': 36}),5,0.9956359800211719,0.0053304826789399564
accuracy (test) (transpose_{'n_semitones': 36}),6,0.9956580681280632,0.005197055340719338
accuracy (test) (transpose_{'n_semitones': 36}),7,0.9958120610668196,0.0049820784622786884
accuracy (test) (transpose_{'n_semitones': 36}),8,0.9956453155289217,0.005137630960349127
accuracy (test) (transpose_{'n_semitones': 36}),9,0.995573326189036,0.0053223798196840935
accuracy (test) (transpose_{'n_semitones': 36}),10,0.9938960927875997,0.007358208283317582
accuracy (test) (transpose_{'n_semitones': 36}),11,0.9929600687465804,0.007707700369320162
accuracy (test) (transpose_{'n_semitones': 36}),12,0.9827010439899195,0.02892371953907644
accuracy (test) (transpose_{'n_semitones': 36}),13,0.9770374083157743,0.09203306647644237
accuracy (test) (transpose_{'n_semitones': 36}),14,0.9917908628167269,0.009488706531768707
accuracy (test) (transpose_{'n_semitones': 36}),15,0.0065138196967958915,0.007914240766171018
accuracy (test) (transpose_{'n_semitones': 36}),16,0.36638497266483916,0.12487963932972701
precision macro (train) (transpose_{'n_semitones': 36}),0,0.8945469274972847,0.19215425298793612
precision macro (train) (transpose_{'n_semitones': 36}),1,0.5602473831842046,0.15732091082095914
precision macro (train) (transpose_{'n_semitones': 36}),2,0.674313801427854,0.20760056771274646
precision macro (train) (transpose_{'n_semitones': 36}),3,0.7850787976314489,0.20679731809158586
precision macro (train) (transpose_{'n_semitones': 36}),4,0.8568421436369693,0.20224011344932774
precision macro (train) (transpose_{'n_semitones': 36}),5,1.0,0.0
precision macro (train) (transpose_{'n_semitones': 36}),6,0.9921211878271852,0.04085500352311153
precision macro (train) (transpose_{'n_semitones': 36}),7,0.9990815281005057,0.003244864501622359
precision macro (train) (transpose_{'n_semitones': 36}),8,0.9999945750393612,1.585608269950727e-05
precision macro (train) (transpose_{'n_semitones': 36}),9,0.9999963915851766,2.1650488940208824e-05
precision macro (train) (transpose_{'n_semitones': 36}),10,1.0,0.0
precision macro (train) (transpose_{'n_semitones': 36}),11,1.0,0.0
precision macro (train) (transpose_{'n_semitones': 36}),12,0.6307485081257933,0.24324401839667983
precision macro (train) (transpose_{'n_semitones': 36}),13,0.6978200370463864,0.29964695325090795
precision macro (train) (transpose_{'n_semitones': 36}),14,0.36713941732070626,0.12519784222038835
precision macro (train) (transpose_{'n_semitones': 36}),15,0.0018171644524533775,0.0020388228351888795
precision macro (train) (transpose_{'n_semitones': 36}),16,0.36940045301964364,0.12427753533460408
precision macro (test) (transpose_{'n_semitones': 36}),0,0.6982317318662099,0.24393775096806078
precision macro (test) (transpose_{'n_semitones': 36}),1,0.5949363475240024,0.21504877621755242
precision macro (test) (transpose_{'n_semitones': 36}),2,0.6549049532461556,0.23237503513741745
precision macro (test) (transpose_{'n_semitones': 36}),3,0.6640489064053824,0.24647425347185098
precision macro (test) (transpose_{'n_semitones': 36}),4,0.7057368371117358,0.23772115943035
precision macro (test) (transpose_{'n_semitones': 36}),5,0.7163752133358195,0.2357129588009456
precision macro (test) (transpose_{'n_semitones': 36}),6,0.7296652174364571,0.23534436773104286
precision macro (test) (transpose_{'n_semitones': 36}),7,0.7319574919938437,0.2370193243546761
precision macro (test) (transpose_{'n_semitones': 36}),8,0.7149146459235998,0.23294400102193072
precision macro (test) (transpose_{'n_semitones': 36}),9,0.715358618401405,0.2434698886157046
precision macro (test) (transpose_{'n_semitones': 36}),10,0.6489517883982217,0.22074538328716165
precision macro (test) (transpose_{'n_semitones': 36}),11,0.6109127693628511,0.24713967007907947
precision macro (test) (transpose_{'n_semitones': 36}),12,0.5562551747980615,0.2802960558104665
precision macro (test) (transpose_{'n_semitones': 36}),13,0.6032898460184395,0.2774500068263952
precision macro (test) (transpose_{'n_semitones': 36}),14,0.4411991391911052,0.22669306956163918
precision macro (test) (transpose_{'n_semitones': 36}),15,0.0020788457370922732,0.002465577037812627
precision macro (test) (transpose_{'n_semitones': 36}),16,0.36692124911233487,0.12653070169036185
recall macro (train) (transpose_{'n_semitones': 36}),0,0.8402541343110767,0.18089985810333883
recall macro (train) (transpose_{'n_semitones': 36}),1,0.48026298836872644,0.1097707607769814
recall macro (train) (transpose_{'n_semitones': 36}),2,0.5672565488700522,0.15610084591482126
recall macro (train) (transpose_{'n_semitones': 36}),3,0.6867178891619636,0.17492938787837078
recall macro (train) (transpose_{'n_semitones': 36}),4,0.8067698829068565,0.1857104131925123
recall macro (train) (transpose_{'n_semitones': 36}),5,1.0,0.0
recall macro (train) (transpose_{'n_semitones': 36}),6,0.931897979488043,0.1387991636279748
recall macro (train) (transpose_{'n_semitones': 36}),7,0.9841238607013675,0.04354572303388103
recall macro (train) (transpose_{'n_semitones': 36}),8,0.9995607422859586,0.0012065692371843648
recall macro (train) (transpose_{'n_semitones': 36}),9,0.9966216216216216,0.020270270270270268
recall macro (train) (transpose_{'n_semitones': 36}),10,1.0,0.0
recall macro (train) (transpose_{'n_semitones': 36}),11,1.0,0.0
recall macro (train) (transpose_{'n_semitones': 36}),12,0.7409012759800521,0.2403005700508805
recall macro (train) (transpose_{'n_semitones': 36}),13,0.6478330673136611,0.3128819463350827
recall macro (train) (transpose_{'n_semitones': 36}),14,0.3693693693693694,0.12396802318935386
recall macro (train) (transpose_{'n_semitones': 36}),15,0.3693693693693694,0.12396802318935386
recall macro (train) (transpose_{'n_semitones': 36}),16,0.38220503191190125,0.19271575044617223
recall macro (test) (transpose_{'n_semitones': 36}),0,0.6477747105462771,0.22293167884070428
recall macro (test) (transpose_{'n_semitones': 36}),1,0.5532786506031726,0.22236441298265047
recall macro (test) (transpose_{'n_semitones': 36}),2,0.588021709583484,0.2266599827644244
recall macro (test) (transpose_{'n_semitones': 36}),3,0.6021724542049557,0.2278856881959045
recall macro (test) (transpose_{'n_semitones': 36}),4,0.6482191355188167,0.22017083779387292
recall macro (test) (transpose_{'n_semitones': 36}),5,0.6683733032469238,0.2254999511247594
recall macro (test) (transpose_{'n_semitones': 36}),6,0.6570049084478475,0.2328998265780286
recall macro (test) (transpose_{'n_semitones': 36}),7,0.6622214544797269,0.2231224640956815
recall macro (test) (transpose_{'n_semitones': 36}),8,0.6656498514997565,0.22747753310631885
recall macro (test) (transpose_{'n_semitones': 36}),9,0.6631745956477791,0.23374462543890764
recall macro (test) (transpose_{'n_semitones': 36}),10,0.6467857013000775,0.2320239633940437
recall macro (test) (transpose_{'n_semitones': 36}),11,0.6037962555440571,0.2463561184915701
recall macro (test) (transpose_{'n_semitones': 36}),12,0.5937460401285488,0.27160306938772544
recall macro (test) (transpose_{'n_semitones': 36}),13,0.559960693876234,0.26137531453002444
recall macro (test) (transpose_{'n_semitones': 36}),14,0.4436936936936937,0.22549083437394282
recall macro (test) (transpose_{'n_semitones': 36}),15,0.33558558558558566,0.16426934239011767
recall macro (test) (transpose_{'n_semitones': 36}),16,0.32466939771634873,0.1958922036878365
f1 macro (train) (transpose_{'n_semitones': 36}),0,0.8603279511284734,0.18241483600078862
f1 macro (train) (transpose_{'n_semitones': 36}),1,0.5023199655484892,0.11813684917928491
f1 macro (train) (transpose_{'n_semitones': 36}),2,0.59914393952362,0.16726433633068916
f1 macro (train) (transpose_{'n_semitones': 36}),3,0.7211645130953901,0.1855719625361664
f1 macro (train) (transpose_{'n_semitones': 36}),4,0.8261803598996091,0.18983260618285397
f1 macro (train) (transpose_{'n_semitones': 36}),5,1.0,0.0
f1 macro (train) (transpose_{'n_semitones': 36}),6,0.9505054649053182,0.10690084899573299
f1 macro (train) (transpose_{'n_semitones': 36}),7,0.990432412345585,0.02697683743578232
f1 macro (train) (transpose_{'n_semitones': 36}),8,0.9997756773441611,0.0006158691115769896
f1 macro (train) (transpose_{'n_semitones': 36}),9,0.9980676936211719,0.01159383827296767
f1 macro (train) (transpose_{'n_semitones': 36}),10,1.0,0.0
f1 macro (train) (transpose_{'n_semitones': 36}),11,1.0,0.0
f1 macro (train) (transpose_{'n_semitones': 36}),12,0.6455141169238375,0.24616283630320376
f1 macro (train) (transpose_{'n_semitones': 36}),13,0.6579536971853123,0.3136474180725641
f1 macro (train) (transpose_{'n_semitones': 36}),14,0.3682445973033685,0.12458804637769971
f1 macro (train) (transpose_{'n_semitones': 36}),15,0.0035801252486775364,0.003970375887668438
f1 macro (train) (transpose_{'n_semitones': 36}),16,0.21433961469501,0.10933190456397317
f1 macro (test) (transpose_{'n_semitones': 36}),0,0.6626025366719209,0.22569263671995451
f1 macro (test) (transpose_{'n_semitones': 36}),1,0.5636399782075844,0.21458058056445278
f1 macro (test) (transpose_{'n_semitones': 36}),2,0.6059812622138165,0.22201020333979432
f1 macro (test) (transpose_{'n_semitones': 36}),3,0.6206609577525857,0.22805274268727482
f1 macro (test) (transpose_{'n_semitones': 36}),4,0.6653591274720997,0.2208018441688212
f1 macro (test) (transpose_{'n_semitones': 36}),5,0.6810690362327907,0.22409992866882145
f1 macro (test) (transpose_{'n_semitones': 36}),6,0.6763253289600641,0.22801373965258634
f1 macro (test) (transpose_{'n_semitones': 36}),7,0.6834206529321998,0.2224565252310965
f1 macro (test) (transpose_{'n_semitones': 36}),8,0.6768694468686994,0.2217252207086484
f1 macro (test) (transpose_{'n_semitones': 36}),9,0.677379689552964,0.23193912486474752
f1 macro (test) (transpose_{'n_semitones': 36}),10,0.639969269556767,0.22026962081665422
f1 macro (test) (transpose_{'n_semitones': 36}),11,0.5996601395168395,0.2409930831664814
f1 macro (test) (transpose_{'n_semitones': 36}),12,0.5550869846234868,0.2733620927811865
f1 macro (test) (transpose_{'n_semitones': 36}),13,0.5670037859335417,0.26260409587392647
f1 macro (test) (transpose_{'n_semitones': 36}),14,0.4424349989751894,0.22609527814367264
f1 macro (test) (transpose_{'n_semitones': 36}),15,0.0040953352108354735,0.004822328862054017
f1 macro (test) (transpose_{'n_semitones': 36}),16,0.21565561710639475,0.1105569807891496
f1 weighted (train) (transpose_{'n_semitones': 36}),0,0.9989102214688235,0.0019423459561186142
f1 weighted (train) (transpose_{'n_semitones': 36}),1,0.9939799142509402,0.006200213312886207
f1 weighted (train) (transpose_{'n_semitones': 36}),2,0.9953533364180013,0.004792881363718747
f1 weighted (train) (transpose_{'n_semitones': 36}),3,0.9968502989380685,0.003919219513468625
f1 weighted (train) (transpose_{'n_semitones': 36}),4,0.9984113429092748,0.002404434597856486
f1 weighted (train) (transpose_{'n_semitones': 36}),5,1.0,0.0
f1 weighted (train) (transpose_{'n_semitones': 36}),6,0.9984980568809158,0.00314274272665791
f1 weighted (train) (transpose_{'n_semitones': 36}),7,0.9996220077887559,0.0009372106875265545
f1 weighted (train) (transpose_{'n_semitones': 36}),8,0.9999738699447418,7.525565787944201e-05
f1 weighted (train) (transpose_{'n_semitones': 36}),9,0.9999922743531192,4.635388128472885e-05
f1 weighted (train) (transpose_{'n_semitones': 36}),10,1.0,0.0
f1 weighted (train) (transpose_{'n_semitones': 36}),11,1.0,0.0
f1 weighted (train) (transpose_{'n_semitones': 36}),12,0.985415050491567,0.01980676052251632
f1 weighted (train) (transpose_{'n_semitones': 36}),13,0.9810441647199379,0.0624443273094047
f1 weighted (train) (transpose_{'n_semitones': 36}),14,0.9876910313359152,0.014267486140006598
f1 weighted (train) (transpose_{'n_semitones': 36}),15,0.00021584664845138878,0.0005085970964822241
f1 weighted (train) (transpose_{'n_semitones': 36}),16,0.5202300473324057,0.1370973382914618
f1 weighted (test) (transpose_{'n_semitones': 36}),0,0.9948242492710316,0.0063684896554640005
f1 weighted (test) (transpose_{'n_semitones': 36}),1,0.9930363281669397,0.008563979461766145
f1 weighted (test) (transpose_{'n_semitones': 36}),2,0.9937283914488493,0.007356904811000075
f1 weighted (test) (transpose_{'n_semitones': 36}),3,0.99421756233131,0.0070015724872614276
f1 weighted (test) (transpose_{'n_semitones': 36}),4,0.994776654810359,0.006424237439980198
f1 weighted (test) (transpose_{'n_semitones': 36}),5,0.9947690533394332,0.006556282961138058
f1 weighted (test) (transpose_{'n_semitones': 36}),6,0.9945304292851408,0.006828658936672341
f1 weighted (test) (transpose_{'n_semitones': 36}),7,0.9948256141467663,0.006434317028194046
f1 weighted (test) (transpose_{'n_semitones': 36}),8,0.9947421147322428,0.006471773735397417
f1 weighted (test) (transpose_{'n_semitones': 36}),9,0.9946692931747221,0.006611521813758258
f1 weighted (test) (transpose_{'n_semitones': 36}),10,0.9938072692644303,0.007753676655296332
f1 weighted (test) (transpose_{'n_semitones': 36}),11,0.9926977483995099,0.008279426917624972
f1 weighted (test) (transpose_{'n_semitones': 36}),12,0.9850019211616983,0.01961714692474405
f1 weighted (test) (transpose_{'n_semitones': 36}),13,0.9795228890607722,0.06571008161688006
f1 weighted (test) (transpose_{'n_semitones': 36}),14,0.9877261369213073,0.014165040698162526
f1 weighted (test) (transpose_{'n_semitones': 36}),15,0.00020588745243117824,0.00038423986389551435
f1 weighted (test) (transpose_{'n_semitones': 36}),16,0.5263682913148025,0.1380724509297946
time (transpose_{'n_semitones': -12}),0,2.025435316796396,4.445517148564674
time (transpose_{'n_semitones': -12}),1,0.10916651931463503,0.22932755125043897
time (transpose_{'n_semitones': -12}),2,0.17720950818529316,0.3022080462036613
time (transpose_{'n_semitones': -12}),3,0.25447891740237966,0.40855730677653496
time (transpose_{'n_semitones': -12}),4,0.3895411678389007,0.798454425927229
time (transpose_{'n_semitones': -12}),5,0.5314593174878288,0.3571179639834164
time (transpose_{'n_semitones': -12}),6,0.48290543462715896,0.3061135100231838
time (transpose_{'n_semitones': -12}),7,0.5123457020404292,0.32300065096518055
time (transpose_{'n_semitones': -12}),8,0.5198632548837101,0.3426695457595684
time (transpose_{'n_semitones': -12}),9,0.5261611050250483,0.3499061632092314
time (transpose_{'n_semitones': -12}),10,0.021607300814460304,0.01126777986693342
time (transpose_{'n_semitones': -12}),11,0.602653330447627,0.41135087087977584
time (transpose_{'n_semitones': -12}),12,0.016619546740662818,0.00912944013927028
time (transpose_{'n_semitones': -12}),13,0.39796794629564475,0.22795667408040937
time (transpose_{'n_semitones': -12}),14,0.008278542873906154,0.0019785203596393774
time (transpose_{'n_semitones': -12}),15,0.008345220603194892,0.0021511739687846737
time (transpose_{'n_semitones': -12}),16,0.008547142440197514,0.0017615890532827793
accuracy (train) (transpose_{'n_semitones': -12}),0,0.9942006633205359,0.007479296427684734
accuracy (train) (transpose_{'n_semitones': -12}),1,0.9712858273006097,0.027533663347069862
accuracy (train) (transpose_{'n_semitones': -12}),2,0.9750000513014532,0.025086970870900057
accuracy (train) (transpose_{'n_semitones': -12}),3,0.9812975405014729,0.02016195671035985
accuracy (train) (transpose_{'n_semitones': -12}),4,0.9905479232596537,0.011753863480728358
accuracy (train) (transpose_{'n_semitones': -12}),5,0.9999979187189719,1.0383693873457229e-05
accuracy (train) (transpose_{'n_semitones': -12}),6,0.9855573399731332,0.018181945727161735
accuracy (train) (transpose_{'n_semitones': -12}),7,0.9944534074135508,0.008404284663190691
accuracy (train) (transpose_{'n_semitones': -12}),8,0.9983299839273527,0.003168062323506896
accuracy (train) (transpose_{'n_semitones': -12}),9,0.9998551625951798,0.00041211208041658606
accuracy (train) (transpose_{'n_semitones': -12}),10,1.0,0.0
accuracy (train) (transpose_{'n_semitones': -12}),11,1.0,0.0
accuracy (train) (transpose_{'n_semitones': -12}),12,0.9361012626838581,0.07883287859877156
accuracy (train) (transpose_{'n_semitones': -12}),13,0.9447191384590378,0.06231909460950094
accuracy (train) (transpose_{'n_semitones': -12}),14,0.9501320084989665,0.06019847807857013
accuracy (train) (transpose_{'n_semitones': -12}),15,0.04321518861954304,0.05042453998233696
accuracy (train) (transpose_{'n_semitones': -12}),16,0.34978785263748263,0.12275692778301506
accuracy (test) (transpose_{'n_semitones': -12}),0,0.9777072766640946,0.019168104842104672
accuracy (test) (transpose_{'n_semitones': -12}),1,0.9669429859184439,0.0308126458868514
accuracy (test) (transpose_{'n_semitones': -12}),2,0.9697378359420865,0.027999593127643645
accuracy (test) (transpose_{'n_semitones': -12}),3,0.9727647594742191,0.02485418608685104
accuracy (test) (transpose_{'n_semitones': -12}),4,0.9768764284324629,0.020328783724781502
accuracy (test) (transpose_{'n_semitones': -12}),5,0.976412777345349,0.01951126558668407
accuracy (test) (transpose_{'n_semitones': -12}),6,0.9737527528727195,0.022920391850922105
accuracy (test) (transpose_{'n_semitones': -12}),7,0.9766361201623038,0.019313966222256066
accuracy (test) (transpose_{'n_semitones': -12}),8,0.9767506193727241,0.01905951510853104
accuracy (test) (transpose_{'n_semitones': -12}),9,0.9765988317360969,0.019294001272326715
accuracy (test) (transpose_{'n_semitones': -12}),10,0.9703488665961811,0.024583335463021123
accuracy (test) (transpose_{'n_semitones': -12}),11,0.9656742687630788,0.029305231341400593
accuracy (test) (transpose_{'n_semitones': -12}),12,0.9368362690868787,0.07181487217735394
accuracy (test) (transpose_{'n_semitones': -12}),13,0.9445869972117753,0.06026618900665554
accuracy (test) (transpose_{'n_semitones': -12}),14,0.9516039914934441,0.05786086190446763
accuracy (test) (transpose_{'n_semitones': -12}),15,0.04188371483978756,0.04775741779288882
accuracy (test) (transpose_{'n_semitones': -12}),16,0.350384482770352,0.12474311580330913
precision macro (train) (transpose_{'n_semitones': -12}),0,0.9649465327596223,0.05787360249055853
precision macro (train) (transpose_{'n_semitones': -12}),1,0.7287731259874028,0.17757542724726663
precision macro (train) (transpose_{'n_semitones': -12}),2,0.7980012517150105,0.1740819276201172
precision macro (train) (transpose_{'n_semitones': -12}),3,0.8937740057498783,0.1339284894652504
precision macro (train) (transpose_{'n_semitones': -12}),4,0.9322606927252126,0.11251207469088108
precision macro (train) (transpose_{'n_semitones': -12}),5,0.9999992373515629,3.8591221536219325e-06
precision macro (train) (transpose_{'n_semitones': -12}),6,0.9315494907278495,0.11055386071840527
precision macro (train) (transpose_{'n_semitones': -12}),7,0.9824244902146272,0.04949411810339496
precision macro (train) (transpose_{'n_semitones': -12}),8,0.9964602486719765,0.020778273003857095
precision macro (train) (transpose_{'n_semitones': -12}),9,0.999902916929623,0.0003844663026091252
precision macro (train) (transpose_{'n_semitones': -12}),10,1.0,0.0
precision macro (train) (transpose_{'n_semitones': -12}),11,1.0,0.0
precision macro (train) (transpose_{'n_semitones': -12}),12,0.4670440291472646,0.13725950289937583
precision macro (train) (transpose_{'n_semitones': -12}),13,0.41833605776355176,0.1662836035703773
precision macro (train) (transpose_{'n_semitones': -12}),14,0.3371608497501087,0.13026921653994145
precision macro (train) (transpose_{'n_semitones': -12}),15,0.012209687727417484,0.010609077327480912
precision macro (train) (transpose_{'n_semitones': -12}),16,0.351108925032459,0.12642115865481826
precision macro (test) (transpose_{'n_semitones': -12}),0,0.7764120131671216,0.16751515203150838
precision macro (test) (transpose_{'n_semitones': -12}),1,0.7279640048889452,0.21999394152751178
precision macro (test) (transpose_{'n_semitones': -12}),2,0.7673723725898506,0.2073941928499193
precision macro (test) (transpose_{'n_semitones': -12}),3,0.790352964800642,0.18205489509205378
precision macro (test) (transpose_{'n_semitones': -12}),4,0.7764342530883411,0.1730816489048743
precision macro (test) (transpose_{'n_semitones': -12}),5,0.7567210472199329,0.16926711822486176
precision macro (test) (transpose_{'n_semitones': -12}),6,0.7631614432318772,0.20381566587281305
precision macro (test) (transpose_{'n_semitones': -12}),7,0.7840462845365073,0.17745524726220208
precision macro (test) (transpose_{'n_semitones': -12}),8,0.7706491676419046,0.1693324049979799
precision macro (test) (transpose_{'n_semitones': -12}),9,0.7575325447245291,0.17839683572016377
precision macro (test) (transpose_{'n_semitones': -12}),10,0.6937616185679749,0.17507865147671783
precision macro (test) (transpose_{'n_semitones': -12}),11,0.6946673908169158,0.15635448190215606
precision macro (test) (transpose_{'n_semitones': -12}),12,0.41159140309480696,0.1334314959398552
precision macro (test) (transpose_{'n_semitones': -12}),13,0.4335153179541833,0.16684863572100553
precision macro (test) (transpose_{'n_semitones': -12}),14,0.37860107253451264,0.1568918058310085
precision macro (test) (transpose_{'n_semitones': -12}),15,0.013183989208873202,0.01098995780149878
precision macro (test) (transpose_{'n_semitones': -12}),16,0.34902880147956233,0.12718743779393818
recall macro (train) (transpose_{'n_semitones': -12}),0,0.91412016902962,0.09449055616893409
recall macro (train) (transpose_{'n_semitones': -12}),1,0.5419579654613399,0.16132510629696764
recall macro (train) (transpose_{'n_semitones': -12}),2,0.6051010763966725,0.17811875863599308
recall macro (train) (transpose_{'n_semitones': -12}),3,0.716459741511467,0.15857290483296027
recall macro (train) (transpose_{'n_semitones': -12}),4,0.8522711580049065,0.14314463326482418
recall macro (train) (transpose_{'n_semitones': -12}),5,0.999947174804923,0.00031262273915018147
recall macro (train) (transpose_{'n_semitones': -12}),6,0.7834308791722688,0.1987795559870297
recall macro (train) (transpose_{'n_semitones': -12}),7,0.9253334602558746,0.10414069208320755
recall macro (train) (transpose_{'n_semitones': -12}),8,0.9748019722894301,0.0527348039934271
recall macro (train) (transpose_{'n_semitones': -12}),9,0.998081636222668,0.006394361885751976
recall macro (train) (transpose_{'n_semitones': -12}),10,1.0,0.0
recall macro (train) (transpose_{'n_semitones': -12}),11,1.0,0.0
recall macro (train) (transpose_{'n_semitones': -12}),12,0.5007337591125778,0.16003297467987485
recall macro (train) (transpose_{'n_semitones': -12}),13,0.3896117295078206,0.15143230422276652
recall macro (train) (transpose_{'n_semitones': -12}),14,0.35070028011204485,0.12606515112594954
recall macro (train) (transpose_{'n_semitones': -12}),15,0.35070028011204485,0.12606515112594954
recall macro (train) (transpose_{'n_semitones': -12}),16,0.3517047840599876,0.14871368289586728
recall macro (test) (transpose_{'n_semitones': -12}),0,0.6987074171345526,0.17833265390113587
recall macro (test) (transpose_{'n_semitones': -12}),1,0.5438324170066968,0.18280239772390394
recall macro (test) (transpose_{'n_semitones': -12}),2,0.5856143208455954,0.18771515395951305
recall macro (test) (transpose_{'n_semitones': -12}),3,0.6373180119818891,0.1803344806954115
recall macro (test) (transpose_{'n_semitones': -12}),4,0.6805492255554424,0.18121034531853558
recall macro (test) (transpose_{'n_semitones': -12}),5,0.6802738092918158,0.18184203865382964
recall macro (test) (transpose_{'n_semitones': -12}),6,0.6143695202105512,0.190972749412725
recall macro (test) (transpose_{'n_semitones': -12}),7,0.6686856546911768,0.18160828900043874
recall macro (test) (transpose_{'n_semitones': -12}),8,0.6831572229874349,0.18193437395505963
recall macro (test) (transpose_{'n_semitones': -12}),9,0.6812213615338495,0.18970950696095973
recall macro (test) (transpose_{'n_semitones': -12}),10,0.682799060958989,0.18203320667223866
recall macro (test) (transpose_{'n_semitones': -12}),11,0.6656323162957798,0.14958508603600568
recall macro (test) (transpose_{'n_semitones': -12}),12,0.41281512102887713,0.13054155534939754
recall macro (test) (transpose_{'n_semitones': -12}),13,0.4117841816727247,0.15294999719384336
recall macro (test) (transpose_{'n_semitones': -12}),14,0.3931372549019607,0.15258043596725962
recall macro (test) (transpose_{'n_semitones': -12}),15,0.37352941176470583,0.1367685126089561
recall macro (test) (transpose_{'n_semitones': -12}),16,0.337528577774967,0.16267631240058825
f1 macro (train) (transpose_{'n_semitones': -12}),0,0.9349188763577535,0.07646502629705317
f1 macro (train) (transpose_{'n_semitones': -12}),1,0.5919102130963939,0.17042174506033336
f1 macro (train) (transpose_{'n_semitones': -12}),2,0.659921589494463,0.18130053881354447
f1 macro (train) (transpose_{'n_semitones': -12}),3,0.7739837502700825,0.14949797433558856
f1 macro (train) (transpose_{'n_semitones': -12}),4,0.8842117175729186,0.12771243342433802
f1 macro (train) (transpose_{'n_semitones': -12}),5,0.999973153420843,0.00015844962753398497
f1 macro (train) (transpose_{'n_semitones': -12}),6,0.8311030644778726,0.17536046481647677
f1 macro (train) (transpose_{'n_semitones': -12}),7,0.9485351657526934,0.0811957767248422
f1 macro (train) (transpose_{'n_semitones': -12}),8,0.9841059744041378,0.036929255429342576
f1 macro (train) (transpose_{'n_semitones': -12}),9,0.9989660816864228,0.0034664792613261722
f1 macro (train) (transpose_{'n_semitones': -12}),10,1.0,0.0
f1 macro (train) (transpose_{'n_semitones': -12}),11,1.0,0.0
f1 macro (train) (transpose_{'n_semitones': -12}),12,0.4633594274607258,0.13525304352497408
f1 macro (train) (transpose_{'n_semitones': -12}),13,0.38767930780188287,0.15701476147720095
f1 macro (train) (transpose_{'n_semitones': -12}),14,0.3435473839900521,0.12843846441986487
f1 macro (train) (transpose_{'n_semitones': -12}),15,0.022679834712099074,0.016945703990635712
f1 macro (train) (transpose_{'n_semitones': -12}),16,0.21606025995429154,0.10967971889454588
f1 macro (test) (transpose_{'n_semitones': -12}),0,0.7251799975368316,0.17429313586044778
f1 macro (test) (transpose_{'n_semitones': -12}),1,0.5877320423132705,0.19343481388818146
f1 macro (test) (transpose_{'n_semitones': -12}),2,0.6332820185488263,0.1936725722881635
f1 macro (test) (transpose_{'n_semitones': -12}),3,0.6807283237327115,0.1832404140172268
f1 macro (test) (transpose_{'n_semitones': -12}),4,0.7120447722793497,0.18016015185175335
f1 macro (test) (transpose_{'n_semitones': -12}),5,0.7030234650400877,0.173940611219685
f1 macro (test) (transpose_{'n_semitones': -12}),6,0.6578735953941891,0.19445290740108917
f1 macro (test) (transpose_{'n_semitones': -12}),7,0.7039317176620519,0.17829573883562314
f1 macro (test) (transpose_{'n_semitones': -12}),8,0.7098242663328188,0.1766635767949371
f1 macro (test) (transpose_{'n_semitones': -12}),9,0.7034857929639969,0.1820263720306938
f1 macro (test) (transpose_{'n_semitones': -12}),10,0.6825740218161257,0.1749786553701664
f1 macro (test) (transpose_{'n_semitones': -12}),11,0.671710149356795,0.14895883353404893
f1 macro (test) (transpose_{'n_semitones': -12}),12,0.3994581670767609,0.1228278473539233
f1 macro (test) (transpose_{'n_semitones': -12}),13,0.406738080190435,0.154053690156582
f1 macro (test) (transpose_{'n_semitones': -12}),14,0.3854911509169082,0.15498860303690853
f1 macro (test) (transpose_{'n_semitones': -12}),15,0.024610630178554072,0.018287068759936808
f1 macro (test) (transpose_{'n_semitones': -12}),16,0.21353905125056016,0.1096752347103324
f1 weighted (train) (transpose_{'n_semitones': -12}),0,0.9939225017805006,0.00795662811510289
f1 weighted (train) (transpose_{'n_semitones': -12}),1,0.9655787501675874,0.03145671041851988
f1 weighted (train) (transpose_{'n_semitones': -12}),2,0.9705075335918454,0.02881994589900325
f1 weighted (train) (transpose_{'n_semitones': -12}),3,0.9790246669723157,0.022634688544555498
f1 weighted (train) (transpose_{'n_semitones': -12}),4,0.9899864911116464,0.012564851578093896
f1 weighted (train) (transpose_{'n_semitones': -12}),5,0.9999979171729637,1.039099888821852e-05
f1 weighted (train) (transpose_{'n_semitones': -12}),6,0.9837271228372435,0.02059976702152791
f1 weighted (train) (transpose_{'n_semitones': -12}),7,0.9941130852903873,0.00910861233197903
f1 weighted (train) (transpose_{'n_semitones': -12}),8,0.9982782302128339,0.003307241520658515
f1 weighted (train) (transpose_{'n_semitones': -12}),9,0.999854097565653,0.00041604975663303464
f1 weighted (train) (transpose_{'n_semitones': -12}),10,1.0,0.0
f1 weighted (train) (transpose_{'n_semitones': -12}),11,1.0,0.0
f1 weighted (train) (transpose_{'n_semitones': -12}),12,0.9233432863658433,0.07793076412092609
f1 weighted (train) (transpose_{'n_semitones': -12}),13,0.9316916389474769,0.06679600964592419
f1 weighted (train) (transpose_{'n_semitones': -12}),14,0.926947826144185,0.08441183423583112
f1 weighted (train) (transpose_{'n_semitones': -12}),15,0.007405625519436905,0.02302180192299309
f1 weighted (train) (transpose_{'n_semitones': -12}),16,0.48653257539241695,0.14295601485062936
f1 weighted (test) (transpose_{'n_semitones': -12}),0,0.9761148396945356,0.020411768536484104
f1 weighted (test) (transpose_{'n_semitones': -12}),1,0.9601212010568269,0.03525697679710719
f1 weighted (test) (transpose_{'n_semitones': -12}),2,0.9642158659452558,0.03231177344731833
f1 weighted (test) (transpose_{'n_semitones': -12}),3,0.9689275942397029,0.028172574841245385
f1 weighted (test) (transpose_{'n_semitones': -12}),4,0.9747301785047255,0.02216230253493774
f1 weighted (test) (transpose_{'n_semitones': -12}),5,0.9748079156679486,0.02065849186357002
f1 weighted (test) (transpose_{'n_semitones': -12}),6,0.9697785035738494,0.0263888951760336
f1 weighted (test) (transpose_{'n_semitones': -12}),7,0.9742056910991156,0.021350817319175933
f1 weighted (test) (transpose_{'n_semitones': -12}),8,0.9749622522548351,0.020432488778187267
f1 weighted (test) (transpose_{'n_semitones': -12}),9,0.9748182805532608,0.020587952961431996
f1 weighted (test) (transpose_{'n_semitones': -12}),10,0.9706265922933687,0.02434934753190153
f1 weighted (test) (transpose_{'n_semitones': -12}),11,0.9656148090415875,0.029047426088666013
f1 weighted (test) (transpose_{'n_semitones': -12}),12,0.9244084981387163,0.07128567617594747
f1 weighted (test) (transpose_{'n_semitones': -12}),13,0.93144650475737,0.06408405847774346
f1 weighted (test) (transpose_{'n_semitones': -12}),14,0.929026591414418,0.08134086013311252
f1 weighted (test) (transpose_{'n_semitones': -12}),15,0.006841612504609303,0.021049226864851302
f1 weighted (test) (transpose_{'n_semitones': -12}),16,0.4854726725833665,0.14371232046150956
time (transpose_{'n_semitones': -24}),0,1.579903707271669,4.148647458508561
time (transpose_{'n_semitones': -24}),1,0.07159861122689597,0.12513434060595663
time (transpose_{'n_semitones': -24}),2,0.08442138462531858,0.11692309268665933
time (transpose_{'n_semitones': -24}),3,0.11743355378872011,0.18657484705112265
time (transpose_{'n_semitones': -24}),4,0.22679601646051173,0.43195325466230766
time (transpose_{'n_semitones': -24}),5,0.36648574689539465,0.23636737686012083
time (transpose_{'n_semitones': -24}),6,0.3640635711390798,0.22705276591638154
time (transpose_{'n_semitones': -24}),7,0.36344455509650997,0.23152645241584544
time (transpose_{'n_semitones': -24}),8,0.3652980327606201,0.23109932790260698
time (transpose_{'n_semitones': -24}),9,0.36686821681697196,0.23783002029266398
time (transpose_{'n_semitones': -24}),10,0.018398976907497498,0.010319183671765568
time (transpose_{'n_semitones': -24}),11,0.6478577009061488,0.42680429238818146
time (transpose_{'n_semitones': -24}),12,0.017042055362608374,0.009296906321496374
time (transpose_{'n_semitones': -24}),13,0.41627423356219034,0.23198348722476544
time (transpose_{'n_semitones': -24}),14,0.008360839471584412,0.0018043736567333213
time (transpose_{'n_semitones': -24}),15,0.008558441952961246,0.002243159758362657
time (transpose_{'n_semitones': -24}),16,0.008560948255585461,0.001496369517903013
accuracy (train) (transpose_{'n_semitones': -24}),0,0.9990141153656611,0.0014490505618006155
accuracy (train) (transpose_{'n_semitones': -24}),1,0.9942908489560891,0.009234630647940893
accuracy (train) (transpose_{'n_semitones': -24}),2,0.9954343896120419,0.0076007090442325315
accuracy (train) (transpose_{'n_semitones': -24}),3,0.9969266876951326,0.004564258129439123
accuracy (train) (transpose_{'n_semitones': -24}),4,0.9985403146346046,0.002225640878180596
accuracy (train) (transpose_{'n_semitones': -24}),5,0.9999980659548091,1.2231975801869671e-05
accuracy (train) (transpose_{'n_semitones': -24}),6,0.9985183990011297,0.0031919032137622022
accuracy (train) (transpose_{'n_semitones': -24}),7,0.9994659717711359,0.001460103167958729
accuracy (train) (transpose_{'n_semitones': -24}),8,0.9998933839683644,0.0003995680398690464
accuracy (train) (transpose_{'n_semitones': -24}),9,0.9999833399973345,0.00010536710849555222
accuracy (train) (transpose_{'n_semitones': -24}),10,1.0,0.0
accuracy (train) (transpose_{'n_semitones': -24}),11,1.0,0.0
accuracy (train) (transpose_{'n_semitones': -24}),12,0.9816951238421858,0.030032235171926838
accuracy (train) (transpose_{'n_semitones': -24}),13,0.9922433985799481,0.014643098054630157
accuracy (train) (transpose_{'n_semitones': -24}),14,0.991864669712562,0.01493477025584286
accuracy (train) (transpose_{'n_semitones': -24}),15,0.007297296297709513,0.014275376502860537
accuracy (train) (transpose_{'n_semitones': -24}),16,0.38878966458714875,0.10855543454713855
accuracy (test) (transpose_{'n_semitones': -24}),0,0.9938983054326196,0.006256062080831113
accuracy (test) (transpose_{'n_semitones': -24}),1,0.9925422108637808,0.010490181762540678
accuracy (test) (transpose_{'n_semitones': -24}),2,0.9929649514317866,0.009381787260081114
accuracy (test) (transpose_{'n_semitones': -24}),3,0.993557680942901,0.007142211672994862
accuracy (test) (transpose_{'n_semitones': -24}),4,0.9940689188173547,0.005972184478073012
accuracy (test) (transpose_{'n_semitones': -24}),5,0.9935475884266021,0.006068820182547149
accuracy (test) (transpose_{'n_semitones': -24}),6,0.9934130937132691,0.006422874983961377
accuracy (test) (transpose_{'n_semitones': -24}),7,0.9936448258329298,0.005838274594994901
accuracy (test) (transpose_{'n_semitones': -24}),8,0.9935864200148389,0.006031812646436032
accuracy (test) (transpose_{'n_semitones': -24}),9,0.9936463900338292,0.005874028340858289
accuracy (test) (transpose_{'n_semitones': -24}),10,0.9916128826573156,0.008414132307468432
accuracy (test) (transpose_{'n_semitones': -24}),11,0.9910681964701985,0.009588257523726924
accuracy (test) (transpose_{'n_semitones': -24}),12,0.9810037235274767,0.02854504595454441
accuracy (test) (transpose_{'n_semitones': -24}),13,0.9903553744629543,0.01521628978888578
accuracy (test) (transpose_{'n_semitones': -24}),14,0.9906773007963157,0.01531410304916912
accuracy (test) (transpose_{'n_semitones': -24}),15,0.008248019327099246,0.01446004317178587
accuracy (test) (transpose_{'n_semitones': -24}),16,0.38729054920184236,0.10951276474414366
precision macro (train) (transpose_{'n_semitones': -24}),0,0.8466150755449574,0.20874916141182828
precision macro (train) (transpose_{'n_semitones': -24}),1,0.5461343286875351,0.1665457641450754
precision macro (train) (transpose_{'n_semitones': -24}),2,0.6568228216644655,0.2169956991022757
precision macro (train) (transpose_{'n_semitones': -24}),3,0.7479992768764124,0.21608660176835226
precision macro (train) (transpose_{'n_semitones': -24}),4,0.8138006641169252,0.20282365909167374
precision macro (train) (transpose_{'n_semitones': -24}),5,0.9999990308255623,6.129597347119097e-06
precision macro (train) (transpose_{'n_semitones': -24}),6,0.9743146904911361,0.0817435525367841
precision macro (train) (transpose_{'n_semitones': -24}),7,0.9993612895947579,0.002653622432568651
precision macro (train) (transpose_{'n_semitones': -24}),8,0.9999712907865802,0.00010797504811792014
precision macro (train) (transpose_{'n_semitones': -24}),9,0.9999942502961098,3.6364320329443485e-05
precision macro (train) (transpose_{'n_semitones': -24}),10,1.0,0.0
precision macro (train) (transpose_{'n_semitones': -24}),11,1.0,0.0
precision macro (train) (transpose_{'n_semitones': -24}),12,0.6019158298168488,0.23398053111370726
precision macro (train) (transpose_{'n_semitones': -24}),13,0.6150774854980631,0.30822750342494265
precision macro (train) (transpose_{'n_semitones': -24}),14,0.3872740864396389,0.10952764882285834
precision macro (train) (transpose_{'n_semitones': -24}),15,0.0023319610349814934,0.003798074418190554
precision macro (train) (transpose_{'n_semitones': -24}),16,0.38979145757560457,0.10802554574006666
precision macro (test) (transpose_{'n_semitones': -24}),0,0.6845039336391838,0.20527175217018254
precision macro (test) (transpose_{'n_semitones': -24}),1,0.6192670729024896,0.23963992871234582
precision macro (test) (transpose_{'n_semitones': -24}),2,0.6806786606026839,0.24653938990073077
precision macro (test) (transpose_{'n_semitones': -24}),3,0.6914320731889892,0.22642693950033857
precision macro (test) (transpose_{'n_semitones': -24}),4,0.6771820416181078,0.21438069005991575
precision macro (test) (transpose_{'n_semitones': -24}),5,0.6681027022297035,0.21781419805061847
precision macro (test) (transpose_{'n_semitones': -24}),6,0.6745439379118271,0.21133923971924812
precision macro (test) (transpose_{'n_semitones': -24}),7,0.6737003253289738,0.21556438369377187
precision macro (test) (transpose_{'n_semitones': -24}),8,0.661290373715448,0.21777527703887986
precision macro (test) (transpose_{'n_semitones': -24}),9,0.6586218744832054,0.21876962084471033
precision macro (test) (transpose_{'n_semitones': -24}),10,0.6211940431122522,0.19914783718440732
precision macro (test) (transpose_{'n_semitones': -24}),11,0.5999968472263782,0.1921009044353738
precision macro (test) (transpose_{'n_semitones': -24}),12,0.49680414600442513,0.21398571371779215
precision macro (test) (transpose_{'n_semitones': -24}),13,0.5259401754912395,0.2367255883100027
precision macro (test) (transpose_{'n_semitones': -24}),14,0.46795310034805715,0.19997251742521474
precision macro (test) (transpose_{'n_semitones': -24}),15,0.003260225587621552,0.005293389452827892
precision macro (test) (transpose_{'n_semitones': -24}),16,0.3848771318061267,0.10845605685112153
recall macro (train) (transpose_{'n_semitones': -24}),0,0.8067619493930062,0.20175884319780144
recall macro (train) (transpose_{'n_semitones': -24}),1,0.4541703391441157,0.12392868908638394
recall macro (train) (transpose_{'n_semitones': -24}),2,0.5387614078562274,0.18119280218411205
recall macro (train) (transpose_{'n_semitones': -24}),3,0.6116167310424475,0.18711015444805842
recall macro (train) (transpose_{'n_semitones': -24}),4,0.7515836082893539,0.1921405587638615
recall macro (train) (transpose_{'n_semitones': -24}),5,0.9995794785534061,0.002659611152370367
recall macro (train) (transpose_{'n_semitones': -24}),6,0.8939927522401505,0.1682547072854624
recall macro (train) (transpose_{'n_semitones': -24}),7,0.9715972437751947,0.06765353345029232
recall macro (train) (transpose_{'n_semitones': -24}),8,0.9954359890996289,0.01730920626933045
recall macro (train) (transpose_{'n_semitones': -24}),9,0.9998373983739837,0.0010283829789165522
recall macro (train) (transpose_{'n_semitones': -24}),10,1.0,0.0
recall macro (train) (transpose_{'n_semitones': -24}),11,1.0,0.0
recall macro (train) (transpose_{'n_semitones': -24}),12,0.7145286744429786,0.2511992226614644
recall macro (train) (transpose_{'n_semitones': -24}),13,0.5648962293876231,0.295700591329775
recall macro (train) (transpose_{'n_semitones': -24}),14,0.3898373983739838,0.10831788812852888
recall macro (train) (transpose_{'n_semitones': -24}),15,0.3898373983739838,0.10831788812852888
recall macro (train) (transpose_{'n_semitones': -24}),16,0.35995224352153765,0.15362203623557483
recall macro (test) (transpose_{'n_semitones': -24}),0,0.6063394764198459,0.18920460154959082
recall macro (test) (transpose_{'n_semitones': -24}),1,0.5260665601300827,0.2104223301756802
recall macro (test) (transpose_{'n_semitones': -24}),2,0.5517129002421742,0.20010956257296558
recall macro (test) (transpose_{'n_semitones': -24}),3,0.5676042335277649,0.19327347271580742
recall macro (test) (transpose_{'n_semitones': -24}),4,0.5936581431929173,0.19539469615177732
recall macro (test) (transpose_{'n_semitones': -24}),5,0.5778748722517112,0.18917657859107065
recall macro (test) (transpose_{'n_semitones': -24}),6,0.561857179607943,0.19174936176505028
recall macro (test) (transpose_{'n_semitones': -24}),7,0.5741881529411831,0.18617026652685123
recall macro (test) (transpose_{'n_semitones': -24}),8,0.5713491073083995,0.19255265334199057
recall macro (test) (transpose_{'n_semitones': -24}),9,0.570730716332277,0.19052394133718506
recall macro (test) (transpose_{'n_semitones': -24}),10,0.6051356437631665,0.19336928807720577
recall macro (test) (transpose_{'n_semitones': -24}),11,0.5774606795695201,0.186511782719707
recall macro (test) (transpose_{'n_semitones': -24}),12,0.5646090926086909,0.26953227480922365
recall macro (test) (transpose_{'n_semitones': -24}),13,0.49913433907829907,0.21873023197588093
recall macro (test) (transpose_{'n_semitones': -24}),14,0.47154471544715454,0.1987509745826363
recall macro (test) (transpose_{'n_semitones': -24}),15,0.3739837398373984,0.15630596690837706
recall macro (test) (transpose_{'n_semitones': -24}),16,0.3464665128764757,0.17554688105845895
f1 macro (train) (transpose_{'n_semitones': -24}),0,0.8227212434139551,0.20368645450516784
f1 macro (train) (transpose_{'n_semitones': -24}),1,0.4752568497270222,0.13485384802117364
f1 macro (train) (transpose_{'n_semitones': -24}),2,0.5711591695842103,0.1923939009579466
f1 macro (train) (transpose_{'n_semitones': -24}),3,0.6488938046310964,0.18900893359429286
f1 macro (train) (transpose_{'n_semitones': -24}),4,0.7734636369137768,0.19413014568604547
f1 macro (train) (transpose_{'n_semitones': -24}),5,0.9997855658856086,0.0013562004190361076
f1 macro (train) (transpose_{'n_semitones': -24}),6,0.919597822729379,0.13898730404494167
f1 macro (train) (transpose_{'n_semitones': -24}),7,0.9827388153858959,0.041873406106877925
f1 macro (train) (transpose_{'n_semitones': -24}),8,0.9975285255828168,0.00955252337275814
f1 macro (train) (transpose_{'n_semitones': -24}),9,0.9999150020977867,0.0005375739346614028
f1 macro (train) (transpose_{'n_semitones': -24}),10,1.0,0.0
f1 macro (train) (transpose_{'n_semitones': -24}),11,1.0,0.0
f1 macro (train) (transpose_{'n_semitones': -24}),12,0.609460485258151,0.22817148240213544
f1 macro (train) (transpose_{'n_semitones': -24}),13,0.5709688859451852,0.2967477560161557
f1 macro (train) (transpose_{'n_semitones': -24}),14,0.38853545197754114,0.10892814300112481
f1 macro (train) (transpose_{'n_semitones': -24}),15,0.004532295789291372,0.007107755273399799
f1 macro (train) (transpose_{'n_semitones': -24}),16,0.23051650974972365,0.09955352978073492
f1 macro (test) (transpose_{'n_semitones': -24}),0,0.6224482652932198,0.18546470079217775
f1 macro (test) (transpose_{'n_semitones': -24}),1,0.5426378263693122,0.21241371233395032
f1 macro (test) (transpose_{'n_semitones': -24}),2,0.5746079359834161,0.20091331017732342
f1 macro (test) (transpose_{'n_semitones': -24}),3,0.5920823686317389,0.19158279736497386
f1 macro (test) (transpose_{'n_semitones': -24}),4,0.6109545743172797,0.19268450129945522
f1 macro (test) (transpose_{'n_semitones': -24}),5,0.6012403926689458,0.19122680868165823
f1 macro (test) (transpose_{'n_semitones': -24}),6,0.5887050127520712,0.192575046631211
f1 macro (test) (transpose_{'n_semitones': -24}),7,0.599975208828184,0.1878354941468062
f1 macro (test) (transpose_{'n_semitones': -24}),8,0.5939277543647867,0.19334628430527692
f1 macro (test) (transpose_{'n_semitones': -24}),9,0.5939458769107404,0.19219659430557914
f1 macro (test) (transpose_{'n_semitones': -24}),10,0.5972625907061688,0.18583404923382374
f1 macro (test) (transpose_{'n_semitones': -24}),11,0.5800974686483316,0.1826522465633145
f1 macro (test) (transpose_{'n_semitones': -24}),12,0.5029272686131596,0.2167176023953876
f1 macro (test) (transpose_{'n_semitones': -24}),13,0.5023509150077538,0.21999988235817822
f1 macro (test) (transpose_{'n_semitones': -24}),14,0.46971893138756227,0.19935987407336894
f1 macro (test) (transpose_{'n_semitones': -24}),15,0.006329174388184448,0.009910579562890749
f1 macro (test) (transpose_{'n_semitones': -24}),16,0.22913401897412014,0.09916176330854934
f1 weighted (train) (transpose_{'n_semitones': -24}),0,0.9988912114595213,0.0015648685537489606
f1 weighted (train) (transpose_{'n_semitones': -24}),1,0.9924541383628137,0.011295578728268809
f1 weighted (train) (transpose_{'n_semitones': -24}),2,0.9943085759883848,0.008964851074010282
f1 weighted (train) (transpose_{'n_semitones': -24}),3,0.9963510927665663,0.005215215656204613
f1 weighted (train) (transpose_{'n_semitones': -24}),4,0.9983339483445398,0.0024737184721719944
f1 weighted (train) (transpose_{'n_semitones': -24}),5,0.9999980490279277,1.2339030799757052e-05
f1 weighted (train) (transpose_{'n_semitones': -24}),6,0.998312367485346,0.003656782709852598
f1 weighted (train) (transpose_{'n_semitones': -24}),7,0.9994236388010225,0.00158271375629212
f1 weighted (train) (transpose_{'n_semitones': -24}),8,0.9998909803277093,0.00040802419009172366
f1 weighted (train) (transpose_{'n_semitones': -24}),9,0.9999832588024937,0.00010588062975693732
f1 weighted (train) (transpose_{'n_semitones': -24}),10,1.0,0.0
f1 weighted (train) (transpose_{'n_semitones': -24}),11,1.0,0.0
f1 weighted (train) (transpose_{'n_semitones': -24}),12,0.9838372257143801,0.02513927922548585
f1 weighted (train) (transpose_{'n_semitones': -24}),13,0.9894727946950248,0.02051026200060365
f1 weighted (train) (transpose_{'n_semitones': -24}),14,0.9878719054149232,0.02209598927019031
f1 weighted (train) (transpose_{'n_semitones': -24}),15,0.0004815096294990783,0.002149711374587705
f1 weighted (train) (transpose_{'n_semitones': -24}),16,0.5445627149348242,0.11596537706477653
f1 weighted (test) (transpose_{'n_semitones': -24}),0,0.9926036765836534,0.007255931552186615
f1 weighted (test) (transpose_{'n_semitones': -24}),1,0.9898393423780651,0.01304722139294915
f1 weighted (test) (transpose_{'n_semitones': -24}),2,0.9907471474608924,0.011553235470169107
f1 weighted (test) (transpose_{'n_semitones': -24}),3,0.991836892647581,0.0084961076898258
f1 weighted (test) (transpose_{'n_semitones': -24}),4,0.9926967188319314,0.00697583322616371
f1 weighted (test) (transpose_{'n_semitones': -24}),5,0.9922300762326733,0.007071704595903246
f1 weighted (test) (transpose_{'n_semitones': -24}),6,0.9918117968593125,0.007815685635505722
f1 weighted (test) (transpose_{'n_semitones': -24}),7,0.9922725266859009,0.006972283558854063
f1 weighted (test) (transpose_{'n_semitones': -24}),8,0.9922798924380482,0.007000285771992678
f1 weighted (test) (transpose_{'n_semitones': -24}),9,0.992393243106092,0.006829087677797852
f1 weighted (test) (transpose_{'n_semitones': -24}),10,0.9912525430405106,0.008650964877085648
f1 weighted (test) (transpose_{'n_semitones': -24}),11,0.9904381498344189,0.010669798063337847
f1 weighted (test) (transpose_{'n_semitones': -24}),12,0.9823038202205664,0.0249961972947973
f1 weighted (test) (transpose_{'n_semitones': -24}),13,0.9867270510274333,0.021456255402376532
f1 weighted (test) (transpose_{'n_semitones': -24}),14,0.9860991451999009,0.02265184500763911
f1 weighted (test) (transpose_{'n_semitones': -24}),15,0.000520134548642279,0.0021878483959330963
f1 weighted (test) (transpose_{'n_semitones': -24}),16,0.5459530768468358,0.11651181819540452
time (transpose_{'n_semitones': -36}),0,0.5721859198350173,1.5730306447996616
time (transpose_{'n_semitones': -36}),1,0.06531885037055382,0.10665658996332514
time (transpose_{'n_semitones': -36}),2,0.05686478431408222,0.07145152658349949
time (transpose_{'n_semitones': -36}),3,0.07225660177377555,0.06669957706152548
time (transpose_{'n_semitones': -36}),4,0.1862867703804603,0.2816596280501743
time (transpose_{'n_semitones': -36}),5,0.2970364277179425,0.14962734198019503
time (transpose_{'n_semitones': -36}),6,0.29224491119384766,0.14079494752891641
time (transpose_{'n_semitones': -36}),7,0.29335193450634295,0.13551001824947118
time (transpose_{'n_semitones': -36}),8,0.29814218557797945,0.15022647559307498
time (transpose_{'n_semitones': -36}),9,0.29356319170731765,0.14302587321070243
time (transpose_{'n_semitones': -36}),10,0.01639266197498028,0.007089813724539689
time (transpose_{'n_semitones': -36}),11,0.6502500038880569,0.3844520913607287
time (transpose_{'n_semitones': -36}),12,0.014608346498929538,0.0040422201163768075
time (transpose_{'n_semitones': -36}),13,0.4191652536392212,0.20413674408495822
time (transpose_{'n_semitones': -36}),14,0.007914423942565918,0.0008957351412866113
time (transpose_{'n_semitones': -36}),15,0.008251208525437575,0.001401125986231277
time (transpose_{'n_semitones': -36}),16,0.008571753135094276,0.00152582135979002
accuracy (train) (transpose_{'n_semitones': -36}),0,0.9995624973805691,0.00041827805405184217
accuracy (train) (transpose_{'n_semitones': -36}),1,0.9985367975375166,0.0014517536209135578
accuracy (train) (transpose_{'n_semitones': -36}),2,0.9987128413516424,0.001376730754502027
accuracy (train) (transpose_{'n_semitones': -36}),3,0.9990989062422249,0.0006739869964686115
accuracy (train) (transpose_{'n_semitones': -36}),4,0.9995018106915473,0.0004447807709104077
accuracy (train) (transpose_{'n_semitones': -36}),5,1.0,0.0
accuracy (train) (transpose_{'n_semitones': -36}),6,0.9998903469279744,0.000299573027737613
accuracy (train) (transpose_{'n_semitones': -36}),7,0.9999610661094469,0.0001151487248285428
accuracy (train) (transpose_{'n_semitones': -36}),8,1.0,0.0
accuracy (train) (transpose_{'n_semitones': -36}),9,1.0,0.0
accuracy (train) (transpose_{'n_semitones': -36}),10,1.0,0.0
accuracy (train) (transpose_{'n_semitones': -36}),11,1.0,0.0
accuracy (train) (transpose_{'n_semitones': -36}),12,0.989998431541522,0.01925926722685378
accuracy (train) (transpose_{'n_semitones': -36}),13,0.9988937293839478,0.0017987509705253792
accuracy (train) (transpose_{'n_semitones': -36}),14,0.9976993849933001,0.003638380557935548
accuracy (train) (transpose_{'n_semitones': -36}),15,0.0022069887808210888,0.003635484507418718
accuracy (train) (transpose_{'n_semitones': -36}),16,0.442333381532305,0.08041706996697652
accuracy (test) (transpose_{'n_semitones': -36}),0,0.9981778188053804,0.002486714364433775
accuracy (test) (transpose_{'n_semitones': -36}),1,0.998206838496819,0.002125254878081365
accuracy (test) (transpose_{'n_semitones': -36}),2,0.9983271615122985,0.0019835958598408815
accuracy (test) (transpose_{'n_semitones': -36}),3,0.9983002840412234,0.0022173020990755177
accuracy (test) (transpose_{'n_semitones': -36}),4,0.9981565458305676,0.0025621561957262125
accuracy (test) (transpose_{'n_semitones': -36}),5,0.9983320211261582,0.002210631923135347
accuracy (test) (transpose_{'n_semitones': -36}),6,0.9984349001219108,0.002198717178965539
accuracy (test) (transpose_{'n_semitones': -36}),7,0.9983111808686526,0.0023034214880976165
accuracy (test) (transpose_{'n_semitones': -36}),8,0.9984018794914822,0.002197325693189867
accuracy (test) (transpose_{'n_semitones': -36}),9,0.9983970314123458,0.0022720829462364728
accuracy (test) (transpose_{'n_semitones': -36}),10,0.9978870582292181,0.002338410732380412
accuracy (test) (transpose_{'n_semitones': -36}),11,0.9978067218322675,0.0027728042534980175
accuracy (test) (transpose_{'n_semitones': -36}),12,0.990721406348338,0.0171100392324618
accuracy (test) (transpose_{'n_semitones': -36}),13,0.9980618555163695,0.0031223554388406178
accuracy (test) (transpose_{'n_semitones': -36}),14,0.9974092332652906,0.004467050555680723
accuracy (test) (transpose_{'n_semitones': -36}),15,0.0024376016107240236,0.004323873308642459
accuracy (test) (transpose_{'n_semitones': -36}),16,0.4469534446920923,0.08445070033399077
precision macro (train) (transpose_{'n_semitones': -36}),0,0.8120030325987213,0.2357506806064171
precision macro (train) (transpose_{'n_semitones': -36}),1,0.50527245334129,0.1681444466727443
precision macro (train) (transpose_{'n_semitones': -36}),2,0.5525191600442075,0.2021538174198909
precision macro (train) (transpose_{'n_semitones': -36}),3,0.6353239470034241,0.24908434168123095
precision macro (train) (transpose_{'n_semitones': -36}),4,0.7863369773455336,0.23200736346764178
precision macro (train) (transpose_{'n_semitones': -36}),5,1.0,0.0
precision macro (train) (transpose_{'n_semitones': -36}),6,0.9999529874046996,0.00014382259084555948
precision macro (train) (transpose_{'n_semitones': -36}),7,0.9999833192390336,5.3326654563303384e-05
precision macro (train) (transpose_{'n_semitones': -36}),8,1.0,0.0
precision macro (train) (transpose_{'n_semitones': -36}),9,1.0,0.0
precision macro (train) (transpose_{'n_semitones': -36}),10,1.0,0.0
precision macro (train) (transpose_{'n_semitones': -36}),11,1.0,0.0
precision macro (train) (transpose_{'n_semitones': -36}),12,0.6411680180076178,0.20118552024794495
precision macro (train) (transpose_{'n_semitones': -36}),13,0.7530596206244712,0.2913506739808819
precision macro (train) (transpose_{'n_semitones': -36}),14,0.4413406472629285,0.07936873439713185
precision macro (train) (transpose_{'n_semitones': -36}),15,0.0009358363028041936,0.0013531641253543786
precision macro (train) (transpose_{'n_semitones': -36}),16,0.442359436379221,0.07943257517919178
precision macro (test) (transpose_{'n_semitones': -36}),0,0.7130144544153716,0.24550909654042358
precision macro (test) (transpose_{'n_semitones': -36}),1,0.6661996871276282,0.24911042996312588
precision macro (test) (transpose_{'n_semitones': -36}),2,0.7191707751057095,0.24279678581877553
precision macro (test) (transpose_{'n_semitones': -36}),3,0.7173687691724273,0.24123921298286594
precision macro (test) (transpose_{'n_semitones': -36}),4,0.7126783760374003,0.24565544126561886
precision macro (test) (transpose_{'n_semitones': -36}),5,0.6917215809231225,0.24278656818341748
precision macro (test) (transpose_{'n_semitones': -36}),6,0.7147757951253649,0.2437954408404451
precision macro (test) (transpose_{'n_semitones': -36}),7,0.7060510442303604,0.2534736865546302
precision macro (test) (transpose_{'n_semitones': -36}),8,0.7135226290430429,0.2441387619624583
precision macro (test) (transpose_{'n_semitones': -36}),9,0.715368287370151,0.24128599499800105
precision macro (test) (transpose_{'n_semitones': -36}),10,0.6573737779566403,0.23365826662551978
precision macro (test) (transpose_{'n_semitones': -36}),11,0.6590681096721323,0.2519497556081759
precision macro (test) (transpose_{'n_semitones': -36}),12,0.5986020260195061,0.23389817431429774
precision macro (test) (transpose_{'n_semitones': -36}),13,0.6457665673110422,0.24558338730818396
precision macro (test) (transpose_{'n_semitones': -36}),14,0.6239358541727424,0.25946976369181296
precision macro (test) (transpose_{'n_semitones': -36}),15,0.0010172025604063952,0.0015285539422000762
precision macro (test) (transpose_{'n_semitones': -36}),16,0.4328561114299051,0.08701014922927923
recall macro (train) (transpose_{'n_semitones': -36}),0,0.7360118406782313,0.19944777217471812
recall macro (train) (transpose_{'n_semitones': -36}),1,0.47945679480785114,0.12565796161920303
recall macro (train) (transpose_{'n_semitones': -36}),2,0.5050526942817859,0.15013885844098215
recall macro (train) (transpose_{'n_semitones': -36}),3,0.5543004715783068,0.17728609379309643
recall macro (train) (transpose_{'n_semitones': -36}),4,0.6934822548794147,0.20120421109737413
recall macro (train) (transpose_{'n_semitones': -36}),5,1.0,0.0
recall macro (train) (transpose_{'n_semitones': -36}),6,0.9747111265020834,0.06135576694953112
recall macro (train) (transpose_{'n_semitones': -36}),7,0.9906859522244136,0.02317988104345395
recall macro (train) (transpose_{'n_semitones': -36}),8,1.0,0.0
recall macro (train) (transpose_{'n_semitones': -36}),9,1.0,0.0
recall macro (train) (transpose_{'n_semitones': -36}),10,1.0,0.0
recall macro (train) (transpose_{'n_semitones': -36}),11,1.0,0.0
recall macro (train) (transpose_{'n_semitones': -36}),12,0.7559761611011468,0.2050673852447602
recall macro (train) (transpose_{'n_semitones': -36}),13,0.7167702896247546,0.2825068360940582
recall macro (train) (transpose_{'n_semitones': -36}),14,0.4423076923076923,0.07929049280033965
recall macro (train) (transpose_{'n_semitones': -36}),15,0.4423076923076923,0.07929049280033965
recall macro (train) (transpose_{'n_semitones': -36}),16,0.47568208284139935,0.1500776097862583
recall macro (test) (transpose_{'n_semitones': -36}),0,0.680118406721052,0.22914569599891751
recall macro (test) (transpose_{'n_semitones': -36}),1,0.6548017311269015,0.2442500949675125
recall macro (test) (transpose_{'n_semitones': -36}),2,0.6757712020127605,0.22938583612779015
recall macro (test) (transpose_{'n_semitones': -36}),3,0.6756894953166854,0.22944255358126303
recall macro (test) (transpose_{'n_semitones': -36}),4,0.6801111511959698,0.2291498427127798
recall macro (test) (transpose_{'n_semitones': -36}),5,0.6692398355007376,0.23327287627196142
recall macro (test) (transpose_{'n_semitones': -36}),6,0.6920281279468488,0.23460346939493554
recall macro (test) (transpose_{'n_semitones': -36}),7,0.6828769846857798,0.24334356417766795
recall macro (test) (transpose_{'n_semitones': -36}),8,0.6916983427749648,0.23478662182545923
recall macro (test) (transpose_{'n_semitones': -36}),9,0.6916931359013763,0.23478348086081666
recall macro (test) (transpose_{'n_semitones': -36}),10,0.6501454687954754,0.23037373117800858
recall macro (test) (transpose_{'n_semitones': -36}),11,0.642558441635265,0.23912238765705401
recall macro (test) (transpose_{'n_semitones': -36}),12,0.6571030649781077,0.25241018482455413
recall macro (test) (transpose_{'n_semitones': -36}),13,0.636113508366352,0.23618841840729873
recall macro (test) (transpose_{'n_semitones': -36}),14,0.625,0.2586639736841048
recall macro (test) (transpose_{'n_semitones': -36}),15,0.3173076923076923,0.2217105590451444
recall macro (test) (transpose_{'n_semitones': -36}),16,0.37400858967817663,0.2096414250085429
f1 macro (train) (transpose_{'n_semitones': -36}),0,0.7623773948302125,0.20677333632321904
f1 macro (train) (transpose_{'n_semitones': -36}),1,0.48698798238443186,0.14045152486836504
f1 macro (train) (transpose_{'n_semitones': -36}),2,0.517496290757104,0.16298211971278184
f1 macro (train) (transpose_{'n_semitones': -36}),3,0.5775816523046176,0.19513266014238065
f1 macro (train) (transpose_{'n_semitones': -36}),4,0.7208548544165325,0.2063694650423245
f1 macro (train) (transpose_{'n_semitones': -36}),5,1.0,0.0
f1 macro (train) (transpose_{'n_semitones': -36}),6,0.9845781258931061,0.03927049287989363
f1 macro (train) (transpose_{'n_semitones': -36}),7,0.9949291014494299,0.01269370639673025
f1 macro (train) (transpose_{'n_semitones': -36}),8,1.0,0.0
f1 macro (train) (transpose_{'n_semitones': -36}),9,1.0,0.0
f1 macro (train) (transpose_{'n_semitones': -36}),10,1.0,0.0
f1 macro (train) (transpose_{'n_semitones': -36}),11,1.0,0.0
f1 macro (train) (transpose_{'n_semitones': -36}),12,0.6549759815623515,0.2000594195187403
f1 macro (train) (transpose_{'n_semitones': -36}),13,0.7279435857240071,0.2835827039760945
f1 macro (train) (transpose_{'n_semitones': -36}),14,0.441822404944167,0.07932789792843391
f1 macro (train) (transpose_{'n_semitones': -36}),15,0.0018581166110893217,0.0026694546711287367
f1 macro (train) (transpose_{'n_semitones': -36}),16,0.27649963578641173,0.07898626833616772
f1 macro (test) (transpose_{'n_semitones': -36}),0,0.6899097098931242,0.2304662841950554
f1 macro (test) (transpose_{'n_semitones': -36}),1,0.6588473751172178,0.2450715730684746
f1 macro (test) (transpose_{'n_semitones': -36}),2,0.6870571204730306,0.22830418870845243
f1 macro (test) (transpose_{'n_semitones': -36}),3,0.6865625228469321,0.22806995359712043
f1 macro (test) (transpose_{'n_semitones': -36}),4,0.6897756608650296,0.2305336364495
f1 macro (test) (transpose_{'n_semitones': -36}),5,0.6765466212440252,0.23422578979319933
f1 macro (test) (transpose_{'n_semitones': -36}),6,0.6994041845404518,0.23561492571880127
f1 macro (test) (transpose_{'n_semitones': -36}),7,0.6903128761144507,0.2444749330034985
f1 macro (test) (transpose_{'n_semitones': -36}),8,0.6987832469578554,0.23584010883729833
f1 macro (test) (transpose_{'n_semitones': -36}),9,0.6994920017373493,0.2346253788989041
f1 macro (test) (transpose_{'n_semitones': -36}),10,0.6526570774732225,0.23170674088349213
f1 macro (test) (transpose_{'n_semitones': -36}),11,0.6474484369388847,0.24153800319917482
f1 macro (test) (transpose_{'n_semitones': -36}),12,0.6065837372128907,0.2340922069269456
f1 macro (test) (transpose_{'n_semitones': -36}),13,0.6393242996017588,0.23830834095851122
f1 macro (test) (transpose_{'n_semitones': -36}),14,0.6244655002681623,0.2590683899369307
f1 macro (test) (transpose_{'n_semitones': -36}),15,0.0020167609391001195,0.003002601871842293
f1 macro (test) (transpose_{'n_semitones': -36}),16,0.2702868796070447,0.0823873256859799
f1 weighted (train) (transpose_{'n_semitones': -36}),0,0.9994689594409111,0.00046943441306394315
f1 weighted (train) (transpose_{'n_semitones': -36}),1,0.9979311150573353,0.002100744619882937
f1 weighted (train) (transpose_{'n_semitones': -36}),2,0.9981993465249634,0.002033717079413116
f1 weighted (train) (transpose_{'n_semitones': -36}),3,0.9988396732476864,0.0008581835305395066
f1 weighted (train) (transpose_{'n_semitones': -36}),4,0.9993831493342084,0.0005175525431267942
f1 weighted (train) (transpose_{'n_semitones': -36}),5,1.0,0.0
f1 weighted (train) (transpose_{'n_semitones': -36}),6,0.9998778523456604,0.00034685147731481036
f1 weighted (train) (transpose_{'n_semitones': -36}),7,0.9999592381006904,0.00012083308003791725
f1 weighted (train) (transpose_{'n_semitones': -36}),8,1.0,0.0
f1 weighted (train) (transpose_{'n_semitones': -36}),9,1.0,0.0
f1 weighted (train) (transpose_{'n_semitones': -36}),10,1.0,0.0
f1 weighted (train) (transpose_{'n_semitones': -36}),11,1.0,0.0
f1 weighted (train) (transpose_{'n_semitones': -36}),12,0.9931246014126921,0.01153212157541648
f1 weighted (train) (transpose_{'n_semitones': -36}),13,0.9985353053246689,0.002141716373997043
f1 weighted (train) (transpose_{'n_semitones': -36}),14,0.9965537430247728,0.0054424529464157986
f1 weighted (train) (transpose_{'n_semitones': -36}),15,3.567390709772415e-05,0.00012356581257194627
f1 weighted (train) (transpose_{'n_semitones': -36}),16,0.6052328483471315,0.07940818202595296
f1 weighted (test) (transpose_{'n_semitones': -36}),0,0.9977970310674635,0.002843916194837127
f1 weighted (test) (transpose_{'n_semitones': -36}),1,0.9974726952982268,0.0027979005261395185
f1 weighted (test) (transpose_{'n_semitones': -36}),2,0.9977499368018244,0.0025440879436623414
f1 weighted (test) (transpose_{'n_semitones': -36}),3,0.9978676817318368,0.00263083639295351
f1 weighted (test) (transpose_{'n_semitones': -36}),4,0.9977777120430121,0.0029075746899569744
f1 weighted (test) (transpose_{'n_semitones': -36}),5,0.9979680715056455,0.0026091390382884227
f1 weighted (test) (transpose_{'n_semitones': -36}),6,0.9980483921688647,0.002581498092202101
f1 weighted (test) (transpose_{'n_semitones': -36}),7,0.9979044938965624,0.0027152730331230462
f1 weighted (test) (transpose_{'n_semitones': -36}),8,0.9980245158473954,0.002594062404902197
f1 weighted (test) (transpose_{'n_semitones': -36}),9,0.9980206475857726,0.002650824821036489
f1 weighted (test) (transpose_{'n_semitones': -36}),10,0.9978233592156562,0.002490494933159637
f1 weighted (test) (transpose_{'n_semitones': -36}),11,0.9976636129001867,0.0030238361936617453
f1 weighted (test) (transpose_{'n_semitones': -36}),12,0.9933312735797267,0.010508224184190647
f1 weighted (test) (transpose_{'n_semitones': -36}),13,0.9974317073110956,0.0035695377007911263
f1 weighted (test) (transpose_{'n_semitones': -36}),14,0.9961205773796679,0.006677248643849268
f1 weighted (test) (transpose_{'n_semitones': -36}),15,4.841099028128908e-05,0.00018272345566904322
f1 weighted (test) (transpose_{'n_semitones': -36}),16,0.6032399068476038,0.0827257076890089
