piece,file_path,model_name,time,accuracy (train),accuracy (test),precision (train),precision (test),recall (train),recall (test),f1 (train),f1 (test)
swan_lake_26_orch.mid,/home/francesco/AutomaticMusicOrchestration/LOP_database_06_09_17/hand_picked_Spotify/58/swan_lake_26_orch.mid,XGBoost,0.6972315311431885,0.9806134259259259,0.8888888888888888,0.9806134259259259,0.8940896932340363,0.9806134259259259,0.8888888888888888,0.9806134259259259,0.8879878725799588
swan_lake_26_orch.mid,/home/francesco/AutomaticMusicOrchestration/LOP_database_06_09_17/hand_picked_Spotify/58/swan_lake_26_orch.mid,XGBoost5,0.050351619720458984,0.8674768518518519,0.8414351851851852,0.8674768518518519,0.8595370597729387,0.8674768518518519,0.8414351851851852,0.8674768518518519,0.8387415899151691
swan_lake_26_orch.mid,/home/francesco/AutomaticMusicOrchestration/LOP_database_06_09_17/hand_picked_Spotify/58/swan_lake_26_orch.mid,XGBoost10,0.08740115165710449,0.9004629629629629,0.8599537037037037,0.9004629629629629,0.8879722306710724,0.9004629629629629,0.8599537037037037,0.9004629629629629,0.8610121810923447
swan_lake_26_orch.mid,/home/francesco/AutomaticMusicOrchestration/LOP_database_06_09_17/hand_picked_Spotify/58/swan_lake_26_orch.mid,XGBoost20,0.2980501651763916,0.9314236111111112,0.8831018518518519,0.9314236111111112,0.8987138031727571,0.9314236111111112,0.8831018518518519,0.9314236111111112,0.8824735315994884
swan_lake_26_orch.mid,/home/francesco/AutomaticMusicOrchestration/LOP_database_06_09_17/hand_picked_Spotify/58/swan_lake_26_orch.mid,XGBoost50,0.36123108863830566,0.9736689814814815,0.8912037037037037,0.9736689814814815,0.9025531021286805,0.9736689814814815,0.8912037037037037,0.9736689814814815,0.8906172366400926
swan_lake_26_orch.mid,/home/francesco/AutomaticMusicOrchestration/LOP_database_06_09_17/hand_picked_Spotify/58/swan_lake_26_orch.mid,RandomForest,0.3986780643463135,1.0,0.8807870370370371,1.0,0.8869809653580899,1.0,0.8807870370370371,1.0,0.8806087373470391
swan_lake_26_orch.mid,/home/francesco/AutomaticMusicOrchestration/LOP_database_06_09_17/hand_picked_Spotify/58/swan_lake_26_orch.mid,RandomForest10,0.32003045082092285,0.8938078703703703,0.8483796296296297,0.8938078703703703,0.8883543499621759,0.8938078703703703,0.8483796296296297,0.8938078703703703,0.8444677475953583
swan_lake_26_orch.mid,/home/francesco/AutomaticMusicOrchestration/LOP_database_06_09_17/hand_picked_Spotify/58/swan_lake_26_orch.mid,RandomForest13,0.34099507331848145,0.9505208333333334,0.8715277777777778,0.9505208333333334,0.8909988145274494,0.9505208333333334,0.8715277777777778,0.9505208333333334,0.8732687819748008
swan_lake_26_orch.mid,/home/francesco/AutomaticMusicOrchestration/LOP_database_06_09_17/hand_picked_Spotify/58/swan_lake_26_orch.mid,RandomForest16,0.3599233627319336,0.9898726851851852,0.8761574074074074,0.9898726851851852,0.8878183444390957,0.9898726851851852,0.8761574074074074,0.9898726851851852,0.8767892076805781
swan_lake_26_orch.mid,/home/francesco/AutomaticMusicOrchestration/LOP_database_06_09_17/hand_picked_Spotify/58/swan_lake_26_orch.mid,RandomForest20,0.36894655227661133,0.9994212962962963,0.8807870370370371,0.9994212962962963,0.8894224108214663,0.9994212962962963,0.8807870370370371,0.9994212962962963,0.8809768484765432
swan_lake_26_orch.mid,/home/francesco/AutomaticMusicOrchestration/LOP_database_06_09_17/hand_picked_Spotify/58/swan_lake_26_orch.mid,DecisionTree,0.011990070343017578,1.0,0.8599537037037037,1.0,0.8602125135108272,1.0,0.8599537037037037,1.0,0.8587000480090055
swan_lake_26_orch.mid,/home/francesco/AutomaticMusicOrchestration/LOP_database_06_09_17/hand_picked_Spotify/58/swan_lake_26_orch.mid,NearestNeighbors,0.289567232131958,1.0,0.8981481481481481,1.0,0.8999423707638505,1.0,0.8981481481481481,1.0,0.8969824755931386
swan_lake_26_orch.mid,/home/francesco/AutomaticMusicOrchestration/LOP_database_06_09_17/hand_picked_Spotify/58/swan_lake_26_orch.mid,NaiveBayes,0.01517486572265625,0.6704282407407407,0.6898148148148148,0.6704282407407407,0.6854077709861021,0.6704282407407407,0.6898148148148148,0.6704282407407407,0.673025746676192
swan_lake_26_orch.mid,/home/francesco/AutomaticMusicOrchestration/LOP_database_06_09_17/hand_picked_Spotify/58/swan_lake_26_orch.mid,AdaBoost,0.24727320671081543,0.3940972222222222,0.40625,0.3940972222222222,0.2907860090730461,0.3940972222222222,0.40625,0.3940972222222222,0.31269508403520707
swan_lake_26_orch.mid,/home/francesco/AutomaticMusicOrchestration/LOP_database_06_09_17/hand_picked_Spotify/58/swan_lake_26_orch.mid,Dummy0,0.00480341911315918,0.01244212962962963,0.015046296296296295,0.01244212962962963,0.00022639103223593963,0.01244212962962963,0.015046296296296295,0.01244212962962963,0.0004460703577009165
swan_lake_26_orch.mid,/home/francesco/AutomaticMusicOrchestration/LOP_database_06_09_17/hand_picked_Spotify/58/swan_lake_26_orch.mid,Dummy1,0.004222393035888672,0.00636574074074074,0.006944444444444444,0.00636574074074074,4.8225308641975306e-05,0.00636574074074074,0.006944444444444444,0.00636574074074074,9.578544061302682e-05
swan_lake_26_orch.mid,/home/francesco/AutomaticMusicOrchestration/LOP_database_06_09_17/hand_picked_Spotify/58/swan_lake_26_orch.mid,DummyUnif,0.004788875579833984,0.05497685185185185,0.05439814814814815,0.04918981481481482,0.11659513761650207,0.04918981481481482,0.056712962962962965,0.04918981481481482,0.06612670810233935
swan_lake_21_orch.mid,/home/francesco/AutomaticMusicOrchestration/LOP_database_06_09_17/hand_picked_Spotify/52/swan_lake_21_orch.mid,XGBoost,0.9176185131072998,0.9347306490163633,0.8470588235294118,0.9347306490163633,0.8486405128287818,0.9347306490163633,0.8470588235294118,0.9347306490163633,0.8467772578146968
swan_lake_21_orch.mid,/home/francesco/AutomaticMusicOrchestration/LOP_database_06_09_17/hand_picked_Spotify/52/swan_lake_21_orch.mid,XGBoost5,0.0704953670501709,0.8720353006067292,0.85,0.8720353006067292,0.8537340352156122,0.8720353006067292,0.85,0.8720353006067292,0.8476004626232424
swan_lake_21_orch.mid,/home/francesco/AutomaticMusicOrchestration/LOP_database_06_09_17/hand_picked_Spotify/52/swan_lake_21_orch.mid,XGBoost10,0.10663008689880371,0.8806765949623092,0.850735294117647,0.8806765949623092,0.8546937679190605,0.8806765949623092,0.850735294117647,0.8806765949623092,0.8500113348111429
swan_lake_21_orch.mid,/home/francesco/AutomaticMusicOrchestration/LOP_database_06_09_17/hand_picked_Spotify/52/swan_lake_21_orch.mid,XGBoost20,0.18792343139648438,0.9012686155543298,0.8470588235294118,0.9012686155543298,0.8482452352112114,0.9012686155543298,0.8470588235294118,0.9012686155543298,0.8461798227061885
swan_lake_21_orch.mid,/home/francesco/AutomaticMusicOrchestration/LOP_database_06_09_17/hand_picked_Spotify/52/swan_lake_21_orch.mid,XGBoost50,0.439788818359375,0.9249862107004965,0.8529411764705882,0.9249862107004965,0.8544999568457041,0.9249862107004965,0.8529411764705882,0.9249862107004965,0.8523546724275658
swan_lake_21_orch.mid,/home/francesco/AutomaticMusicOrchestration/LOP_database_06_09_17/hand_picked_Spotify/52/swan_lake_21_orch.mid,RandomForest,0.6207599639892578,0.9976098547527119,0.8088235294117647,0.9976098547527119,0.811775575442519,0.9976098547527119,0.8088235294117647,0.9976098547527119,0.8098911145616274
swan_lake_21_orch.mid,/home/francesco/AutomaticMusicOrchestration/LOP_database_06_09_17/hand_picked_Spotify/52/swan_lake_21_orch.mid,RandomForest10,0.45594215393066406,0.8856407427835999,0.8375,0.8856407427835999,0.8417454873359846,0.8856407427835999,0.8375,0.8856407427835999,0.8363416525515552
swan_lake_21_orch.mid,/home/francesco/AutomaticMusicOrchestration/LOP_database_06_09_17/hand_picked_Spotify/52/swan_lake_21_orch.mid,RandomForest13,0.5110366344451904,0.936569222283508,0.8411764705882353,0.936569222283508,0.843321073093371,0.936569222283508,0.8411764705882353,0.936569222283508,0.8406936356384586
swan_lake_21_orch.mid,/home/francesco/AutomaticMusicOrchestration/LOP_database_06_09_17/hand_picked_Spotify/52/swan_lake_21_orch.mid,RandomForest16,0.5501034259796143,0.9628608200036771,0.8389705882352941,0.9628608200036771,0.8406098744039541,0.9628608200036771,0.8389705882352941,0.9628608200036771,0.8384657814324675
swan_lake_21_orch.mid,/home/francesco/AutomaticMusicOrchestration/LOP_database_06_09_17/hand_picked_Spotify/52/swan_lake_21_orch.mid,RandomForest20,0.5915679931640625,0.9781209781209781,0.8279411764705882,0.9781209781209781,0.829355702419524,0.9781209781209781,0.8279411764705882,0.9781209781209781,0.8281781083930079
swan_lake_21_orch.mid,/home/francesco/AutomaticMusicOrchestration/LOP_database_06_09_17/hand_picked_Spotify/52/swan_lake_21_orch.mid,DecisionTree,0.018951892852783203,0.9976098547527119,0.8117647058823529,0.9976098547527119,0.8140219967255371,0.9976098547527119,0.8117647058823529,0.9976098547527119,0.812556804413493
swan_lake_21_orch.mid,/home/francesco/AutomaticMusicOrchestration/LOP_database_06_09_17/hand_picked_Spotify/52/swan_lake_21_orch.mid,NearestNeighbors,0.46738600730895996,0.9976098547527119,0.7522058823529412,0.9976098547527119,0.7554809129474339,0.9976098547527119,0.7522058823529412,0.9976098547527119,0.7529462804723838
swan_lake_21_orch.mid,/home/francesco/AutomaticMusicOrchestration/LOP_database_06_09_17/hand_picked_Spotify/52/swan_lake_21_orch.mid,NaiveBayes,0.025664329528808594,0.621805478948336,0.6191176470588236,0.621805478948336,0.6005940142921223,0.621805478948336,0.6191176470588236,0.621805478948336,0.5969288469825769
swan_lake_21_orch.mid,/home/francesco/AutomaticMusicOrchestration/LOP_database_06_09_17/hand_picked_Spotify/52/swan_lake_21_orch.mid,AdaBoost,0.33621978759765625,0.1831218974076117,0.1713235294117647,0.1831218974076117,0.09619585331751185,0.1831218974076117,0.1713235294117647,0.1831218974076117,0.06647933813660614
swan_lake_21_orch.mid,/home/francesco/AutomaticMusicOrchestration/LOP_database_06_09_17/hand_picked_Spotify/52/swan_lake_21_orch.mid,Dummy0,0.004634380340576172,0.01287001287001287,0.014705882352941176,0.01287001287001287,0.00021626297577854672,0.01287001287001287,0.014705882352941176,0.01287001287001287,0.00042625745950554135
swan_lake_21_orch.mid,/home/francesco/AutomaticMusicOrchestration/LOP_database_06_09_17/hand_picked_Spotify/52/swan_lake_21_orch.mid,Dummy1,0.004197835922241211,0.006618863761720904,0.0058823529411764705,0.006618863761720904,3.460207612456747e-05,0.006618863761720904,0.0058823529411764705,0.006618863761720904,6.879944960440316e-05
swan_lake_21_orch.mid,/home/francesco/AutomaticMusicOrchestration/LOP_database_06_09_17/hand_picked_Spotify/52/swan_lake_21_orch.mid,DummyUnif,0.004646778106689453,0.0465159036587608,0.04926470588235294,0.05570876999448428,0.05721072121562929,0.05570876999448428,0.045588235294117645,0.05570876999448428,0.04827615399319866
bbdanube_orch.mid,/home/francesco/AutomaticMusicOrchestration/LOP_database_06_09_17/hand_picked_Spotify/20/bbdanube_orch.mid,XGBoost,1.893815517425537,0.6747940846125047,0.5309751076174434,0.6747940846125047,0.5239487133299604,0.6747940846125047,0.5309751076174434,0.6747940846125047,0.5219821406830653
bbdanube_orch.mid,/home/francesco/AutomaticMusicOrchestration/LOP_database_06_09_17/hand_picked_Spotify/20/bbdanube_orch.mid,XGBoost5,0.10963559150695801,0.5283133657806065,0.5055212427475201,0.5283133657806065,0.5138417692424065,0.5283133657806065,0.5055212427475201,0.5283133657806065,0.487474788709594
bbdanube_orch.mid,/home/francesco/AutomaticMusicOrchestration/LOP_database_06_09_17/hand_picked_Spotify/20/bbdanube_orch.mid,XGBoost10,0.19045567512512207,0.5439442156495694,0.5146921205315366,0.5439442156495694,0.5204173066331784,0.5439442156495694,0.5146921205315366,0.5439442156495694,0.49786499565235987
bbdanube_orch.mid,/home/francesco/AutomaticMusicOrchestration/LOP_database_06_09_17/hand_picked_Spotify/20/bbdanube_orch.mid,XGBoost20,0.3408842086791992,0.5741763384500187,0.533782519183979,0.5741763384500187,0.5354006364184779,0.5741763384500187,0.533782519183979,0.5741763384500187,0.5185066481870351
bbdanube_orch.mid,/home/francesco/AutomaticMusicOrchestration/LOP_database_06_09_17/hand_picked_Spotify/20/bbdanube_orch.mid,XGBoost50,1.1606836318969727,0.6363253463122426,0.5528729178364215,0.6363253463122426,0.5479757984980338,0.6363253463122426,0.5528729178364215,0.6363253463122426,0.5413554518204559
bbdanube_orch.mid,/home/francesco/AutomaticMusicOrchestration/LOP_database_06_09_17/hand_picked_Spotify/20/bbdanube_orch.mid,RandomForest,3.0474348068237305,0.7723230999625609,0.43758188283735727,0.7723230999625609,0.4353953397768694,0.7723230999625609,0.43758188283735727,0.7723230999625609,0.43611430973372156
bbdanube_orch.mid,/home/francesco/AutomaticMusicOrchestration/LOP_database_06_09_17/hand_picked_Spotify/20/bbdanube_orch.mid,RandomForest10,1.4866816997528076,0.5767034818420067,0.5279805352798054,0.5767034818420067,0.5404750519205934,0.5767034818420067,0.5279805352798054,0.5767034818420067,0.5113042361584441
bbdanube_orch.mid,/home/francesco/AutomaticMusicOrchestration/LOP_database_06_09_17/hand_picked_Spotify/20/bbdanube_orch.mid,RandomForest13,1.875974178314209,0.654530138524897,0.5358412876661052,0.654530138524897,0.5302657878609731,0.654530138524897,0.5358412876661052,0.654530138524897,0.5218100680635096
bbdanube_orch.mid,/home/francesco/AutomaticMusicOrchestration/LOP_database_06_09_17/hand_picked_Spotify/20/bbdanube_orch.mid,RandomForest16,2.2847673892974854,0.7086765256458255,0.5027138311809844,0.7086765256458255,0.4963571483897566,0.7086765256458255,0.5027138311809844,0.7086765256458255,0.49482164764011305
bbdanube_orch.mid,/home/francesco/AutomaticMusicOrchestration/LOP_database_06_09_17/hand_picked_Spotify/20/bbdanube_orch.mid,RandomForest20,2.7818217277526855,0.7581430175964058,0.4508702975856261,0.7581430175964058,0.44644736524498124,0.7581430175964058,0.4508702975856261,0.7581430175964058,0.44784646763665986
bbdanube_orch.mid,/home/francesco/AutomaticMusicOrchestration/LOP_database_06_09_17/hand_picked_Spotify/20/bbdanube_orch.mid,DecisionTree,0.07127523422241211,0.7723698989142643,0.4312184166198765,0.7723698989142643,0.4303309861740033,0.7723698989142643,0.4312184166198765,0.7723698989142643,0.42847336116351104
bbdanube_orch.mid,/home/francesco/AutomaticMusicOrchestration/LOP_database_06_09_17/hand_picked_Spotify/20/bbdanube_orch.mid,NearestNeighbors,1.759636402130127,0.7723698989142643,0.34774471270821633,0.7723698989142643,0.34853636015526074,0.7723698989142643,0.34774471270821633,0.7723698989142643,0.3476739963521969
bbdanube_orch.mid,/home/francesco/AutomaticMusicOrchestration/LOP_database_06_09_17/hand_picked_Spotify/20/bbdanube_orch.mid,NaiveBayes,0.053995609283447266,0.3670909771621116,0.36065880591428034,0.3670909771621116,0.32053101130032124,0.3670909771621116,0.36065880591428034,0.3670909771621116,0.3056846604548934
bbdanube_orch.mid,/home/francesco/AutomaticMusicOrchestration/LOP_database_06_09_17/hand_picked_Spotify/20/bbdanube_orch.mid,AdaBoost,1.0480897426605225,0.22121864470235866,0.21729365524985964,0.22121864470235866,0.09796082175384857,0.22121864470235866,0.21729365524985964,0.22121864470235866,0.12545816852119165
bbdanube_orch.mid,/home/francesco/AutomaticMusicOrchestration/LOP_database_06_09_17/hand_picked_Spotify/20/bbdanube_orch.mid,Dummy0,0.005835056304931641,0.04862411081991763,0.048100318173310876,0.04862411081991763,0.0023136406083737403,0.04862411081991763,0.048100318173310876,0.04862411081991763,0.004414922060907462
bbdanube_orch.mid,/home/francesco/AutomaticMusicOrchestration/LOP_database_06_09_17/hand_picked_Spotify/20/bbdanube_orch.mid,Dummy1,0.005300283432006836,0.08082178959191313,0.08160209620063634,0.08082178959191313,0.0066589021043379085,0.08082178959191313,0.08160209620063634,0.08082178959191313,0.012313034761542635
bbdanube_orch.mid,/home/francesco/AutomaticMusicOrchestration/LOP_database_06_09_17/hand_picked_Spotify/20/bbdanube_orch.mid,DummyUnif,0.0067560672760009766,0.052695619618120554,0.05745835672842972,0.05152564582553351,0.06917162887696819,0.05152564582553351,0.0503462474265394,0.05152564582553351,0.05456800305404861
swan_lake_01_orch.mid,/home/francesco/AutomaticMusicOrchestration/LOP_database_06_09_17/hand_picked_Spotify/31/swan_lake_01_orch.mid,XGBoost,11.746132612228394,0.8555776892430279,0.723579394583112,0.8555776892430279,0.7249075155728977,0.8555776892430279,0.723579394583112,0.8555776892430279,0.7239749941624497
swan_lake_01_orch.mid,/home/francesco/AutomaticMusicOrchestration/LOP_database_06_09_17/hand_picked_Spotify/31/swan_lake_01_orch.mid,XGBoost5,0.08851361274719238,0.7571049136786189,0.7278279341476368,0.7571049136786189,0.7364574054876827,0.7571049136786189,0.7278279341476368,0.7571049136786189,0.7272557383240033
swan_lake_01_orch.mid,/home/francesco/AutomaticMusicOrchestration/LOP_database_06_09_17/hand_picked_Spotify/31/swan_lake_01_orch.mid,XGBoost10,0.1526334285736084,0.7683930942895086,0.7357939458311206,0.7683930942895086,0.7422907516849698,0.7683930942895086,0.7357939458311206,0.7683930942895086,0.7364606937190058
swan_lake_01_orch.mid,/home/francesco/AutomaticMusicOrchestration/LOP_database_06_09_17/hand_picked_Spotify/31/swan_lake_01_orch.mid,XGBoost20,0.27341604232788086,0.797808764940239,0.7490706319702602,0.797808764940239,0.7527302995521565,0.797808764940239,0.7490706319702602,0.797808764940239,0.7495197004859803
swan_lake_01_orch.mid,/home/francesco/AutomaticMusicOrchestration/LOP_database_06_09_17/hand_picked_Spotify/31/swan_lake_01_orch.mid,XGBoost50,0.6384027004241943,0.8363877822045153,0.7440254912373871,0.8363877822045153,0.74508046658951,0.8363877822045153,0.7440254912373871,0.8363877822045153,0.7440489655748322
swan_lake_01_orch.mid,/home/francesco/AutomaticMusicOrchestration/LOP_database_06_09_17/hand_picked_Spotify/31/swan_lake_01_orch.mid,RandomForest,1.8667864799499512,0.999933598937583,0.6882634094530006,0.999933598937583,0.6887988166338613,0.999933598937583,0.6882634094530006,0.999933598937583,0.688402555911708
swan_lake_01_orch.mid,/home/francesco/AutomaticMusicOrchestration/LOP_database_06_09_17/hand_picked_Spotify/31/swan_lake_01_orch.mid,RandomForest10,1.1218287944793701,0.8113545816733068,0.741635687732342,0.8113545816733068,0.7429364865113447,0.8113545816733068,0.741635687732342,0.8113545816733068,0.7394954748631944
swan_lake_01_orch.mid,/home/francesco/AutomaticMusicOrchestration/LOP_database_06_09_17/hand_picked_Spotify/31/swan_lake_01_orch.mid,RandomForest13,1.3319289684295654,0.8753652058432935,0.7169410515135423,0.8753652058432935,0.7173424097431125,0.8753652058432935,0.7169410515135423,0.8753652058432935,0.7165271006679931
swan_lake_01_orch.mid,/home/francesco/AutomaticMusicOrchestration/LOP_database_06_09_17/hand_picked_Spotify/31/swan_lake_01_orch.mid,RandomForest16,1.5318894386291504,0.9384462151394423,0.7033988316516198,0.9384462151394423,0.7039078544230797,0.9384462151394423,0.7033988316516198,0.9384462151394423,0.7033853324557537
swan_lake_01_orch.mid,/home/francesco/AutomaticMusicOrchestration/LOP_database_06_09_17/hand_picked_Spotify/31/swan_lake_01_orch.mid,RandomForest20,1.6812200546264648,0.9903718459495352,0.6919808815719597,0.9903718459495352,0.6928491070390616,0.9903718459495352,0.6919808815719597,0.9903718459495352,0.6922736078473468
swan_lake_01_orch.mid,/home/francesco/AutomaticMusicOrchestration/LOP_database_06_09_17/hand_picked_Spotify/31/swan_lake_01_orch.mid,DecisionTree,0.05793285369873047,1.0,0.7145512480084971,1.0,0.7159145272607286,1.0,0.7145512480084971,1.0,0.7148741211869605
swan_lake_01_orch.mid,/home/francesco/AutomaticMusicOrchestration/LOP_database_06_09_17/hand_picked_Spotify/31/swan_lake_01_orch.mid,NearestNeighbors,1.2456157207489014,1.0,0.6630377057886352,1.0,0.6647782962077461,1.0,0.6630377057886352,1.0,0.66353687407186
swan_lake_01_orch.mid,/home/francesco/AutomaticMusicOrchestration/LOP_database_06_09_17/hand_picked_Spotify/31/swan_lake_01_orch.mid,NaiveBayes,0.0468902587890625,0.6338645418326693,0.6327668613913967,0.6338645418326693,0.5791514885450795,0.6338645418326693,0.6327668613913967,0.6338645418326693,0.5919176807118204
swan_lake_01_orch.mid,/home/francesco/AutomaticMusicOrchestration/LOP_database_06_09_17/hand_picked_Spotify/31/swan_lake_01_orch.mid,AdaBoost,0.808671236038208,0.1596945551128818,0.16409984067976632,0.1596945551128818,0.03370725276107382,0.1596945551128818,0.16409984067976632,0.1596945551128818,0.055767878243741034
swan_lake_01_orch.mid,/home/francesco/AutomaticMusicOrchestration/LOP_database_06_09_17/hand_picked_Spotify/31/swan_lake_01_orch.mid,Dummy0,0.005731821060180664,0.023107569721115537,0.025491237387148168,0.023107569721115537,0.0006498031835279405,0.023107569721115537,0.025491237387148168,0.023107569721115537,0.001267301289055528
swan_lake_01_orch.mid,/home/francesco/AutomaticMusicOrchestration/LOP_database_06_09_17/hand_picked_Spotify/31/swan_lake_01_orch.mid,Dummy1,0.005243539810180664,0.027755644090305447,0.031332979288369624,0.027755644090305447,0.0009817555910853998,0.027755644090305447,0.031332979288369624,0.027755644090305447,0.00190385764985974
swan_lake_01_orch.mid,/home/francesco/AutomaticMusicOrchestration/LOP_database_06_09_17/hand_picked_Spotify/31/swan_lake_01_orch.mid,DummyUnif,0.006592750549316406,0.04249667994687915,0.050982474774296335,0.04654714475431607,0.07102717982946556,0.04654714475431607,0.043281996813595326,0.04654714475431607,0.04978939229135141
swan_lake_05_orch.mid,/home/francesco/AutomaticMusicOrchestration/LOP_database_06_09_17/hand_picked_Spotify/36/swan_lake_05_orch.mid,XGBoost,1.4229481220245361,0.883434395561863,0.781733746130031,0.883434395561863,0.7831788870286099,0.883434395561863,0.781733746130031,0.883434395561863,0.7818757211769605
swan_lake_05_orch.mid,/home/francesco/AutomaticMusicOrchestration/LOP_database_06_09_17/hand_picked_Spotify/36/swan_lake_05_orch.mid,XGBoost5,0.11206364631652832,0.7668042833182815,0.7417440660474717,0.7668042833182815,0.7537397453957069,0.7668042833182815,0.7417440660474717,0.7668042833182815,0.738772478163523
swan_lake_05_orch.mid,/home/francesco/AutomaticMusicOrchestration/LOP_database_06_09_17/hand_picked_Spotify/36/swan_lake_05_orch.mid,XGBoost10,0.14976716041564941,0.7915752806089537,0.7587719298245614,0.7915752806089537,0.7642846961868729,0.7915752806089537,0.7587719298245614,0.7915752806089537,0.756653497840536
swan_lake_05_orch.mid,/home/francesco/AutomaticMusicOrchestration/LOP_database_06_09_17/hand_picked_Spotify/36/swan_lake_05_orch.mid,XGBoost20,0.4262676239013672,0.8202812540317378,0.7786377708978328,0.8202812540317378,0.7802056292536605,0.8202812540317378,0.7786377708978328,0.8202812540317378,0.7761214073648317
swan_lake_05_orch.mid,/home/francesco/AutomaticMusicOrchestration/LOP_database_06_09_17/hand_picked_Spotify/36/swan_lake_05_orch.mid,XGBoost50,0.628054141998291,0.8647916397884144,0.7866357069143447,0.8647916397884144,0.786974197621976,0.8647916397884144,0.7866357069143447,0.8647916397884144,0.7859289690501663
swan_lake_05_orch.mid,/home/francesco/AutomaticMusicOrchestration/LOP_database_06_09_17/hand_picked_Spotify/36/swan_lake_05_orch.mid,RandomForest,1.7811031341552734,0.999870984389111,0.7549019607843137,0.999870984389111,0.7563867837619236,0.999870984389111,0.7549019607843137,0.999870984389111,0.7551304502600775
swan_lake_05_orch.mid,/home/francesco/AutomaticMusicOrchestration/LOP_database_06_09_17/hand_picked_Spotify/36/swan_lake_05_orch.mid,RandomForest10,1.1850717067718506,0.8186040510901819,0.7719298245614035,0.8186040510901819,0.7820875320094207,0.8186040510901819,0.7719298245614035,0.8186040510901819,0.7684193927163101
swan_lake_05_orch.mid,/home/francesco/AutomaticMusicOrchestration/LOP_database_06_09_17/hand_picked_Spotify/36/swan_lake_05_orch.mid,RandomForest13,1.4114365577697754,0.8798864662624177,0.7768317853457173,0.8798864662624177,0.7780458975712373,0.8798864662624177,0.7768317853457173,0.8798864662624177,0.7747271196584958
swan_lake_05_orch.mid,/home/francesco/AutomaticMusicOrchestration/LOP_database_06_09_17/hand_picked_Spotify/36/swan_lake_05_orch.mid,RandomForest16,1.5484120845794678,0.9401367565475423,0.7657378740970072,0.9401367565475423,0.7677842882789508,0.9401367565475423,0.7657378740970072,0.9401367565475423,0.7655312167769763
swan_lake_05_orch.mid,/home/francesco/AutomaticMusicOrchestration/LOP_database_06_09_17/hand_picked_Spotify/36/swan_lake_05_orch.mid,RandomForest20,1.6798973083496094,0.9872274545219971,0.7546439628482973,0.9872274545219971,0.7563233706842195,0.9872274545219971,0.7546439628482973,0.9872274545219971,0.7549550681893965
swan_lake_05_orch.mid,/home/francesco/AutomaticMusicOrchestration/LOP_database_06_09_17/hand_picked_Spotify/36/swan_lake_05_orch.mid,DecisionTree,0.04847598075866699,1.0,0.7587719298245614,1.0,0.7605060128570622,1.0,0.7587719298245614,1.0,0.759175242512372
swan_lake_05_orch.mid,/home/francesco/AutomaticMusicOrchestration/LOP_database_06_09_17/hand_picked_Spotify/36/swan_lake_05_orch.mid,NearestNeighbors,1.278092622756958,1.0,0.6981424148606811,1.0,0.7019215459100017,1.0,0.6981424148606811,1.0,0.6992036760353976
swan_lake_05_orch.mid,/home/francesco/AutomaticMusicOrchestration/LOP_database_06_09_17/hand_picked_Spotify/36/swan_lake_05_orch.mid,NaiveBayes,0.04392743110656738,0.5465101277254548,0.5415376676986584,0.5465101277254548,0.6051503278427068,0.5465101277254548,0.5415376676986584,0.5465101277254548,0.5162094282974772
swan_lake_05_orch.mid,/home/francesco/AutomaticMusicOrchestration/LOP_database_06_09_17/hand_picked_Spotify/36/swan_lake_05_orch.mid,AdaBoost,0.8133411407470703,0.24609727777061025,0.25515995872033026,0.24609727777061025,0.09213438375442243,0.24609727777061025,0.25515995872033026,0.24609727777061025,0.12994530386370826
swan_lake_05_orch.mid,/home/francesco/AutomaticMusicOrchestration/LOP_database_06_09_17/hand_picked_Spotify/36/swan_lake_05_orch.mid,Dummy0,0.0050182342529296875,0.029931621726228874,0.03070175438596491,0.029931621726228874,0.0009425977223761157,0.029931621726228874,0.03070175438596491,0.029931621726228874,0.0018290406868234417
swan_lake_05_orch.mid,/home/francesco/AutomaticMusicOrchestration/LOP_database_06_09_17/hand_picked_Spotify/36/swan_lake_05_orch.mid,Dummy1,0.0051915645599365234,0.01573990452844794,0.013415892672858616,0.01573990452844794,0.00017998617620966153,0.01573990452844794,0.013415892672858616,0.01573990452844794,0.00035520693431193896
swan_lake_05_orch.mid,/home/francesco/AutomaticMusicOrchestration/LOP_database_06_09_17/hand_picked_Spotify/36/swan_lake_05_orch.mid,DummyUnif,0.006153106689453125,0.043091214036898466,0.043601651186790505,0.04657463553089924,0.07136378013282133,0.04657463553089924,0.04953560371517028,0.04657463553089924,0.054833622713542106
symphony_9_2_orch.mid,/home/francesco/AutomaticMusicOrchestration/LOP_database_06_09_17/hand_picked_Spotify/2/symphony_9_2_orch.mid,XGBoost,0.10887837409973145,0.9881656804733728,0.8837209302325582,0.9881656804733728,0.9244186046511628,0.9881656804733728,0.8837209302325582,0.9881656804733728,0.8666666666666667
symphony_9_2_orch.mid,/home/francesco/AutomaticMusicOrchestration/LOP_database_06_09_17/hand_picked_Spotify/2/symphony_9_2_orch.mid,XGBoost5,0.019034862518310547,0.9585798816568047,0.8604651162790697,0.9585798816568047,0.9058139534883721,0.9585798816568047,0.8604651162790697,0.9585798816568047,0.8430417128091547
symphony_9_2_orch.mid,/home/francesco/AutomaticMusicOrchestration/LOP_database_06_09_17/hand_picked_Spotify/2/symphony_9_2_orch.mid,XGBoost10,0.026861906051635742,0.9704142011834319,0.8837209302325582,0.9704142011834319,0.9244186046511628,0.9704142011834319,0.8837209302325582,0.9704142011834319,0.8666666666666667
symphony_9_2_orch.mid,/home/francesco/AutomaticMusicOrchestration/LOP_database_06_09_17/hand_picked_Spotify/2/symphony_9_2_orch.mid,XGBoost20,0.054982662200927734,0.9822485207100592,0.8837209302325582,0.9822485207100592,0.9244186046511628,0.9822485207100592,0.8837209302325582,0.9822485207100592,0.8666666666666667
symphony_9_2_orch.mid,/home/francesco/AutomaticMusicOrchestration/LOP_database_06_09_17/hand_picked_Spotify/2/symphony_9_2_orch.mid,XGBoost50,0.10738801956176758,0.9822485207100592,0.8837209302325582,0.9822485207100592,0.9244186046511628,0.9822485207100592,0.8837209302325582,0.9822485207100592,0.8666666666666667
symphony_9_2_orch.mid,/home/francesco/AutomaticMusicOrchestration/LOP_database_06_09_17/hand_picked_Spotify/2/symphony_9_2_orch.mid,RandomForest,0.13881397247314453,0.9940828402366864,0.8372093023255814,0.9940828402366864,0.8934108527131782,0.9940828402366864,0.8372093023255814,0.9940828402366864,0.8170542635658915
symphony_9_2_orch.mid,/home/francesco/AutomaticMusicOrchestration/LOP_database_06_09_17/hand_picked_Spotify/2/symphony_9_2_orch.mid,RandomForest10,0.1248941421508789,0.9940828402366864,0.8372093023255814,0.9940828402366864,0.8934108527131782,0.9940828402366864,0.8372093023255814,0.9940828402366864,0.8170542635658915
symphony_9_2_orch.mid,/home/francesco/AutomaticMusicOrchestration/LOP_database_06_09_17/hand_picked_Spotify/2/symphony_9_2_orch.mid,RandomForest13,0.11426639556884766,0.9940828402366864,0.8604651162790697,0.9940828402366864,0.9058139534883721,0.9940828402366864,0.8604651162790697,0.9940828402366864,0.8430417128091547
symphony_9_2_orch.mid,/home/francesco/AutomaticMusicOrchestration/LOP_database_06_09_17/hand_picked_Spotify/2/symphony_9_2_orch.mid,RandomForest16,0.11315178871154785,0.9940828402366864,0.8372093023255814,0.9940828402366864,0.8852713178294572,0.9940828402366864,0.8372093023255814,0.9940828402366864,0.8232742709486895
symphony_9_2_orch.mid,/home/francesco/AutomaticMusicOrchestration/LOP_database_06_09_17/hand_picked_Spotify/2/symphony_9_2_orch.mid,RandomForest20,0.11232280731201172,0.9940828402366864,0.8604651162790697,0.9940828402366864,0.9058139534883721,0.9940828402366864,0.8604651162790697,0.9940828402366864,0.8430417128091547
symphony_9_2_orch.mid,/home/francesco/AutomaticMusicOrchestration/LOP_database_06_09_17/hand_picked_Spotify/2/symphony_9_2_orch.mid,DecisionTree,0.004654645919799805,0.9940828402366864,0.8837209302325582,0.9940828402366864,0.9330011074197121,0.9940828402366864,0.8837209302325582,0.9940828402366864,0.8846920521339127
symphony_9_2_orch.mid,/home/francesco/AutomaticMusicOrchestration/LOP_database_06_09_17/hand_picked_Spotify/2/symphony_9_2_orch.mid,NearestNeighbors,0.020865678787231445,0.9940828402366864,0.9069767441860465,0.9940828402366864,0.937984496124031,0.9940828402366864,0.9069767441860465,0.9940828402366864,0.9101073345259393
symphony_9_2_orch.mid,/home/francesco/AutomaticMusicOrchestration/LOP_database_06_09_17/hand_picked_Spotify/2/symphony_9_2_orch.mid,NaiveBayes,0.005073070526123047,0.757396449704142,0.7209302325581395,0.757396449704142,0.6732558139534883,0.757396449704142,0.7209302325581395,0.757396449704142,0.6787006275378368
symphony_9_2_orch.mid,/home/francesco/AutomaticMusicOrchestration/LOP_database_06_09_17/hand_picked_Spotify/2/symphony_9_2_orch.mid,AdaBoost,0.07924365997314453,0.5443786982248521,0.5348837209302325,0.5443786982248521,0.4169868554095046,0.5443786982248521,0.5348837209302325,0.5443786982248521,0.4454780361757106
symphony_9_2_orch.mid,/home/francesco/AutomaticMusicOrchestration/LOP_database_06_09_17/hand_picked_Spotify/2/symphony_9_2_orch.mid,Dummy0,0.0035572052001953125,0.10059171597633136,0.11627906976744186,0.10059171597633136,0.013520822065981613,0.10059171597633136,0.11627906976744186,0.10059171597633136,0.02422480620155039
symphony_9_2_orch.mid,/home/francesco/AutomaticMusicOrchestration/LOP_database_06_09_17/hand_picked_Spotify/2/symphony_9_2_orch.mid,Dummy1,0.003946065902709961,0.11242603550295859,0.16279069767441862,0.11242603550295859,0.02650081124932396,0.11242603550295859,0.16279069767441862,0.11242603550295859,0.04558139534883721
symphony_9_2_orch.mid,/home/francesco/AutomaticMusicOrchestration/LOP_database_06_09_17/hand_picked_Spotify/2/symphony_9_2_orch.mid,DummyUnif,0.0035691261291503906,0.10059171597633136,0.18604651162790697,0.14201183431952663,0.20681063122923588,0.14201183431952663,0.13953488372093023,0.14201183431952663,0.15312594382361822
purcell-funeral-music-for-queen-mary_orch.mid,/home/francesco/AutomaticMusicOrchestration/LOP_database_06_09_17/hand_picked_Spotify/10/purcell-funeral-music-for-queen-mary_orch.mid,XGBoost,0.0804450511932373,1.0,0.71875,1.0,0.7496527777777777,1.0,0.71875,1.0,0.7230190595975232
purcell-funeral-music-for-queen-mary_orch.mid,/home/francesco/AutomaticMusicOrchestration/LOP_database_06_09_17/hand_picked_Spotify/10/purcell-funeral-music-for-queen-mary_orch.mid,XGBoost5,0.02054905891418457,0.9140625,0.8125,0.9140625,0.840625,0.9140625,0.8125,0.9140625,0.8125
purcell-funeral-music-for-queen-mary_orch.mid,/home/francesco/AutomaticMusicOrchestration/LOP_database_06_09_17/hand_picked_Spotify/10/purcell-funeral-music-for-queen-mary_orch.mid,XGBoost10,0.024054765701293945,0.96875,0.8125,0.96875,0.840625,0.96875,0.8125,0.96875,0.8125
purcell-funeral-music-for-queen-mary_orch.mid,/home/francesco/AutomaticMusicOrchestration/LOP_database_06_09_17/hand_picked_Spotify/10/purcell-funeral-music-for-queen-mary_orch.mid,XGBoost20,0.03281068801879883,1.0,0.78125,1.0,0.8079545454545455,1.0,0.78125,1.0,0.7769236482471776
purcell-funeral-music-for-queen-mary_orch.mid,/home/francesco/AutomaticMusicOrchestration/LOP_database_06_09_17/hand_picked_Spotify/10/purcell-funeral-music-for-queen-mary_orch.mid,XGBoost50,0.054830312728881836,1.0,0.71875,1.0,0.7496527777777777,1.0,0.71875,1.0,0.7230190595975232
purcell-funeral-music-for-queen-mary_orch.mid,/home/francesco/AutomaticMusicOrchestration/LOP_database_06_09_17/hand_picked_Spotify/10/purcell-funeral-music-for-queen-mary_orch.mid,RandomForest,0.11586332321166992,1.0,0.78125,1.0,0.8079545454545455,1.0,0.78125,1.0,0.7769236482471776
purcell-funeral-music-for-queen-mary_orch.mid,/home/francesco/AutomaticMusicOrchestration/LOP_database_06_09_17/hand_picked_Spotify/10/purcell-funeral-music-for-queen-mary_orch.mid,RandomForest10,0.11095261573791504,1.0,0.78125,1.0,0.8272321428571429,1.0,0.78125,1.0,0.782310520361991
purcell-funeral-music-for-queen-mary_orch.mid,/home/francesco/AutomaticMusicOrchestration/LOP_database_06_09_17/hand_picked_Spotify/10/purcell-funeral-music-for-queen-mary_orch.mid,RandomForest13,0.1109311580657959,1.0,0.78125,1.0,0.8079545454545455,1.0,0.78125,1.0,0.7769236482471776
purcell-funeral-music-for-queen-mary_orch.mid,/home/francesco/AutomaticMusicOrchestration/LOP_database_06_09_17/hand_picked_Spotify/10/purcell-funeral-music-for-queen-mary_orch.mid,RandomForest16,0.10747218132019043,1.0,0.8125,1.0,0.840625,1.0,0.8125,1.0,0.8125
purcell-funeral-music-for-queen-mary_orch.mid,/home/francesco/AutomaticMusicOrchestration/LOP_database_06_09_17/hand_picked_Spotify/10/purcell-funeral-music-for-queen-mary_orch.mid,RandomForest20,0.10864090919494629,1.0,0.78125,1.0,0.8079545454545455,1.0,0.78125,1.0,0.7769236482471776
purcell-funeral-music-for-queen-mary_orch.mid,/home/francesco/AutomaticMusicOrchestration/LOP_database_06_09_17/hand_picked_Spotify/10/purcell-funeral-music-for-queen-mary_orch.mid,DecisionTree,0.0058667659759521484,1.0,0.78125,1.0,0.809375,1.0,0.78125,1.0,0.7804848015761328
purcell-funeral-music-for-queen-mary_orch.mid,/home/francesco/AutomaticMusicOrchestration/LOP_database_06_09_17/hand_picked_Spotify/10/purcell-funeral-music-for-queen-mary_orch.mid,NearestNeighbors,0.018040895462036133,1.0,0.5625,1.0,0.6479567307692308,1.0,0.5625,1.0,0.5699760765550239
purcell-funeral-music-for-queen-mary_orch.mid,/home/francesco/AutomaticMusicOrchestration/LOP_database_06_09_17/hand_picked_Spotify/10/purcell-funeral-music-for-queen-mary_orch.mid,NaiveBayes,0.0049855709075927734,0.765625,0.71875,0.765625,0.7817708333333333,0.765625,0.71875,0.765625,0.7192003446115287
purcell-funeral-music-for-queen-mary_orch.mid,/home/francesco/AutomaticMusicOrchestration/LOP_database_06_09_17/hand_picked_Spotify/10/purcell-funeral-music-for-queen-mary_orch.mid,AdaBoost,0.07601380348205566,0.7578125,0.65625,0.7578125,0.7295329670329671,0.7578125,0.65625,0.7578125,0.6677222593582888
purcell-funeral-music-for-queen-mary_orch.mid,/home/francesco/AutomaticMusicOrchestration/LOP_database_06_09_17/hand_picked_Spotify/10/purcell-funeral-music-for-queen-mary_orch.mid,Dummy0,0.004316806793212891,0.234375,0.3125,0.234375,0.09765625,0.234375,0.3125,0.234375,0.1488095238095238
purcell-funeral-music-for-queen-mary_orch.mid,/home/francesco/AutomaticMusicOrchestration/LOP_database_06_09_17/hand_picked_Spotify/10/purcell-funeral-music-for-queen-mary_orch.mid,Dummy1,0.0038568973541259766,0.265625,0.1875,0.265625,0.03515625,0.265625,0.1875,0.265625,0.05921052631578947
purcell-funeral-music-for-queen-mary_orch.mid,/home/francesco/AutomaticMusicOrchestration/LOP_database_06_09_17/hand_picked_Spotify/10/purcell-funeral-music-for-queen-mary_orch.mid,DummyUnif,0.0036542415618896484,0.2734375,0.25,0.2734375,0.17256493506493506,0.2734375,0.1875,0.2734375,0.17764136904761904
swan_lake_23_orch.mid,/home/francesco/AutomaticMusicOrchestration/LOP_database_06_09_17/hand_picked_Spotify/54/swan_lake_23_orch.mid,XGBoost,1.2889225482940674,0.8731122783978988,0.7239908106334099,0.8731122783978988,0.7229860794745342,0.8731122783978988,0.7239908106334099,0.8731122783978988,0.7229076737274419
swan_lake_23_orch.mid,/home/francesco/AutomaticMusicOrchestration/LOP_database_06_09_17/hand_picked_Spotify/54/swan_lake_23_orch.mid,XGBoost5,0.1110084056854248,0.7621470781352594,0.7453232687889728,0.7621470781352594,0.751311903660566,0.7621470781352594,0.7453232687889728,0.7621470781352594,0.7442704662067965
swan_lake_23_orch.mid,/home/francesco/AutomaticMusicOrchestration/LOP_database_06_09_17/hand_picked_Spotify/54/swan_lake_23_orch.mid,XGBoost10,0.14964890480041504,0.7744583059750493,0.75615359369872,0.7744583059750493,0.7612787147207102,0.7744583059750493,0.75615359369872,0.7744583059750493,0.7554851434873067
swan_lake_23_orch.mid,/home/francesco/AutomaticMusicOrchestration/LOP_database_06_09_17/hand_picked_Spotify/54/swan_lake_23_orch.mid,XGBoost20,0.25089025497436523,0.7963722915298752,0.7584509353462422,0.7963722915298752,0.7617754973252856,0.7963722915298752,0.7584509353462422,0.7963722915298752,0.7587029592321586
swan_lake_23_orch.mid,/home/francesco/AutomaticMusicOrchestration/LOP_database_06_09_17/hand_picked_Spotify/54/swan_lake_23_orch.mid,XGBoost50,0.5220098495483398,0.8406927117531189,0.7492615687561536,0.8406927117531189,0.7513934062961609,0.8406927117531189,0.7492615687561536,0.8406927117531189,0.7489232007625988
swan_lake_23_orch.mid,/home/francesco/AutomaticMusicOrchestration/LOP_database_06_09_17/hand_picked_Spotify/54/swan_lake_23_orch.mid,RandomForest,1.4788963794708252,0.9999179251477347,0.6839514276337381,0.9999179251477347,0.6863440932687933,0.9999179251477347,0.6839514276337381,0.9999179251477347,0.684699723968723
swan_lake_23_orch.mid,/home/francesco/AutomaticMusicOrchestration/LOP_database_06_09_17/hand_picked_Spotify/54/swan_lake_23_orch.mid,RandomForest10,0.8878967761993408,0.7951411687458962,0.7545126353790613,0.7951411687458962,0.7616999969020661,0.7951411687458962,0.7545126353790613,0.7951411687458962,0.7560262888505016
swan_lake_23_orch.mid,/home/francesco/AutomaticMusicOrchestration/LOP_database_06_09_17/hand_picked_Spotify/54/swan_lake_23_orch.mid,RandomForest13,1.0989410877227783,0.845370978332239,0.7397440105021332,0.845370978332239,0.7447570290620997,0.845370978332239,0.7397440105021332,0.845370978332239,0.7410822062383002
swan_lake_23_orch.mid,/home/francesco/AutomaticMusicOrchestration/LOP_database_06_09_17/hand_picked_Spotify/54/swan_lake_23_orch.mid,RandomForest16,1.2338390350341797,0.92129021667761,0.7144732523793895,0.92129021667761,0.717350609388216,0.92129021667761,0.7144732523793895,0.92129021667761,0.715382599328549
swan_lake_23_orch.mid,/home/francesco/AutomaticMusicOrchestration/LOP_database_06_09_17/hand_picked_Spotify/54/swan_lake_23_orch.mid,RandomForest20,1.3688631057739258,0.9872783978988838,0.6855923859533968,0.9872783978988838,0.6874354370975462,0.9872783978988838,0.6855923859533968,0.9872783978988838,0.6860651872963561
swan_lake_23_orch.mid,/home/francesco/AutomaticMusicOrchestration/LOP_database_06_09_17/hand_picked_Spotify/54/swan_lake_23_orch.mid,DecisionTree,0.042470693588256836,1.0,0.6993764358385297,1.0,0.7015001152820872,1.0,0.6993764358385297,1.0,0.6999537444251047
swan_lake_23_orch.mid,/home/francesco/AutomaticMusicOrchestration/LOP_database_06_09_17/hand_picked_Spotify/54/swan_lake_23_orch.mid,NearestNeighbors,1.0084712505340576,1.0,0.6481785362651789,1.0,0.653217705123422,1.0,0.6481785362651789,1.0,0.6503923534429461
swan_lake_23_orch.mid,/home/francesco/AutomaticMusicOrchestration/LOP_database_06_09_17/hand_picked_Spotify/54/swan_lake_23_orch.mid,NaiveBayes,0.03783822059631348,0.6931221273801708,0.6944535608795537,0.6931221273801708,0.680337878827701,0.6931221273801708,0.6944535608795537,0.6931221273801708,0.6687280394795421
swan_lake_23_orch.mid,/home/francesco/AutomaticMusicOrchestration/LOP_database_06_09_17/hand_picked_Spotify/54/swan_lake_23_orch.mid,AdaBoost,0.6393496990203857,0.19443532501641497,0.18936659008861176,0.19443532501641497,0.0910165961324742,0.19443532501641497,0.18936659008861176,0.19443532501641497,0.11111876108332173
swan_lake_23_orch.mid,/home/francesco/AutomaticMusicOrchestration/LOP_database_06_09_17/hand_picked_Spotify/54/swan_lake_23_orch.mid,Dummy0,0.0053768157958984375,0.04891661195009849,0.04725959960617,0.04891661195009849,0.002233469754935504,0.04891661195009849,0.04725959960617,0.04891661195009849,0.004265360290371971
swan_lake_23_orch.mid,/home/francesco/AutomaticMusicOrchestration/LOP_database_06_09_17/hand_picked_Spotify/54/swan_lake_23_orch.mid,Dummy1,0.004611015319824219,0.024294156270518712,0.019691499835904167,0.024294156270518712,0.00038775516578741384,0.024294156270518712,0.019691499835904167,0.024294156270518712,0.0007605342711002575
swan_lake_23_orch.mid,/home/francesco/AutomaticMusicOrchestration/LOP_database_06_09_17/hand_picked_Spotify/54/swan_lake_23_orch.mid,DummyUnif,0.005398988723754883,0.04932698621142482,0.0426649163111257,0.045797767564018384,0.05583032516503598,0.045797767564018384,0.04857236626189695,0.045797767564018384,0.05076678177016961
sugar-plum-fairy_orch.mid,/home/francesco/AutomaticMusicOrchestration/LOP_database_06_09_17/hand_picked_Spotify/9/sugar-plum-fairy_orch.mid,XGBoost,0.5835127830505371,0.9979452054794521,0.8054794520547945,0.9979452054794521,0.793487253092908,0.9979452054794521,0.8054794520547945,0.9979452054794521,0.7974476149019336
sugar-plum-fairy_orch.mid,/home/francesco/AutomaticMusicOrchestration/LOP_database_06_09_17/hand_picked_Spotify/9/sugar-plum-fairy_orch.mid,XGBoost5,0.042685747146606445,0.8815068493150685,0.7534246575342466,0.8815068493150685,0.7458425364589748,0.8815068493150685,0.7534246575342466,0.8815068493150685,0.7443077592118689
sugar-plum-fairy_orch.mid,/home/francesco/AutomaticMusicOrchestration/LOP_database_06_09_17/hand_picked_Spotify/9/sugar-plum-fairy_orch.mid,XGBoost10,0.07747530937194824,0.9191780821917809,0.7589041095890411,0.9191780821917809,0.7591193228715564,0.9191780821917809,0.7589041095890411,0.9191780821917809,0.7562995915628309
sugar-plum-fairy_orch.mid,/home/francesco/AutomaticMusicOrchestration/LOP_database_06_09_17/hand_picked_Spotify/9/sugar-plum-fairy_orch.mid,XGBoost20,0.20287036895751953,0.9719178082191781,0.7753424657534247,0.9719178082191781,0.7710428983501199,0.9719178082191781,0.7753424657534247,0.9719178082191781,0.7711192451254079
sugar-plum-fairy_orch.mid,/home/francesco/AutomaticMusicOrchestration/LOP_database_06_09_17/hand_picked_Spotify/9/sugar-plum-fairy_orch.mid,XGBoost50,0.32236289978027344,0.9979452054794521,0.8082191780821918,0.9979452054794521,0.7933584480087724,0.9979452054794521,0.8082191780821918,0.9979452054794521,0.7986711686718058
sugar-plum-fairy_orch.mid,/home/francesco/AutomaticMusicOrchestration/LOP_database_06_09_17/hand_picked_Spotify/9/sugar-plum-fairy_orch.mid,RandomForest,0.23461031913757324,0.9979452054794521,0.8246575342465754,0.9979452054794521,0.8167869497321553,0.9979452054794521,0.8246575342465754,0.9979452054794521,0.8174468588086636
sugar-plum-fairy_orch.mid,/home/francesco/AutomaticMusicOrchestration/LOP_database_06_09_17/hand_picked_Spotify/9/sugar-plum-fairy_orch.mid,RandomForest10,0.21675801277160645,0.9794520547945206,0.8273972602739726,0.9794520547945206,0.8306791106034077,0.9794520547945206,0.8273972602739726,0.9794520547945206,0.8243857932769595
sugar-plum-fairy_orch.mid,/home/francesco/AutomaticMusicOrchestration/LOP_database_06_09_17/hand_picked_Spotify/9/sugar-plum-fairy_orch.mid,RandomForest13,0.22108149528503418,0.9979452054794521,0.8383561643835616,0.9979452054794521,0.8396883623953307,0.9979452054794521,0.8383561643835616,0.9979452054794521,0.8362471197791225
sugar-plum-fairy_orch.mid,/home/francesco/AutomaticMusicOrchestration/LOP_database_06_09_17/hand_picked_Spotify/9/sugar-plum-fairy_orch.mid,RandomForest16,0.22444748878479004,0.9979452054794521,0.8465753424657534,0.9979452054794521,0.8440230682010872,0.9979452054794521,0.8465753424657534,0.9979452054794521,0.8413104356767989
sugar-plum-fairy_orch.mid,/home/francesco/AutomaticMusicOrchestration/LOP_database_06_09_17/hand_picked_Spotify/9/sugar-plum-fairy_orch.mid,RandomForest20,0.22501015663146973,0.9979452054794521,0.8383561643835616,0.9979452054794521,0.8347544104363641,0.9979452054794521,0.8383561643835616,0.9979452054794521,0.8334832347157369
sugar-plum-fairy_orch.mid,/home/francesco/AutomaticMusicOrchestration/LOP_database_06_09_17/hand_picked_Spotify/9/sugar-plum-fairy_orch.mid,DecisionTree,0.007525205612182617,0.9979452054794521,0.8,0.9979452054794521,0.7960935183537923,0.9979452054794521,0.8,0.9979452054794521,0.7961139494851034
sugar-plum-fairy_orch.mid,/home/francesco/AutomaticMusicOrchestration/LOP_database_06_09_17/hand_picked_Spotify/9/sugar-plum-fairy_orch.mid,NearestNeighbors,0.12062859535217285,0.9979452054794521,0.8054794520547945,0.9979452054794521,0.8179280247831744,0.9979452054794521,0.8054794520547945,0.9979452054794521,0.8076078492841096
sugar-plum-fairy_orch.mid,/home/francesco/AutomaticMusicOrchestration/LOP_database_06_09_17/hand_picked_Spotify/9/sugar-plum-fairy_orch.mid,NaiveBayes,0.009977579116821289,0.6616438356164384,0.663013698630137,0.6616438356164384,0.6476011055802052,0.6616438356164384,0.663013698630137,0.6616438356164384,0.6293990714177206
sugar-plum-fairy_orch.mid,/home/francesco/AutomaticMusicOrchestration/LOP_database_06_09_17/hand_picked_Spotify/9/sugar-plum-fairy_orch.mid,AdaBoost,0.1394329071044922,0.623972602739726,0.6082191780821918,0.623972602739726,0.570038255627099,0.623972602739726,0.6082191780821918,0.623972602739726,0.5622119279449957
sugar-plum-fairy_orch.mid,/home/francesco/AutomaticMusicOrchestration/LOP_database_06_09_17/hand_picked_Spotify/9/sugar-plum-fairy_orch.mid,Dummy0,0.0039212703704833984,0.0589041095890411,0.06575342465753424,0.0589041095890411,0.004323512854194032,0.0589041095890411,0.06575342465753424,0.0589041095890411,0.008113533119695742
sugar-plum-fairy_orch.mid,/home/francesco/AutomaticMusicOrchestration/LOP_database_06_09_17/hand_picked_Spotify/9/sugar-plum-fairy_orch.mid,Dummy1,0.0036716461181640625,0.08013698630136987,0.057534246575342465,0.08013698630136987,0.0033101895289923064,0.08013698630136987,0.057534246575342465,0.08013698630136987,0.006260202995244517
sugar-plum-fairy_orch.mid,/home/francesco/AutomaticMusicOrchestration/LOP_database_06_09_17/hand_picked_Spotify/9/sugar-plum-fairy_orch.mid,DummyUnif,0.003994464874267578,0.05,0.0410958904109589,0.057534246575342465,0.2701466829070134,0.057534246575342465,0.052054794520547946,0.057534246575342465,0.06355007060491608
swan_lake_09_orch.mid,/home/francesco/AutomaticMusicOrchestration/LOP_database_06_09_17/hand_picked_Spotify/39/swan_lake_09_orch.mid,XGBoost,0.760169506072998,0.9815069840645289,0.953579858379229,0.9815069840645289,0.9554464756199029,0.9815069840645289,0.953579858379229,0.9815069840645289,0.9541672949693355
swan_lake_09_orch.mid,/home/francesco/AutomaticMusicOrchestration/LOP_database_06_09_17/hand_picked_Spotify/39/swan_lake_09_orch.mid,XGBoost5,0.2953810691833496,0.9069447176864057,0.8882769472856019,0.9069447176864057,0.9074045467339246,0.9069447176864057,0.8882769472856019,0.9069447176864057,0.8844153306598432
swan_lake_09_orch.mid,/home/francesco/AutomaticMusicOrchestration/LOP_database_06_09_17/hand_picked_Spotify/39/swan_lake_09_orch.mid,XGBoost10,0.10216808319091797,0.93940586267952,0.923682140047207,0.93940586267952,0.9319170613356469,0.93940586267952,0.923682140047207,0.93940586267952,0.9237841343876535
swan_lake_09_orch.mid,/home/francesco/AutomaticMusicOrchestration/LOP_database_06_09_17/hand_picked_Spotify/39/swan_lake_09_orch.mid,XGBoost20,0.16861414909362793,0.9695061971276805,0.943351691581432,0.9695061971276805,0.9453222011242413,0.9695061971276805,0.943351691581432,0.9695061971276805,0.9434592091502888
swan_lake_09_orch.mid,/home/francesco/AutomaticMusicOrchestration/LOP_database_06_09_17/hand_picked_Spotify/39/swan_lake_09_orch.mid,XGBoost50,0.3739447593688965,0.9809167814282904,0.952006294256491,0.9809167814282904,0.9553911443954076,0.9809167814282904,0.952006294256491,0.9809167814282904,0.9531013297944905
swan_lake_09_orch.mid,/home/francesco/AutomaticMusicOrchestration/LOP_database_06_09_17/hand_picked_Spotify/39/swan_lake_09_orch.mid,RandomForest,0.4707009792327881,1.0,0.9457120377655389,1.0,0.9455173912580442,1.0,0.9457120377655389,1.0,0.9454650558490075
swan_lake_09_orch.mid,/home/francesco/AutomaticMusicOrchestration/LOP_database_06_09_17/hand_picked_Spotify/39/swan_lake_09_orch.mid,RandomForest10,0.4310109615325928,0.9557348022821168,0.937844217151849,0.9557348022821168,0.9464083911925726,0.9557348022821168,0.937844217151849,0.9557348022821168,0.9389359095610278
swan_lake_09_orch.mid,/home/francesco/AutomaticMusicOrchestration/LOP_database_06_09_17/hand_picked_Spotify/39/swan_lake_09_orch.mid,RandomForest13,0.4508812427520752,0.9874090104269132,0.9488591660110149,0.9874090104269132,0.950864098837943,0.9874090104269132,0.9488591660110149,0.9874090104269132,0.9493271725460761
swan_lake_09_orch.mid,/home/francesco/AutomaticMusicOrchestration/LOP_database_06_09_17/hand_picked_Spotify/39/swan_lake_09_orch.mid,RandomForest16,0.48665285110473633,0.9980326578792051,0.9472856018882769,0.9980326578792051,0.9470357779683346,0.9980326578792051,0.9472856018882769,0.9980326578792051,0.9469002355306207
swan_lake_09_orch.mid,/home/francesco/AutomaticMusicOrchestration/LOP_database_06_09_17/hand_picked_Spotify/39/swan_lake_09_orch.mid,RandomForest20,0.4669160842895508,1.0,0.946498819826908,1.0,0.9462816938319455,1.0,0.946498819826908,1.0,0.9462552683968006
swan_lake_09_orch.mid,/home/francesco/AutomaticMusicOrchestration/LOP_database_06_09_17/hand_picked_Spotify/39/swan_lake_09_orch.mid,DecisionTree,0.01374506950378418,1.0,0.94492525570417,1.0,0.9462116822193388,1.0,0.94492525570417,1.0,0.944907925337835
swan_lake_09_orch.mid,/home/francesco/AutomaticMusicOrchestration/LOP_database_06_09_17/hand_picked_Spotify/39/swan_lake_09_orch.mid,NearestNeighbors,0.42594242095947266,1.0,0.933910306845004,1.0,0.9331142031066753,1.0,0.933910306845004,1.0,0.9329125257648665
swan_lake_09_orch.mid,/home/francesco/AutomaticMusicOrchestration/LOP_database_06_09_17/hand_picked_Spotify/39/swan_lake_09_orch.mid,NaiveBayes,0.0201566219329834,0.6604367499508165,0.6420141620771046,0.6604367499508165,0.653483472137954,0.6604367499508165,0.6420141620771046,0.6604367499508165,0.6243808078824613
swan_lake_09_orch.mid,/home/francesco/AutomaticMusicOrchestration/LOP_database_06_09_17/hand_picked_Spotify/39/swan_lake_09_orch.mid,AdaBoost,0.3138127326965332,0.42888058233326776,0.45161290322580644,0.42888058233326776,0.24369377484032953,0.42888058233326776,0.45161290322580644,0.42888058233326776,0.3141696921818394
swan_lake_09_orch.mid,/home/francesco/AutomaticMusicOrchestration/LOP_database_06_09_17/hand_picked_Spotify/39/swan_lake_09_orch.mid,Dummy0,0.004364013671875,0.011804052724768838,0.012588512981904013,0.011804052724768838,0.00015847065909556585,0.011804052724768838,0.012588512981904013,0.011804052724768838,0.00031300109978316115
swan_lake_09_orch.mid,/home/francesco/AutomaticMusicOrchestration/LOP_database_06_09_17/hand_picked_Spotify/39/swan_lake_09_orch.mid,Dummy1,0.004316568374633789,0.007279165846940783,0.00865460267505901,0.007279165846940783,7.490214746313857e-05,0.007279165846940783,0.00865460267505901,0.007279165846940783,0.00014851892266091904
swan_lake_09_orch.mid,/home/francesco/AutomaticMusicOrchestration/LOP_database_06_09_17/hand_picked_Spotify/39/swan_lake_09_orch.mid,DummyUnif,0.004411220550537109,0.04524886877828054,0.04878048780487805,0.048986818807790676,0.13291960535402925,0.048986818807790676,0.045633359559402044,0.048986818807790676,0.062272858468593095
swan_lake_15_orch.mid,/home/francesco/AutomaticMusicOrchestration/LOP_database_06_09_17/hand_picked_Spotify/46/swan_lake_15_orch.mid,XGBoost,1.026017189025879,0.9276699029126214,0.8190198932557011,0.9276699029126214,0.8219804312135834,0.9276699029126214,0.8190198932557011,0.9276699029126214,0.8197861239388032
swan_lake_15_orch.mid,/home/francesco/AutomaticMusicOrchestration/LOP_database_06_09_17/hand_picked_Spotify/46/swan_lake_15_orch.mid,XGBoost5,0.06945323944091797,0.8445388349514563,0.8229015041242116,0.8445388349514563,0.8387526268650127,0.8445388349514563,0.8229015041242116,0.8445388349514563,0.8258310523154035
swan_lake_15_orch.mid,/home/francesco/AutomaticMusicOrchestration/LOP_database_06_09_17/hand_picked_Spotify/46/swan_lake_15_orch.mid,XGBoost10,0.11489415168762207,0.8532766990291262,0.8287239204269772,0.8532766990291262,0.8428089189603972,0.8532766990291262,0.8287239204269772,0.8532766990291262,0.8321338536973103
swan_lake_15_orch.mid,/home/francesco/AutomaticMusicOrchestration/LOP_database_06_09_17/hand_picked_Spotify/46/swan_lake_15_orch.mid,XGBoost20,0.3239481449127197,0.8809466019417476,0.8427947598253275,0.8809466019417476,0.8503942496574021,0.8809466019417476,0.8427947598253275,0.8809466019417476,0.8441635407943309
swan_lake_15_orch.mid,/home/francesco/AutomaticMusicOrchestration/LOP_database_06_09_17/hand_picked_Spotify/46/swan_lake_15_orch.mid,XGBoost50,0.49614500999450684,0.9141990291262136,0.8248423095584667,0.9141990291262136,0.8278431359256168,0.9141990291262136,0.8248423095584667,0.9141990291262136,0.8256254660663929
swan_lake_15_orch.mid,/home/francesco/AutomaticMusicOrchestration/LOP_database_06_09_17/hand_picked_Spotify/46/swan_lake_15_orch.mid,RandomForest,0.8698840141296387,1.0,0.8000970402717128,1.0,0.8028703090309147,1.0,0.8000970402717128,1.0,0.8009222730354427
swan_lake_15_orch.mid,/home/francesco/AutomaticMusicOrchestration/LOP_database_06_09_17/hand_picked_Spotify/46/swan_lake_15_orch.mid,RandomForest10,0.650036096572876,0.8655339805825243,0.829209121785541,0.8655339805825243,0.8456172897334875,0.8655339805825243,0.829209121785541,0.8655339805825243,0.8316410957839573
swan_lake_15_orch.mid,/home/francesco/AutomaticMusicOrchestration/LOP_database_06_09_17/hand_picked_Spotify/46/swan_lake_15_orch.mid,RandomForest13,0.7227416038513184,0.9131067961165048,0.8209606986899564,0.9131067961165048,0.829518676425989,0.9131067961165048,0.8209606986899564,0.9131067961165048,0.8228199569380625
swan_lake_15_orch.mid,/home/francesco/AutomaticMusicOrchestration/LOP_database_06_09_17/hand_picked_Spotify/46/swan_lake_15_orch.mid,RandomForest16,0.7879602909088135,0.9637135922330097,0.8093158660844251,0.9637135922330097,0.8127806863529328,0.9637135922330097,0.8093158660844251,0.9637135922330097,0.8098888167911094
swan_lake_15_orch.mid,/home/francesco/AutomaticMusicOrchestration/LOP_database_06_09_17/hand_picked_Spotify/46/swan_lake_15_orch.mid,RandomForest20,0.8641009330749512,0.9962378640776699,0.804463852498787,0.9962378640776699,0.8073981995337538,0.9962378640776699,0.804463852498787,0.9962378640776699,0.8053853524957295
swan_lake_15_orch.mid,/home/francesco/AutomaticMusicOrchestration/LOP_database_06_09_17/hand_picked_Spotify/46/swan_lake_15_orch.mid,DecisionTree,0.025603771209716797,1.0,0.8068898592916061,1.0,0.8101817658338686,1.0,0.8068898592916061,1.0,0.8074115363723225
swan_lake_15_orch.mid,/home/francesco/AutomaticMusicOrchestration/LOP_database_06_09_17/hand_picked_Spotify/46/swan_lake_15_orch.mid,NearestNeighbors,0.7015097141265869,1.0,0.730228044638525,1.0,0.7417976808486215,1.0,0.730228044638525,1.0,0.7353377569128177
swan_lake_15_orch.mid,/home/francesco/AutomaticMusicOrchestration/LOP_database_06_09_17/hand_picked_Spotify/46/swan_lake_15_orch.mid,NaiveBayes,0.026787757873535156,0.741868932038835,0.7462396894711305,0.741868932038835,0.7518307450461744,0.741868932038835,0.7462396894711305,0.741868932038835,0.7428585410225942
swan_lake_15_orch.mid,/home/francesco/AutomaticMusicOrchestration/LOP_database_06_09_17/hand_picked_Spotify/46/swan_lake_15_orch.mid,AdaBoost,0.46181368827819824,0.2828883495145631,0.29112081513828236,0.2828883495145631,0.14392489599032962,0.2828883495145631,0.29112081513828236,0.2828883495145631,0.18278055870329635
swan_lake_15_orch.mid,/home/francesco/AutomaticMusicOrchestration/LOP_database_06_09_17/hand_picked_Spotify/46/swan_lake_15_orch.mid,Dummy0,0.0045397281646728516,0.03859223300970874,0.042212518195050945,0.03859223300970874,0.0017818966923675071,0.03859223300970874,0.042212518195050945,0.03859223300970874,0.003419449797923121
swan_lake_15_orch.mid,/home/francesco/AutomaticMusicOrchestration/LOP_database_06_09_17/hand_picked_Spotify/46/swan_lake_15_orch.mid,Dummy1,0.004316568374633789,0.022815533980582524,0.022804463852498787,0.022815533980582524,0.0005200435715999238,0.022815533980582524,0.022804463852498787,0.022815533980582524,0.0010168973444662647
swan_lake_15_orch.mid,/home/francesco/AutomaticMusicOrchestration/LOP_database_06_09_17/hand_picked_Spotify/46/swan_lake_15_orch.mid,DummyUnif,0.005316734313964844,0.04344660194174757,0.04754973313925279,0.046844660194174756,0.05739227608372269,0.046844660194174756,0.051431344007763224,0.046844660194174756,0.052830113777724105
swan_lake_17_orch.mid,/home/francesco/AutomaticMusicOrchestration/LOP_database_06_09_17/hand_picked_Spotify/48/swan_lake_17_orch.mid,XGBoost,0.9703903198242188,0.8457181694608066,0.6927956502038967,0.8457181694608066,0.6968246504023939,0.8457181694608066,0.6927956502038967,0.8457181694608066,0.6934912969472563
swan_lake_17_orch.mid,/home/francesco/AutomaticMusicOrchestration/LOP_database_06_09_17/hand_picked_Spotify/48/swan_lake_17_orch.mid,XGBoost5,0.07325983047485352,0.7285908473040327,0.6977797915722701,0.7285908473040327,0.6992912572778226,0.7285908473040327,0.6977797915722701,0.7285908473040327,0.6917196834938418
swan_lake_17_orch.mid,/home/francesco/AutomaticMusicOrchestration/LOP_database_06_09_17/hand_picked_Spotify/48/swan_lake_17_orch.mid,XGBoost10,0.11794424057006836,0.742183960126869,0.7127322156773901,0.742183960126869,0.7150206332907596,0.742183960126869,0.7127322156773901,0.742183960126869,0.7102073115975949
swan_lake_17_orch.mid,/home/francesco/AutomaticMusicOrchestration/LOP_database_06_09_17/hand_picked_Spotify/48/swan_lake_17_orch.mid,XGBoost20,0.23210406303405762,0.7729950158586316,0.7186225645672859,0.7729950158586316,0.7249468247255049,0.7729950158586316,0.7186225645672859,0.7729950158586316,0.7172027289340519
swan_lake_17_orch.mid,/home/francesco/AutomaticMusicOrchestration/LOP_database_06_09_17/hand_picked_Spotify/48/swan_lake_17_orch.mid,XGBoost50,0.6587762832641602,0.8215903942002719,0.7109198006343452,0.8215903942002719,0.7132479781827515,0.8215903942002719,0.7109198006343452,0.8215903942002719,0.7105647121756582
swan_lake_17_orch.mid,/home/francesco/AutomaticMusicOrchestration/LOP_database_06_09_17/hand_picked_Spotify/48/swan_lake_17_orch.mid,RandomForest,1.152782917022705,1.0,0.6434073402809243,1.0,0.6478746457583524,1.0,0.6434073402809243,1.0,0.6444693220049401
swan_lake_17_orch.mid,/home/francesco/AutomaticMusicOrchestration/LOP_database_06_09_17/hand_picked_Spotify/48/swan_lake_17_orch.mid,RandomForest10,0.6897692680358887,0.7556637970095151,0.695514272768464,0.7556637970095151,0.7061994973218673,0.7556637970095151,0.695514272768464,0.7556637970095151,0.6913058673427229
swan_lake_17_orch.mid,/home/francesco/AutomaticMusicOrchestration/LOP_database_06_09_17/hand_picked_Spotify/48/swan_lake_17_orch.mid,RandomForest13,0.849224328994751,0.8155867693701858,0.6941549614861804,0.8155867693701858,0.7060089425979186,0.8155867693701858,0.6941549614861804,0.8155867693701858,0.6945668128661794
swan_lake_17_orch.mid,/home/francesco/AutomaticMusicOrchestration/LOP_database_06_09_17/hand_picked_Spotify/48/swan_lake_17_orch.mid,RandomForest16,0.9668903350830078,0.8823062981422746,0.6796556411418215,0.8823062981422746,0.6825662617560833,0.8823062981422746,0.6796556411418215,0.8823062981422746,0.6781254651221595
swan_lake_17_orch.mid,/home/francesco/AutomaticMusicOrchestration/LOP_database_06_09_17/hand_picked_Spotify/48/swan_lake_17_orch.mid,RandomForest20,1.0567889213562012,0.9561622111463525,0.6538287267784323,0.9561622111463525,0.6571096955793717,0.9561622111463525,0.6538287267784323,0.9561622111463525,0.6541132410363244
swan_lake_17_orch.mid,/home/francesco/AutomaticMusicOrchestration/LOP_database_06_09_17/hand_picked_Spotify/48/swan_lake_17_orch.mid,DecisionTree,0.030971050262451172,1.0,0.6397825101948346,1.0,0.6439968196031101,1.0,0.6397825101948346,1.0,0.6406422612620083
swan_lake_17_orch.mid,/home/francesco/AutomaticMusicOrchestration/LOP_database_06_09_17/hand_picked_Spotify/48/swan_lake_17_orch.mid,NearestNeighbors,0.7503440380096436,1.0,0.5296782963298595,1.0,0.5421142542156637,1.0,0.5296782963298595,1.0,0.5334986670380552
swan_lake_17_orch.mid,/home/francesco/AutomaticMusicOrchestration/LOP_database_06_09_17/hand_picked_Spotify/48/swan_lake_17_orch.mid,NaiveBayes,0.028049230575561523,0.5860897145446308,0.5799728137743543,0.5860897145446308,0.5822501487388168,0.5860897145446308,0.5799728137743543,0.5860897145446308,0.5511126180152044
swan_lake_17_orch.mid,/home/francesco/AutomaticMusicOrchestration/LOP_database_06_09_17/hand_picked_Spotify/48/swan_lake_17_orch.mid,AdaBoost,0.4676065444946289,0.2088808337109198,0.21341187131853195,0.2088808337109198,0.14927564090051368,0.2088808337109198,0.21341187131853195,0.2088808337109198,0.08984309747518059
swan_lake_17_orch.mid,/home/francesco/AutomaticMusicOrchestration/LOP_database_06_09_17/hand_picked_Spotify/48/swan_lake_17_orch.mid,Dummy0,0.004640102386474609,0.02560036248300861,0.01993656547349343,0.02560036248300861,0.0003974666428788903,0.02560036248300861,0.01993656547349343,0.02560036248300861,0.0007793948297056517
swan_lake_17_orch.mid,/home/francesco/AutomaticMusicOrchestration/LOP_database_06_09_17/hand_picked_Spotify/48/swan_lake_17_orch.mid,Dummy1,0.0046024322509765625,0.00985500679655641,0.009062075215224286,0.00985500679655641,8.212120720638228e-05,0.00985500679655641,0.009062075215224286,0.00985500679655641,0.00016276740395553278
swan_lake_17_orch.mid,/home/francesco/AutomaticMusicOrchestration/LOP_database_06_09_17/hand_picked_Spotify/48/swan_lake_17_orch.mid,DummyUnif,0.004821062088012695,0.04870865428183054,0.04984141368373358,0.04893520616221115,0.0743474511409306,0.04893520616221115,0.048482102401449935,0.04893520616221115,0.05480715637706915
Dvorak-Symphony9-2-from-the-New-World_orch.mid,/home/francesco/AutomaticMusicOrchestration/LOP_database_06_09_17/hand_picked_Spotify/5/Dvorak-Symphony9-2-from-the-New-World_orch.mid,XGBoost,1.2397351264953613,0.9965194692190559,0.8626086956521739,0.9965194692190559,0.8630482270094113,0.9965194692190559,0.8626086956521739,0.9965194692190559,0.8614856022392278
Dvorak-Symphony9-2-from-the-New-World_orch.mid,/home/francesco/AutomaticMusicOrchestration/LOP_database_06_09_17/hand_picked_Spotify/5/Dvorak-Symphony9-2-from-the-New-World_orch.mid,XGBoost5,0.05989670753479004,0.8673047639765065,0.7991304347826087,0.8673047639765065,0.794877401271284,0.8673047639765065,0.7991304347826087,0.8673047639765065,0.7957077030351648
Dvorak-Symphony9-2-from-the-New-World_orch.mid,/home/francesco/AutomaticMusicOrchestration/LOP_database_06_09_17/hand_picked_Spotify/5/Dvorak-Symphony9-2-from-the-New-World_orch.mid,XGBoost10,0.11357474327087402,0.9127691973025887,0.8191304347826087,0.9127691973025887,0.8147342735867417,0.9127691973025887,0.8191304347826087,0.9127691973025887,0.815643326359487
Dvorak-Symphony9-2-from-the-New-World_orch.mid,/home/francesco/AutomaticMusicOrchestration/LOP_database_06_09_17/hand_picked_Spotify/5/Dvorak-Symphony9-2-from-the-New-World_orch.mid,XGBoost20,0.20682835578918457,0.9564933652381988,0.8521739130434782,0.9564933652381988,0.8515537606407799,0.9564933652381988,0.8521739130434782,0.9564933652381988,0.8506047178287003
Dvorak-Symphony9-2-from-the-New-World_orch.mid,/home/francesco/AutomaticMusicOrchestration/LOP_database_06_09_17/hand_picked_Spotify/5/Dvorak-Symphony9-2-from-the-New-World_orch.mid,XGBoost50,0.47592592239379883,0.9902110071785948,0.8547826086956521,0.9902110071785948,0.8550943370180416,0.9902110071785948,0.8547826086956521,0.9902110071785948,0.8536716700108804
Dvorak-Symphony9-2-from-the-New-World_orch.mid,/home/francesco/AutomaticMusicOrchestration/LOP_database_06_09_17/hand_picked_Spotify/5/Dvorak-Symphony9-2-from-the-New-World_orch.mid,RandomForest,0.5764193534851074,0.9971720687404829,0.8452173913043478,0.9971720687404829,0.8406891992863627,0.9971720687404829,0.8452173913043478,0.9971720687404829,0.8416267285127231
Dvorak-Symphony9-2-from-the-New-World_orch.mid,/home/francesco/AutomaticMusicOrchestration/LOP_database_06_09_17/hand_picked_Spotify/5/Dvorak-Symphony9-2-from-the-New-World_orch.mid,RandomForest10,0.4864640235900879,0.9408309767239504,0.8243478260869566,0.9408309767239504,0.825109428161161,0.9408309767239504,0.8243478260869566,0.9408309767239504,0.8215896109806254
Dvorak-Symphony9-2-from-the-New-World_orch.mid,/home/francesco/AutomaticMusicOrchestration/LOP_database_06_09_17/hand_picked_Spotify/5/Dvorak-Symphony9-2-from-the-New-World_orch.mid,RandomForest13,0.5334575176239014,0.9854252773547966,0.8382608695652174,0.9854252773547966,0.8361730455064732,0.9854252773547966,0.8382608695652174,0.9854252773547966,0.8350715431258666
Dvorak-Symphony9-2-from-the-New-World_orch.mid,/home/francesco/AutomaticMusicOrchestration/LOP_database_06_09_17/hand_picked_Spotify/5/Dvorak-Symphony9-2-from-the-New-World_orch.mid,RandomForest16,0.5527434349060059,0.9954318033500109,0.8391304347826087,0.9954318033500109,0.8352957559645368,0.9954318033500109,0.8391304347826087,0.9954318033500109,0.835710518112252
Dvorak-Symphony9-2-from-the-New-World_orch.mid,/home/francesco/AutomaticMusicOrchestration/LOP_database_06_09_17/hand_picked_Spotify/5/Dvorak-Symphony9-2-from-the-New-World_orch.mid,RandomForest20,0.569481611251831,0.9971720687404829,0.8469565217391304,0.9971720687404829,0.8431072959183235,0.9971720687404829,0.8469565217391304,0.9971720687404829,0.8437916970883027
Dvorak-Symphony9-2-from-the-New-World_orch.mid,/home/francesco/AutomaticMusicOrchestration/LOP_database_06_09_17/hand_picked_Spotify/5/Dvorak-Symphony9-2-from-the-New-World_orch.mid,DecisionTree,0.018858671188354492,0.9971720687404829,0.8365217391304348,0.9971720687404829,0.8347861115021435,0.9971720687404829,0.8365217391304348,0.9971720687404829,0.8348581828836931
Dvorak-Symphony9-2-from-the-New-World_orch.mid,/home/francesco/AutomaticMusicOrchestration/LOP_database_06_09_17/hand_picked_Spotify/5/Dvorak-Symphony9-2-from-the-New-World_orch.mid,NearestNeighbors,0.3837242126464844,0.9971720687404829,0.8095652173913044,0.9971720687404829,0.8063540955748066,0.9971720687404829,0.8095652173913044,0.9971720687404829,0.8065760050604351
Dvorak-Symphony9-2-from-the-New-World_orch.mid,/home/francesco/AutomaticMusicOrchestration/LOP_database_06_09_17/hand_picked_Spotify/5/Dvorak-Symphony9-2-from-the-New-World_orch.mid,NaiveBayes,0.018819808959960938,0.5325212094844464,0.5060869565217392,0.5325212094844464,0.5007954109484499,0.5325212094844464,0.5060869565217392,0.5325212094844464,0.46603233743820144
Dvorak-Symphony9-2-from-the-New-World_orch.mid,/home/francesco/AutomaticMusicOrchestration/LOP_database_06_09_17/hand_picked_Spotify/5/Dvorak-Symphony9-2-from-the-New-World_orch.mid,AdaBoost,0.29247570037841797,0.3882967152490755,0.3582608695652174,0.3882967152490755,0.3090301269269323,0.3882967152490755,0.3582608695652174,0.3882967152490755,0.2926898210788893
Dvorak-Symphony9-2-from-the-New-World_orch.mid,/home/francesco/AutomaticMusicOrchestration/LOP_database_06_09_17/hand_picked_Spotify/5/Dvorak-Symphony9-2-from-the-New-World_orch.mid,Dummy0,0.0046689510345458984,0.0015227322166630412,0.0017391304347826088,0.0015227322166630412,3.0245746691871457e-06,0.0015227322166630412,0.0017391304347826088,0.0015227322166630412,6.038647342995169e-06
Dvorak-Symphony9-2-from-the-New-World_orch.mid,/home/francesco/AutomaticMusicOrchestration/LOP_database_06_09_17/hand_picked_Spotify/5/Dvorak-Symphony9-2-from-the-New-World_orch.mid,Dummy1,0.00441431999206543,0.011964324559495323,0.013043478260869565,0.011964324559495323,0.00017013232514177692,0.011964324559495323,0.013043478260869565,0.011964324559495323,0.00033588356036573985
Dvorak-Symphony9-2-from-the-New-World_orch.mid,/home/francesco/AutomaticMusicOrchestration/LOP_database_06_09_17/hand_picked_Spotify/5/Dvorak-Symphony9-2-from-the-New-World_orch.mid,DummyUnif,0.004374265670776367,0.0443767674570372,0.03826086956521739,0.04589949967370024,0.1002244944989336,0.04589949967370024,0.043478260869565216,0.04589949967370024,0.054593838792910146
tch_sy6a_orch.mid,/home/francesco/AutomaticMusicOrchestration/LOP_database_06_09_17/hand_picked_Spotify/33/tch_sy6a_orch.mid,XGBoost,1.6099278926849365,0.8804469273743016,0.770949720670391,0.8804469273743016,0.7707594327102014,0.8804469273743016,0.770949720670391,0.8804469273743016,0.7702981666350731
tch_sy6a_orch.mid,/home/francesco/AutomaticMusicOrchestration/LOP_database_06_09_17/hand_picked_Spotify/33/tch_sy6a_orch.mid,XGBoost5,0.1009056568145752,0.7040223463687151,0.6777653631284917,0.7040223463687151,0.6780409792676122,0.7040223463687151,0.6777653631284917,0.7040223463687151,0.6688789189476039
tch_sy6a_orch.mid,/home/francesco/AutomaticMusicOrchestration/LOP_database_06_09_17/hand_picked_Spotify/33/tch_sy6a_orch.mid,XGBoost10,0.16895818710327148,0.7367039106145251,0.6978770949720671,0.7367039106145251,0.6971371583162728,0.7367039106145251,0.6978770949720671,0.7367039106145251,0.6915636470603411
tch_sy6a_orch.mid,/home/francesco/AutomaticMusicOrchestration/LOP_database_06_09_17/hand_picked_Spotify/33/tch_sy6a_orch.mid,XGBoost20,0.3127720355987549,0.7763128491620112,0.7237988826815642,0.7763128491620112,0.7240560136030846,0.7763128491620112,0.7237988826815642,0.7763128491620112,0.7210823462699778
tch_sy6a_orch.mid,/home/francesco/AutomaticMusicOrchestration/LOP_database_06_09_17/hand_picked_Spotify/33/tch_sy6a_orch.mid,XGBoost50,0.7158255577087402,0.8422346368715083,0.7662569832402235,0.8422346368715083,0.7683251554668314,0.8422346368715083,0.7662569832402235,0.8422346368715083,0.7656749756328257
tch_sy6a_orch.mid,/home/francesco/AutomaticMusicOrchestration/LOP_database_06_09_17/hand_picked_Spotify/33/tch_sy6a_orch.mid,RandomForest,2.1752161979675293,0.9104469273743017,0.754413407821229,0.9104469273743017,0.7545695986785338,0.9104469273743017,0.754413407821229,0.9104469273743017,0.7540252720410268
tch_sy6a_orch.mid,/home/francesco/AutomaticMusicOrchestration/LOP_database_06_09_17/hand_picked_Spotify/33/tch_sy6a_orch.mid,RandomForest10,1.4240679740905762,0.7507262569832402,0.7018994413407821,0.7507262569832402,0.7109517436623024,0.7507262569832402,0.7018994413407821,0.7507262569832402,0.6958099048729091
tch_sy6a_orch.mid,/home/francesco/AutomaticMusicOrchestration/LOP_database_06_09_17/hand_picked_Spotify/33/tch_sy6a_orch.mid,RandomForest13,1.700850486755371,0.8605027932960894,0.7546368715083799,0.8605027932960894,0.7536301524936336,0.8605027932960894,0.7546368715083799,0.8605027932960894,0.7522045185674839
tch_sy6a_orch.mid,/home/francesco/AutomaticMusicOrchestration/LOP_database_06_09_17/hand_picked_Spotify/33/tch_sy6a_orch.mid,RandomForest16,1.927133321762085,0.9020670391061453,0.7557541899441341,0.9020670391061453,0.7551234871740418,0.9020670391061453,0.7557541899441341,0.9020670391061453,0.7548894740877226
tch_sy6a_orch.mid,/home/francesco/AutomaticMusicOrchestration/LOP_database_06_09_17/hand_picked_Spotify/33/tch_sy6a_orch.mid,RandomForest20,2.116382598876953,0.9099441340782123,0.7562011173184358,0.9099441340782123,0.7557423469136443,0.9099441340782123,0.7562011173184358,0.9099441340782123,0.7555137593611485
tch_sy6a_orch.mid,/home/francesco/AutomaticMusicOrchestration/LOP_database_06_09_17/hand_picked_Spotify/33/tch_sy6a_orch.mid,DecisionTree,0.0599672794342041,0.9104469273743017,0.7389944134078212,0.9104469273743017,0.7373590101609276,0.9104469273743017,0.7389944134078212,0.9104469273743017,0.7374775067648501
tch_sy6a_orch.mid,/home/francesco/AutomaticMusicOrchestration/LOP_database_06_09_17/hand_picked_Spotify/33/tch_sy6a_orch.mid,NearestNeighbors,1.4908778667449951,0.9103351955307263,0.7072625698324022,0.9103351955307263,0.706041821333911,0.9103351955307263,0.7072625698324022,0.9103351955307263,0.7059011002433758
tch_sy6a_orch.mid,/home/francesco/AutomaticMusicOrchestration/LOP_database_06_09_17/hand_picked_Spotify/33/tch_sy6a_orch.mid,NaiveBayes,0.03998994827270508,0.422122905027933,0.422122905027933,0.422122905027933,0.381515766233246,0.422122905027933,0.422122905027933,0.422122905027933,0.3845585800221905
tch_sy6a_orch.mid,/home/francesco/AutomaticMusicOrchestration/LOP_database_06_09_17/hand_picked_Spotify/33/tch_sy6a_orch.mid,AdaBoost,0.9077491760253906,0.39843575418994415,0.4022346368715084,0.39843575418994415,0.3510079439584426,0.39843575418994415,0.4022346368715084,0.39843575418994415,0.35291436285349614
tch_sy6a_orch.mid,/home/francesco/AutomaticMusicOrchestration/LOP_database_06_09_17/hand_picked_Spotify/33/tch_sy6a_orch.mid,Dummy0,0.00543522834777832,0.14558659217877096,0.1423463687150838,0.14558659217877096,0.020262488686370587,0.14558659217877096,0.1423463687150838,0.14558659217877096,0.035475210043626124
tch_sy6a_orch.mid,/home/francesco/AutomaticMusicOrchestration/LOP_database_06_09_17/hand_picked_Spotify/33/tch_sy6a_orch.mid,Dummy1,0.005237579345703125,0.10178770949720671,0.10435754189944134,0.10178770949720671,0.010890496551293654,0.10178770949720671,0.10435754189944134,0.10178770949720671,0.019722772993540715
tch_sy6a_orch.mid,/home/francesco/AutomaticMusicOrchestration/LOP_database_06_09_17/hand_picked_Spotify/33/tch_sy6a_orch.mid,DummyUnif,0.005942106246948242,0.06128491620111732,0.06659217877094972,0.06044692737430168,0.09541696661694538,0.06044692737430168,0.06726256983240224,0.06044692737430168,0.07579075768450282
swan_lake_27_orch.mid,/home/francesco/AutomaticMusicOrchestration/LOP_database_06_09_17/hand_picked_Spotify/59/swan_lake_27_orch.mid,XGBoost,0.714083194732666,0.9720777443197371,0.888402625820569,0.9720777443197371,0.8937656523224576,0.9720777443197371,0.888402625820569,0.9720777443197371,0.8899145807638135
swan_lake_27_orch.mid,/home/francesco/AutomaticMusicOrchestration/LOP_database_06_09_17/hand_picked_Spotify/59/swan_lake_27_orch.mid,XGBoost5,0.05474400520324707,0.8464275937585546,0.8074398249452954,0.8464275937585546,0.8278824866800293,0.8464275937585546,0.8074398249452954,0.8464275937585546,0.8100069111870276
swan_lake_27_orch.mid,/home/francesco/AutomaticMusicOrchestration/LOP_database_06_09_17/hand_picked_Spotify/59/swan_lake_27_orch.mid,XGBoost10,0.07736754417419434,0.8571037503421846,0.8260393873085339,0.8571037503421846,0.8482060017953834,0.8571037503421846,0.8260393873085339,0.8571037503421846,0.8290389338227047
swan_lake_27_orch.mid,/home/francesco/AutomaticMusicOrchestration/LOP_database_06_09_17/hand_picked_Spotify/59/swan_lake_27_orch.mid,XGBoost20,0.14633560180664062,0.8989871338625787,0.8479212253829321,0.8989871338625787,0.8591927207183514,0.8989871338625787,0.8479212253829321,0.8989871338625787,0.850966770501653
swan_lake_27_orch.mid,/home/francesco/AutomaticMusicOrchestration/LOP_database_06_09_17/hand_picked_Spotify/59/swan_lake_27_orch.mid,XGBoost50,0.32663631439208984,0.9542841500136874,0.8829321663019694,0.9542841500136874,0.8880656342050088,0.9542841500136874,0.8829321663019694,0.9542841500136874,0.8843836870970211
swan_lake_27_orch.mid,/home/francesco/AutomaticMusicOrchestration/LOP_database_06_09_17/hand_picked_Spotify/59/swan_lake_27_orch.mid,RandomForest,0.4266622066497803,0.9997262523952916,0.8654266958424508,0.9997262523952916,0.8703300117816756,0.9997262523952916,0.8654266958424508,0.9997262523952916,0.8669098480549953
swan_lake_27_orch.mid,/home/francesco/AutomaticMusicOrchestration/LOP_database_06_09_17/hand_picked_Spotify/59/swan_lake_27_orch.mid,RandomForest10,0.33780622482299805,0.8560087599233507,0.8107221006564551,0.8560087599233507,0.8371434632025287,0.8560087599233507,0.8107221006564551,0.8560087599233507,0.8051938507324109
swan_lake_27_orch.mid,/home/francesco/AutomaticMusicOrchestration/LOP_database_06_09_17/hand_picked_Spotify/59/swan_lake_27_orch.mid,RandomForest13,0.3791208267211914,0.9375855461264714,0.8555798687089715,0.9375855461264714,0.8675429129736717,0.9375855461264714,0.8555798687089715,0.9375855461264714,0.857305443457067
swan_lake_27_orch.mid,/home/francesco/AutomaticMusicOrchestration/LOP_database_06_09_17/hand_picked_Spotify/59/swan_lake_27_orch.mid,RandomForest16,0.39907407760620117,0.9789214344374487,0.8610503282275711,0.9789214344374487,0.8664547896144589,0.9789214344374487,0.8610503282275711,0.9789214344374487,0.862601516911334
swan_lake_27_orch.mid,/home/francesco/AutomaticMusicOrchestration/LOP_database_06_09_17/hand_picked_Spotify/59/swan_lake_27_orch.mid,RandomForest20,0.41214680671691895,0.9997262523952916,0.8698030634573304,0.9997262523952916,0.874550736568507,0.9997262523952916,0.8698030634573304,0.9997262523952916,0.871207977271418
swan_lake_27_orch.mid,/home/francesco/AutomaticMusicOrchestration/LOP_database_06_09_17/hand_picked_Spotify/59/swan_lake_27_orch.mid,DecisionTree,0.012972831726074219,1.0,0.8566739606126915,1.0,0.861014833906041,1.0,0.8566739606126915,1.0,0.857515808268995
swan_lake_27_orch.mid,/home/francesco/AutomaticMusicOrchestration/LOP_database_06_09_17/hand_picked_Spotify/59/swan_lake_27_orch.mid,NearestNeighbors,0.3381948471069336,1.0,0.8194748358862144,1.0,0.8236208581204594,1.0,0.8194748358862144,1.0,0.8199079490786936
swan_lake_27_orch.mid,/home/francesco/AutomaticMusicOrchestration/LOP_database_06_09_17/hand_picked_Spotify/59/swan_lake_27_orch.mid,NaiveBayes,0.01404571533203125,0.5589926088146728,0.5382932166301969,0.5589926088146728,0.5248524829178273,0.5589926088146728,0.5382932166301969,0.5589926088146728,0.49466228521748434
swan_lake_27_orch.mid,/home/francesco/AutomaticMusicOrchestration/LOP_database_06_09_17/hand_picked_Spotify/59/swan_lake_27_orch.mid,AdaBoost,0.2416975498199463,0.34327949630440735,0.3402625820568928,0.34327949630440735,0.19686532394612416,0.34327949630440735,0.3402625820568928,0.34327949630440735,0.23161742260844562
swan_lake_27_orch.mid,/home/francesco/AutomaticMusicOrchestration/LOP_database_06_09_17/hand_picked_Spotify/59/swan_lake_27_orch.mid,Dummy0,0.004132747650146484,0.010676156583629894,0.014223194748358862,0.010676156583629894,0.00020229926884974314,0.010676156583629894,0.014223194748358862,0.010676156583629894,0.00039892455604890017
swan_lake_27_orch.mid,/home/francesco/AutomaticMusicOrchestration/LOP_database_06_09_17/hand_picked_Spotify/59/swan_lake_27_orch.mid,Dummy1,0.0041658878326416016,0.005748699698877635,0.007658643326039387,0.005748699698877635,5.865481759548764e-05,0.005748699698877635,0.007658643326039387,0.005748699698877635,0.00011641803101471381
swan_lake_27_orch.mid,/home/francesco/AutomaticMusicOrchestration/LOP_database_06_09_17/hand_picked_Spotify/59/swan_lake_27_orch.mid,DummyUnif,0.0041887760162353516,0.050917054475773334,0.05579868708971553,0.05721324938406789,0.0947336245150441,0.05721324938406789,0.0525164113785558,0.05721324938406789,0.06550487158877082
4th-movement-Ulrich-Sehr-feierlich-aber_orch.mid,/home/francesco/AutomaticMusicOrchestration/LOP_database_06_09_17/hand_picked_Spotify/18/4th-movement-Ulrich-Sehr-feierlich-aber_orch.mid,XGBoost,0.25546836853027344,1.0,0.7317073170731707,1.0,0.7390243902439024,1.0,0.7317073170731707,1.0,0.7340724316334073
4th-movement-Ulrich-Sehr-feierlich-aber_orch.mid,/home/francesco/AutomaticMusicOrchestration/LOP_database_06_09_17/hand_picked_Spotify/18/4th-movement-Ulrich-Sehr-feierlich-aber_orch.mid,XGBoost5,0.01631641387939453,0.9079754601226994,0.7560975609756098,0.9079754601226994,0.7808265582655826,0.9079754601226994,0.7560975609756098,0.9079754601226994,0.7626614060258249
4th-movement-Ulrich-Sehr-feierlich-aber_orch.mid,/home/francesco/AutomaticMusicOrchestration/LOP_database_06_09_17/hand_picked_Spotify/18/4th-movement-Ulrich-Sehr-feierlich-aber_orch.mid,XGBoost10,0.03287172317504883,0.9447852760736196,0.7804878048780488,0.9447852760736196,0.801829268292683,0.9447852760736196,0.7804878048780488,0.9447852760736196,0.7869918699186992
4th-movement-Ulrich-Sehr-feierlich-aber_orch.mid,/home/francesco/AutomaticMusicOrchestration/LOP_database_06_09_17/hand_picked_Spotify/18/4th-movement-Ulrich-Sehr-feierlich-aber_orch.mid,XGBoost20,0.038861989974975586,0.9877300613496932,0.7560975609756098,0.9877300613496932,0.7611973392461198,0.9877300613496932,0.7560975609756098,0.9877300613496932,0.755961112058673
4th-movement-Ulrich-Sehr-feierlich-aber_orch.mid,/home/francesco/AutomaticMusicOrchestration/LOP_database_06_09_17/hand_picked_Spotify/18/4th-movement-Ulrich-Sehr-feierlich-aber_orch.mid,XGBoost50,0.07810091972351074,1.0,0.7804878048780488,1.0,0.7896526237989653,1.0,0.7804878048780488,1.0,0.782227528568992
4th-movement-Ulrich-Sehr-feierlich-aber_orch.mid,/home/francesco/AutomaticMusicOrchestration/LOP_database_06_09_17/hand_picked_Spotify/18/4th-movement-Ulrich-Sehr-feierlich-aber_orch.mid,RandomForest,0.14655756950378418,1.0,0.7317073170731707,1.0,0.7682926829268293,1.0,0.7317073170731707,1.0,0.7463414634146341
4th-movement-Ulrich-Sehr-feierlich-aber_orch.mid,/home/francesco/AutomaticMusicOrchestration/LOP_database_06_09_17/hand_picked_Spotify/18/4th-movement-Ulrich-Sehr-feierlich-aber_orch.mid,RandomForest10,0.11493062973022461,1.0,0.7317073170731707,1.0,0.7682926829268293,1.0,0.7317073170731707,1.0,0.7463414634146341
4th-movement-Ulrich-Sehr-feierlich-aber_orch.mid,/home/francesco/AutomaticMusicOrchestration/LOP_database_06_09_17/hand_picked_Spotify/18/4th-movement-Ulrich-Sehr-feierlich-aber_orch.mid,RandomForest13,0.11641216278076172,1.0,0.7317073170731707,1.0,0.7926829268292683,1.0,0.7317073170731707,1.0,0.7496790757381258
4th-movement-Ulrich-Sehr-feierlich-aber_orch.mid,/home/francesco/AutomaticMusicOrchestration/LOP_database_06_09_17/hand_picked_Spotify/18/4th-movement-Ulrich-Sehr-feierlich-aber_orch.mid,RandomForest16,0.11341190338134766,1.0,0.7317073170731707,1.0,0.7926829268292683,1.0,0.7317073170731707,1.0,0.7496790757381258
4th-movement-Ulrich-Sehr-feierlich-aber_orch.mid,/home/francesco/AutomaticMusicOrchestration/LOP_database_06_09_17/hand_picked_Spotify/18/4th-movement-Ulrich-Sehr-feierlich-aber_orch.mid,RandomForest20,0.11527514457702637,1.0,0.7317073170731707,1.0,0.7682926829268293,1.0,0.7317073170731707,1.0,0.7463414634146341
4th-movement-Ulrich-Sehr-feierlich-aber_orch.mid,/home/francesco/AutomaticMusicOrchestration/LOP_database_06_09_17/hand_picked_Spotify/18/4th-movement-Ulrich-Sehr-feierlich-aber_orch.mid,DecisionTree,0.004472255706787109,1.0,0.7073170731707317,1.0,0.7439024390243902,1.0,0.7073170731707317,1.0,0.7143490655685777
4th-movement-Ulrich-Sehr-feierlich-aber_orch.mid,/home/francesco/AutomaticMusicOrchestration/LOP_database_06_09_17/hand_picked_Spotify/18/4th-movement-Ulrich-Sehr-feierlich-aber_orch.mid,NearestNeighbors,0.01972341537475586,1.0,0.7560975609756098,1.0,0.8170731707317073,1.0,0.7560975609756098,1.0,0.782506307821699
4th-movement-Ulrich-Sehr-feierlich-aber_orch.mid,/home/francesco/AutomaticMusicOrchestration/LOP_database_06_09_17/hand_picked_Spotify/18/4th-movement-Ulrich-Sehr-feierlich-aber_orch.mid,NaiveBayes,0.005421638488769531,0.7668711656441718,0.6829268292682927,0.7668711656441718,0.7119733924611974,0.7668711656441718,0.6829268292682927,0.7668711656441718,0.6947867103460038
4th-movement-Ulrich-Sehr-feierlich-aber_orch.mid,/home/francesco/AutomaticMusicOrchestration/LOP_database_06_09_17/hand_picked_Spotify/18/4th-movement-Ulrich-Sehr-feierlich-aber_orch.mid,AdaBoost,0.07897496223449707,0.4294478527607362,0.21951219512195122,0.4294478527607362,0.11400591278640058,0.4294478527607362,0.21951219512195122,0.4294478527607362,0.1344143661216832
4th-movement-Ulrich-Sehr-feierlich-aber_orch.mid,/home/francesco/AutomaticMusicOrchestration/LOP_database_06_09_17/hand_picked_Spotify/18/4th-movement-Ulrich-Sehr-feierlich-aber_orch.mid,Dummy0,0.003536701202392578,0.049079754601226995,0.0,0.049079754601226995,0.0,0.049079754601226995,0.0,0.049079754601226995,0.0
4th-movement-Ulrich-Sehr-feierlich-aber_orch.mid,/home/francesco/AutomaticMusicOrchestration/LOP_database_06_09_17/hand_picked_Spotify/18/4th-movement-Ulrich-Sehr-feierlich-aber_orch.mid,Dummy1,0.003570556640625,0.2392638036809816,0.17073170731707318,0.2392638036809816,0.029149315883402742,0.2392638036809816,0.17073170731707318,0.2392638036809816,0.04979674796747968
4th-movement-Ulrich-Sehr-feierlich-aber_orch.mid,/home/francesco/AutomaticMusicOrchestration/LOP_database_06_09_17/hand_picked_Spotify/18/4th-movement-Ulrich-Sehr-feierlich-aber_orch.mid,DummyUnif,0.0038726329803466797,0.11042944785276074,0.07317073170731707,0.10429447852760736,0.21788617886178863,0.10429447852760736,0.12195121951219512,0.10429447852760736,0.1562137049941928
swan_lake_04_orch.mid,/home/francesco/AutomaticMusicOrchestration/LOP_database_06_09_17/hand_picked_Spotify/35/swan_lake_04_orch.mid,XGBoost,1.4277517795562744,0.9176366482880676,0.8347399945548598,0.9176366482880676,0.8331784269713565,0.9176366482880676,0.8347399945548598,0.9176366482880676,0.833454754158293
swan_lake_04_orch.mid,/home/francesco/AutomaticMusicOrchestration/LOP_database_06_09_17/hand_picked_Spotify/35/swan_lake_04_orch.mid,XGBoost5,0.08523011207580566,0.7926621741202097,0.7781105363463109,0.7926621741202097,0.7928739144051282,0.7926621741202097,0.7781105363463109,0.7926621741202097,0.7725086479025459
swan_lake_04_orch.mid,/home/francesco/AutomaticMusicOrchestration/LOP_database_06_09_17/hand_picked_Spotify/35/swan_lake_04_orch.mid,XGBoost10,0.2090742588043213,0.8134912531481859,0.7930846719303022,0.8134912531481859,0.8050121843341174,0.8134912531481859,0.7930846719303022,0.8134912531481859,0.7902737386627974
swan_lake_04_orch.mid,/home/francesco/AutomaticMusicOrchestration/LOP_database_06_09_17/hand_picked_Spotify/35/swan_lake_04_orch.mid,XGBoost20,0.28461790084838867,0.8475256960043565,0.8148652327797441,0.8475256960043565,0.8175378360979187,0.8475256960043565,0.8148652327797441,0.8475256960043565,0.8140807079036717
swan_lake_04_orch.mid,/home/francesco/AutomaticMusicOrchestration/LOP_database_06_09_17/hand_picked_Spotify/35/swan_lake_04_orch.mid,XGBoost50,0.6589467525482178,0.8943570893744469,0.8344677375442417,0.8943570893744469,0.8340047451672428,0.8943570893744469,0.8344677375442417,0.8943570893744469,0.8330193403259487
swan_lake_04_orch.mid,/home/francesco/AutomaticMusicOrchestration/LOP_database_06_09_17/hand_picked_Spotify/35/swan_lake_04_orch.mid,RandomForest,1.7130846977233887,0.9999319311142877,0.8135039477266539,0.9999319311142877,0.8125285439286984,0.9999319311142877,0.8135039477266539,0.9999319311142877,0.8127934531807568
swan_lake_04_orch.mid,/home/francesco/AutomaticMusicOrchestration/LOP_database_06_09_17/hand_picked_Spotify/35/swan_lake_04_orch.mid,RandomForest10,1.16416597366333,0.8345926077190117,0.7933569289409202,0.8345926077190117,0.8052623903978248,0.8345926077190117,0.7933569289409202,0.8345926077190117,0.7898111068031017
swan_lake_04_orch.mid,/home/francesco/AutomaticMusicOrchestration/LOP_database_06_09_17/hand_picked_Spotify/35/swan_lake_04_orch.mid,RandomForest13,1.348318338394165,0.9062691443741066,0.813231690716036,0.9062691443741066,0.8181497048413063,0.9062691443741066,0.813231690716036,0.9062691443741066,0.8125520417309106
swan_lake_04_orch.mid,/home/francesco/AutomaticMusicOrchestration/LOP_database_06_09_17/hand_picked_Spotify/35/swan_lake_04_orch.mid,RandomForest16,1.481036901473999,0.9506500578585528,0.8219439150558127,0.9506500578585528,0.8221219518262944,0.9506500578585528,0.8219439150558127,0.9506500578585528,0.8209448717415685
swan_lake_04_orch.mid,/home/francesco/AutomaticMusicOrchestration/LOP_database_06_09_17/hand_picked_Spotify/35/swan_lake_04_orch.mid,RandomForest20,1.6502068042755127,0.9833231230004765,0.8219439150558127,0.9833231230004765,0.8208775898368976,0.9833231230004765,0.8219439150558127,0.9833231230004765,0.8211017321969956
swan_lake_04_orch.mid,/home/francesco/AutomaticMusicOrchestration/LOP_database_06_09_17/hand_picked_Spotify/35/swan_lake_04_orch.mid,DecisionTree,0.04556107521057129,1.0,0.8162265178328342,1.0,0.8146921025556878,1.0,0.8162265178328342,1.0,0.8152460274936587
swan_lake_04_orch.mid,/home/francesco/AutomaticMusicOrchestration/LOP_database_06_09_17/hand_picked_Spotify/35/swan_lake_04_orch.mid,NearestNeighbors,1.2497520446777344,1.0,0.7214810781377621,1.0,0.7174945311207414,1.0,0.7214810781377621,1.0,0.7191429115269692
swan_lake_04_orch.mid,/home/francesco/AutomaticMusicOrchestration/LOP_database_06_09_17/hand_picked_Spotify/35/swan_lake_04_orch.mid,NaiveBayes,0.04394173622131348,0.6091484582397386,0.5978763953171794,0.6091484582397386,0.5689445631592274,0.6091484582397386,0.5978763953171794,0.6091484582397386,0.5543415352306986
swan_lake_04_orch.mid,/home/francesco/AutomaticMusicOrchestration/LOP_database_06_09_17/hand_picked_Spotify/35/swan_lake_04_orch.mid,AdaBoost,0.8200669288635254,0.327683615819209,0.3441328614211816,0.327683615819209,0.17812057495637515,0.327683615819209,0.3441328614211816,0.327683615819209,0.21506086385638767
swan_lake_04_orch.mid,/home/francesco/AutomaticMusicOrchestration/LOP_database_06_09_17/hand_picked_Spotify/35/swan_lake_04_orch.mid,Dummy0,0.005293846130371094,0.021713974542236742,0.02150830383882385,0.021713974542236742,0.00046260713402316477,0.021713974542236742,0.02150830383882385,0.021713974542236742,0.0009057334772212603
swan_lake_04_orch.mid,/home/francesco/AutomaticMusicOrchestration/LOP_database_06_09_17/hand_picked_Spotify/35/swan_lake_04_orch.mid,Dummy1,0.005010843276977539,0.020080321285140562,0.017152191668935474,0.020080321285140562,0.0002941976790478995,0.020080321285140562,0.017152191668935474,0.020080321285140562,0.0005784732736311214
swan_lake_04_orch.mid,/home/francesco/AutomaticMusicOrchestration/LOP_database_06_09_17/hand_picked_Spotify/35/swan_lake_04_orch.mid,DummyUnif,0.006074190139770508,0.04233884691307603,0.03947726653961339,0.04288339799877476,0.05754379770621114,0.04288339799877476,0.038660495507759324,0.04288339799877476,0.04199872523809984
1631petrushk_orch.mid,/home/francesco/AutomaticMusicOrchestration/LOP_database_06_09_17/hand_picked_Spotify/19/1631petrushk_orch.mid,XGBoost,2.6705355644226074,0.6895423053843216,0.5230198559895265,0.6895423053843216,0.53581928463779,0.6895423053843216,0.5230198559895265,0.6895423053843216,0.5249769372287867
1631petrushk_orch.mid,/home/francesco/AutomaticMusicOrchestration/LOP_database_06_09_17/hand_picked_Spotify/19/1631petrushk_orch.mid,XGBoost5,0.8973791599273682,0.5459603949593584,0.5094915993890464,0.5459603949593584,0.534232484446764,0.5459603949593584,0.5094915993890464,0.5459603949593584,0.5042374608372197
1631petrushk_orch.mid,/home/francesco/AutomaticMusicOrchestration/LOP_database_06_09_17/hand_picked_Spotify/19/1631petrushk_orch.mid,XGBoost10,0.30910325050354004,0.5654356008946593,0.52367444905084,0.5654356008946593,0.5435096674887975,0.5654356008946593,0.52367444905084,0.5654356008946593,0.5194098777386235
1631petrushk_orch.mid,/home/francesco/AutomaticMusicOrchestration/LOP_database_06_09_17/hand_picked_Spotify/19/1631petrushk_orch.mid,XGBoost20,0.7152249813079834,0.5961486007310022,0.5378572987126337,0.5961486007310022,0.5523862846616903,0.5961486007310022,0.5378572987126337,0.5961486007310022,0.5351181121353948
1631petrushk_orch.mid,/home/francesco/AutomaticMusicOrchestration/LOP_database_06_09_17/hand_picked_Spotify/19/1631petrushk_orch.mid,XGBoost50,1.434497356414795,0.6543560089465932,0.5435304385773511,0.6543560089465932,0.5588984382907835,0.6543560089465932,0.5435304385773511,0.6543560089465932,0.5442726740987164
1631petrushk_orch.mid,/home/francesco/AutomaticMusicOrchestration/LOP_database_06_09_17/hand_picked_Spotify/19/1631petrushk_orch.mid,RandomForest,2.9390387535095215,0.7650428236320986,0.43203142046694304,0.7650428236320986,0.4363514768046001,0.7650428236320986,0.43203142046694304,0.7650428236320986,0.43347506404284036
1631petrushk_orch.mid,/home/francesco/AutomaticMusicOrchestration/LOP_database_06_09_17/hand_picked_Spotify/19/1631petrushk_orch.mid,RandomForest10,1.451017141342163,0.5969668866946702,0.5204014837442723,0.5969668866946702,0.542112598476843,0.5969668866946702,0.5204014837442723,0.5969668866946702,0.5171227509409517
1631petrushk_orch.mid,/home/francesco/AutomaticMusicOrchestration/LOP_database_06_09_17/hand_picked_Spotify/19/1631petrushk_orch.mid,RandomForest13,1.9014339447021484,0.6808139217718618,0.5121099716343007,0.6808139217718618,0.5257848271171849,0.6808139217718618,0.5121099716343007,0.6808139217718618,0.5097497122434541
1631petrushk_orch.mid,/home/francesco/AutomaticMusicOrchestration/LOP_database_06_09_17/hand_picked_Spotify/19/1631petrushk_orch.mid,RandomForest16,2.3468897342681885,0.7409852163002564,0.4785075278202051,0.7409852163002564,0.48831470451500214,0.7409852163002564,0.4785075278202051,0.7409852163002564,0.4794709957772557
1631petrushk_orch.mid,/home/francesco/AutomaticMusicOrchestration/LOP_database_06_09_17/hand_picked_Spotify/19/1631petrushk_orch.mid,RandomForest20,2.7819011211395264,0.7636244612950739,0.4407593279511237,0.7636244612950739,0.447182309331043,0.7636244612950739,0.4407593279511237,0.7636244612950739,0.4428409715325605
1631petrushk_orch.mid,/home/francesco/AutomaticMusicOrchestration/LOP_database_06_09_17/hand_picked_Spotify/19/1631petrushk_orch.mid,DecisionTree,0.06482481956481934,0.7650428236320986,0.4224307222343443,0.7650428236320986,0.432087219858883,0.7650428236320986,0.4224307222343443,0.7650428236320986,0.42438590158290895
1631petrushk_orch.mid,/home/francesco/AutomaticMusicOrchestration/LOP_database_06_09_17/hand_picked_Spotify/19/1631petrushk_orch.mid,NearestNeighbors,1.5452189445495605,0.7647700616442092,0.2627100152738381,0.7647700616442092,0.26638544848542295,0.7647700616442092,0.2627100152738381,0.7647700616442092,0.2636116353288296
1631petrushk_orch.mid,/home/francesco/AutomaticMusicOrchestration/LOP_database_06_09_17/hand_picked_Spotify/19/1631petrushk_orch.mid,NaiveBayes,0.07010889053344727,0.1915880202934919,0.18372245254200306,0.1915880202934919,0.18141517566836887,0.1915880202934919,0.18372245254200306,0.1915880202934919,0.14893219115292253
1631petrushk_orch.mid,/home/francesco/AutomaticMusicOrchestration/LOP_database_06_09_17/hand_picked_Spotify/19/1631petrushk_orch.mid,AdaBoost,1.0608494281768799,0.17958649282635972,0.17783111499018112,0.17958649282635972,0.06926663365988753,0.17958649282635972,0.17783111499018112,0.17958649282635972,0.09177840430516944
1631petrushk_orch.mid,/home/francesco/AutomaticMusicOrchestration/LOP_database_06_09_17/hand_picked_Spotify/19/1631petrushk_orch.mid,Dummy0,0.0066564083099365234,0.026785227210735913,0.032075060004363956,0.026785227210735913,0.0010288094742835483,0.026785227210735913,0.032075060004363956,0.026785227210735913,0.0019936718057680766
1631petrushk_orch.mid,/home/francesco/AutomaticMusicOrchestration/LOP_database_06_09_17/hand_picked_Spotify/19/1631petrushk_orch.mid,Dummy1,0.0065996646881103516,0.010364955539795974,0.0078551167357626,0.010364955539795974,6.17028589324577e-05,0.010364955539795974,0.0078551167357626,0.010364955539795974,0.0001224439066843272
1631petrushk_orch.mid,/home/francesco/AutomaticMusicOrchestration/LOP_database_06_09_17/hand_picked_Spotify/19/1631petrushk_orch.mid,DummyUnif,0.007109642028808594,0.031585838197588784,0.027929303949378138,0.029949266270252576,0.053453507238908946,0.029949266270252576,0.029456687759109753,0.029949266270252576,0.03537101843535277
nocturnes_3_orch.mid,/home/francesco/AutomaticMusicOrchestration/LOP_database_06_09_17/hand_picked_Spotify/24/nocturnes_3_orch.mid,XGBoost,1.2639265060424805,0.8893517116025447,0.7906694940926992,0.8893517116025447,0.7905890464341874,0.8893517116025447,0.7906694940926992,0.8893517116025447,0.7901713015493552
nocturnes_3_orch.mid,/home/francesco/AutomaticMusicOrchestration/LOP_database_06_09_17/hand_picked_Spotify/24/nocturnes_3_orch.mid,XGBoost5,0.2610743045806885,0.7024386549530446,0.6658588306573765,0.7024386549530446,0.6670764789216441,0.7024386549530446,0.6658588306573765,0.7024386549530446,0.6587268063349346
nocturnes_3_orch.mid,/home/francesco/AutomaticMusicOrchestration/LOP_database_06_09_17/hand_picked_Spotify/24/nocturnes_3_orch.mid,XGBoost10,0.14490127563476562,0.7399272947591639,0.7025143895789154,0.7399272947591639,0.7038238198706109,0.7399272947591639,0.7025143895789154,0.7399272947591639,0.6969164267073172
nocturnes_3_orch.mid,/home/francesco/AutomaticMusicOrchestration/LOP_database_06_09_17/hand_picked_Spotify/24/nocturnes_3_orch.mid,XGBoost20,0.2868974208831787,0.7889275976976674,0.7421993335352923,0.7889275976976674,0.7402644040624876,0.7889275976976674,0.7421993335352923,0.7889275976976674,0.7385157614485567
nocturnes_3_orch.mid,/home/francesco/AutomaticMusicOrchestration/LOP_database_06_09_17/hand_picked_Spotify/24/nocturnes_3_orch.mid,XGBoost50,0.6120266914367676,0.8554983338382308,0.7773401999394123,0.8554983338382308,0.7766138127588387,0.8554983338382308,0.7773401999394123,0.8554983338382308,0.7757710968361199
nocturnes_3_orch.mid,/home/francesco/AutomaticMusicOrchestration/LOP_database_06_09_17/hand_picked_Spotify/24/nocturnes_3_orch.mid,RandomForest,1.5401637554168701,0.9533474704634959,0.8149045743714026,0.9533474704634959,0.8147746423176468,0.9533474704634959,0.8149045743714026,0.9533474704634959,0.8141491247185171
nocturnes_3_orch.mid,/home/francesco/AutomaticMusicOrchestration/LOP_database_06_09_17/hand_picked_Spotify/24/nocturnes_3_orch.mid,RandomForest10,0.9738235473632812,0.7815056043623144,0.729475916388973,0.7815056043623144,0.7309145809782621,0.7815056043623144,0.729475916388973,0.7815056043623144,0.7260159932173378
nocturnes_3_orch.mid,/home/francesco/AutomaticMusicOrchestration/LOP_database_06_09_17/hand_picked_Spotify/24/nocturnes_3_orch.mid,RandomForest13,1.232130765914917,0.8927597697667373,0.7833989700090882,0.8927597697667373,0.7829483763560066,0.8927597697667373,0.7833989700090882,0.8927597697667373,0.7817264039963094
nocturnes_3_orch.mid,/home/francesco/AutomaticMusicOrchestration/LOP_database_06_09_17/hand_picked_Spotify/24/nocturnes_3_orch.mid,RandomForest16,1.3734261989593506,0.9391850954256286,0.7997576491972129,0.9391850954256286,0.7986312037092596,0.9391850954256286,0.7997576491972129,0.9391850954256286,0.7983928421496973
nocturnes_3_orch.mid,/home/francesco/AutomaticMusicOrchestration/LOP_database_06_09_17/hand_picked_Spotify/24/nocturnes_3_orch.mid,RandomForest20,1.4997174739837646,0.9525901242047864,0.8115722508330809,0.9525901242047864,0.8117494736024253,0.9525901242047864,0.8115722508330809,0.9525901242047864,0.8110679179938991
nocturnes_3_orch.mid,/home/francesco/AutomaticMusicOrchestration/LOP_database_06_09_17/hand_picked_Spotify/24/nocturnes_3_orch.mid,DecisionTree,0.038785457611083984,0.9533474704634959,0.7961223871554075,0.9533474704634959,0.7969242603305511,0.9533474704634959,0.7961223871554075,0.9533474704634959,0.7958703150941652
nocturnes_3_orch.mid,/home/francesco/AutomaticMusicOrchestration/LOP_database_06_09_17/hand_picked_Spotify/24/nocturnes_3_orch.mid,NearestNeighbors,1.1421737670898438,0.950318085428658,0.6882762799151773,0.950318085428658,0.6874744125651773,0.950318085428658,0.6882762799151773,0.950318085428658,0.6868209611227831
nocturnes_3_orch.mid,/home/francesco/AutomaticMusicOrchestration/LOP_database_06_09_17/hand_picked_Spotify/24/nocturnes_3_orch.mid,NaiveBayes,0.03601479530334473,0.34391093607997575,0.3462587094819752,0.34391093607997575,0.3210272692754683,0.34391093607997575,0.3462587094819752,0.34391093607997575,0.30940913601514064
nocturnes_3_orch.mid,/home/francesco/AutomaticMusicOrchestration/LOP_database_06_09_17/hand_picked_Spotify/24/nocturnes_3_orch.mid,AdaBoost,0.6487109661102295,0.28468645864889425,0.28415631626779764,0.28468645864889425,0.1859238261665357,0.28468645864889425,0.28415631626779764,0.28468645864889425,0.22193547670097188
nocturnes_3_orch.mid,/home/francesco/AutomaticMusicOrchestration/LOP_database_06_09_17/hand_picked_Spotify/24/nocturnes_3_orch.mid,Dummy0,0.005903720855712891,0.002272038776128446,0.0021205695243865495,0.002272038776128446,4.496815107756997e-06,0.002272038776128446,0.0021205695243865495,0.002272038776128446,8.974598954477537e-06
nocturnes_3_orch.mid,/home/francesco/AutomaticMusicOrchestration/LOP_database_06_09_17/hand_picked_Spotify/24/nocturnes_3_orch.mid,Dummy1,0.004488706588745117,0.027946076946379884,0.024235080278703424,0.027946076946379884,0.0005873391161151996,0.027946076946379884,0.024235080278703424,0.027946076946379884,0.0011468834204651133
nocturnes_3_orch.mid,/home/francesco/AutomaticMusicOrchestration/LOP_database_06_09_17/hand_picked_Spotify/24/nocturnes_3_orch.mid,DummyUnif,0.005603790283203125,0.05899727355346865,0.05786125416540442,0.058921538927597696,0.12623422708287624,0.058921538927597696,0.061193577703726146,0.058921538927597696,0.07552162217632309
Orfeo ed Euridice (16)_orch.mid,/home/francesco/AutomaticMusicOrchestration/LOP_database_06_09_17/hand_picked_Spotify/63/Orfeo ed Euridice (16)_orch.mid,XGBoost,0.26853466033935547,0.9861641221374046,0.8854961832061069,0.9861641221374046,0.8842719851739054,0.9861641221374046,0.8854961832061069,0.9861641221374046,0.8845072677119946
Orfeo ed Euridice (16)_orch.mid,/home/francesco/AutomaticMusicOrchestration/LOP_database_06_09_17/hand_picked_Spotify/63/Orfeo ed Euridice (16)_orch.mid,XGBoost5,0.02400684356689453,0.9103053435114504,0.8549618320610687,0.9103053435114504,0.8552121106424354,0.9103053435114504,0.8549618320610687,0.9103053435114504,0.853073848098983
Orfeo ed Euridice (16)_orch.mid,/home/francesco/AutomaticMusicOrchestration/LOP_database_06_09_17/hand_picked_Spotify/63/Orfeo ed Euridice (16)_orch.mid,XGBoost10,0.04106593132019043,0.9355916030534351,0.8778625954198473,0.9355916030534351,0.8795692965977726,0.9355916030534351,0.8778625954198473,0.9355916030534351,0.8770526733202383
Orfeo ed Euridice (16)_orch.mid,/home/francesco/AutomaticMusicOrchestration/LOP_database_06_09_17/hand_picked_Spotify/63/Orfeo ed Euridice (16)_orch.mid,XGBoost20,0.06359982490539551,0.9618320610687023,0.8931297709923665,0.9618320610687023,0.8928628295145432,0.9618320610687023,0.8931297709923665,0.9618320610687023,0.892014042327465
Orfeo ed Euridice (16)_orch.mid,/home/francesco/AutomaticMusicOrchestration/LOP_database_06_09_17/hand_picked_Spotify/63/Orfeo ed Euridice (16)_orch.mid,XGBoost50,0.23660945892333984,0.9818702290076335,0.8893129770992366,0.9818702290076335,0.8892149932046515,0.9818702290076335,0.8893129770992366,0.9818702290076335,0.8884454275355418
Orfeo ed Euridice (16)_orch.mid,/home/francesco/AutomaticMusicOrchestration/LOP_database_06_09_17/hand_picked_Spotify/63/Orfeo ed Euridice (16)_orch.mid,RandomForest,0.30308985710144043,0.9866412213740458,0.8740458015267175,0.9866412213740458,0.8723610405401013,0.9866412213740458,0.8740458015267175,0.9866412213740458,0.8728536406930505
Orfeo ed Euridice (16)_orch.mid,/home/francesco/AutomaticMusicOrchestration/LOP_database_06_09_17/hand_picked_Spotify/63/Orfeo ed Euridice (16)_orch.mid,RandomForest10,0.24817967414855957,0.9460877862595419,0.8625954198473282,0.9460877862595419,0.8658305983515017,0.9460877862595419,0.8625954198473282,0.9460877862595419,0.8607582245754195
Orfeo ed Euridice (16)_orch.mid,/home/francesco/AutomaticMusicOrchestration/LOP_database_06_09_17/hand_picked_Spotify/63/Orfeo ed Euridice (16)_orch.mid,RandomForest13,0.26609039306640625,0.9718511450381679,0.8816793893129771,0.9718511450381679,0.881614085501677,0.9718511450381679,0.8816793893129771,0.9718511450381679,0.8807169567399971
Orfeo ed Euridice (16)_orch.mid,/home/francesco/AutomaticMusicOrchestration/LOP_database_06_09_17/hand_picked_Spotify/63/Orfeo ed Euridice (16)_orch.mid,RandomForest16,0.2703824043273926,0.9852099236641222,0.8816793893129771,0.9852099236641222,0.879947036123756,0.9852099236641222,0.8816793893129771,0.9852099236641222,0.8804355072111837
Orfeo ed Euridice (16)_orch.mid,/home/francesco/AutomaticMusicOrchestration/LOP_database_06_09_17/hand_picked_Spotify/63/Orfeo ed Euridice (16)_orch.mid,RandomForest20,0.2752501964569092,0.9866412213740458,0.8721374045801527,0.9866412213740458,0.8708712627519125,0.9866412213740458,0.8721374045801527,0.9866412213740458,0.8712442903855957
Orfeo ed Euridice (16)_orch.mid,/home/francesco/AutomaticMusicOrchestration/LOP_database_06_09_17/hand_picked_Spotify/63/Orfeo ed Euridice (16)_orch.mid,DecisionTree,0.009022712707519531,0.9866412213740458,0.8530534351145038,0.9866412213740458,0.8528593101658307,0.9866412213740458,0.8530534351145038,0.9866412213740458,0.8523080970681213
Orfeo ed Euridice (16)_orch.mid,/home/francesco/AutomaticMusicOrchestration/LOP_database_06_09_17/hand_picked_Spotify/63/Orfeo ed Euridice (16)_orch.mid,NearestNeighbors,0.174882173538208,0.9866412213740458,0.7022900763358778,0.9866412213740458,0.6917242243535361,0.9866412213740458,0.7022900763358778,0.9866412213740458,0.6913320241433145
Orfeo ed Euridice (16)_orch.mid,/home/francesco/AutomaticMusicOrchestration/LOP_database_06_09_17/hand_picked_Spotify/63/Orfeo ed Euridice (16)_orch.mid,NaiveBayes,0.007097482681274414,0.6564885496183206,0.6755725190839694,0.6564885496183206,0.6903857059096487,0.6564885496183206,0.6755725190839694,0.6564885496183206,0.6557112302569771
Orfeo ed Euridice (16)_orch.mid,/home/francesco/AutomaticMusicOrchestration/LOP_database_06_09_17/hand_picked_Spotify/63/Orfeo ed Euridice (16)_orch.mid,AdaBoost,0.15794634819030762,0.6669847328244275,0.6793893129770993,0.6669847328244275,0.7276655309952719,0.6669847328244275,0.6793893129770993,0.6669847328244275,0.680350305945089
Orfeo ed Euridice (16)_orch.mid,/home/francesco/AutomaticMusicOrchestration/LOP_database_06_09_17/hand_picked_Spotify/63/Orfeo ed Euridice (16)_orch.mid,Dummy0,0.004563093185424805,0.1894083969465649,0.1851145038167939,0.1894083969465649,0.0342673795233378,0.1894083969465649,0.1851145038167939,0.1894083969465649,0.05782965175597104
Orfeo ed Euridice (16)_orch.mid,/home/francesco/AutomaticMusicOrchestration/LOP_database_06_09_17/hand_picked_Spotify/63/Orfeo ed Euridice (16)_orch.mid,Dummy1,0.003902435302734375,0.18368320610687022,0.18702290076335878,0.18368320610687022,0.034977565409941146,0.18368320610687022,0.18702290076335878,0.18368320610687022,0.058933261333791516
Orfeo ed Euridice (16)_orch.mid,/home/francesco/AutomaticMusicOrchestration/LOP_database_06_09_17/hand_picked_Spotify/63/Orfeo ed Euridice (16)_orch.mid,DummyUnif,0.004086017608642578,0.14885496183206107,0.16030534351145037,0.17557251908396945,0.1803579254435123,0.17557251908396945,0.16030534351145037,0.17557251908396945,0.16431161136358152
swan_lake_16_orch.mid,/home/francesco/AutomaticMusicOrchestration/LOP_database_06_09_17/hand_picked_Spotify/47/swan_lake_16_orch.mid,XGBoost,0.9676191806793213,0.8933175285227442,0.7245260663507109,0.8933175285227442,0.7290629982150222,0.8933175285227442,0.7245260663507109,0.8933175285227442,0.7258609867184151
swan_lake_16_orch.mid,/home/francesco/AutomaticMusicOrchestration/LOP_database_06_09_17/hand_picked_Spotify/47/swan_lake_16_orch.mid,XGBoost5,0.08958125114440918,0.7835234849607349,0.7446682464454977,0.7835234849607349,0.7509235191730922,0.7835234849607349,0.7446682464454977,0.7835234849607349,0.7449846724958165
swan_lake_16_orch.mid,/home/francesco/AutomaticMusicOrchestration/LOP_database_06_09_17/hand_picked_Spotify/47/swan_lake_16_orch.mid,XGBoost10,0.12261414527893066,0.796266113498296,0.7488151658767772,0.796266113498296,0.7528536266714392,0.796266113498296,0.7488151658767772,0.796266113498296,0.7488697071654344
swan_lake_16_orch.mid,/home/francesco/AutomaticMusicOrchestration/LOP_database_06_09_17/hand_picked_Spotify/47/swan_lake_16_orch.mid,XGBoost20,0.2034742832183838,0.8221958808712402,0.7606635071090048,0.8221958808712402,0.7625752313856502,0.8221958808712402,0.7606635071090048,0.8221958808712402,0.7600707403400987
swan_lake_16_orch.mid,/home/francesco/AutomaticMusicOrchestration/LOP_database_06_09_17/hand_picked_Spotify/47/swan_lake_16_orch.mid,XGBoost50,0.4585707187652588,0.8688694621425397,0.7476303317535545,0.8688694621425397,0.7521302536523082,0.8688694621425397,0.7476303317535545,0.8688694621425397,0.748724378327496
swan_lake_16_orch.mid,/home/francesco/AutomaticMusicOrchestration/LOP_database_06_09_17/hand_picked_Spotify/47/swan_lake_16_orch.mid,RandomForest,0.8101587295532227,1.0,0.7008293838862559,1.0,0.7045720540781595,1.0,0.7008293838862559,1.0,0.7022112061534876
swan_lake_16_orch.mid,/home/francesco/AutomaticMusicOrchestration/LOP_database_06_09_17/hand_picked_Spotify/47/swan_lake_16_orch.mid,RandomForest10,0.5693116188049316,0.8195288190843087,0.7541469194312796,0.8195288190843087,0.7597614902556966,0.8195288190843087,0.7541469194312796,0.8195288190843087,0.7541685968542389
swan_lake_16_orch.mid,/home/francesco/AutomaticMusicOrchestration/LOP_database_06_09_17/hand_picked_Spotify/47/swan_lake_16_orch.mid,RandomForest13,0.653538703918457,0.8830937916728404,0.7446682464454977,0.8830937916728404,0.7448016055267195,0.8830937916728404,0.7446682464454977,0.8830937916728404,0.7436112457953679
swan_lake_16_orch.mid,/home/francesco/AutomaticMusicOrchestration/LOP_database_06_09_17/hand_picked_Spotify/47/swan_lake_16_orch.mid,RandomForest16,0.7286965847015381,0.9549562898207142,0.7138625592417062,0.9549562898207142,0.7161142031512726,0.9549562898207142,0.7138625592417062,0.9549562898207142,0.7144701414744254
swan_lake_16_orch.mid,/home/francesco/AutomaticMusicOrchestration/LOP_database_06_09_17/hand_picked_Spotify/47/swan_lake_16_orch.mid,RandomForest20,0.7821202278137207,0.9977774485108905,0.70260663507109,0.9977774485108905,0.7056840669178618,0.9977774485108905,0.70260663507109,0.9977774485108905,0.7037820623073452
swan_lake_16_orch.mid,/home/francesco/AutomaticMusicOrchestration/LOP_database_06_09_17/hand_picked_Spotify/47/swan_lake_16_orch.mid,DecisionTree,0.02357029914855957,1.0,0.7268957345971564,1.0,0.7314713272630932,1.0,0.7268957345971564,1.0,0.7285638815262206
swan_lake_16_orch.mid,/home/francesco/AutomaticMusicOrchestration/LOP_database_06_09_17/hand_picked_Spotify/47/swan_lake_16_orch.mid,NearestNeighbors,0.6151957511901855,1.0,0.6558056872037915,1.0,0.6666229561761773,1.0,0.6558056872037915,1.0,0.6597058165623558
swan_lake_16_orch.mid,/home/francesco/AutomaticMusicOrchestration/LOP_database_06_09_17/hand_picked_Spotify/47/swan_lake_16_orch.mid,NaiveBayes,0.023055315017700195,0.6012742628537561,0.5971563981042654,0.6012742628537561,0.5873666580669132,0.6012742628537561,0.5971563981042654,0.6012742628537561,0.5728329816154296
swan_lake_16_orch.mid,/home/francesco/AutomaticMusicOrchestration/LOP_database_06_09_17/hand_picked_Spotify/47/swan_lake_16_orch.mid,AdaBoost,0.39254045486450195,0.15409690324492517,0.1617298578199052,0.15409690324492517,0.03391187465097364,0.15409690324492517,0.1617298578199052,0.15409690324492517,0.05555943729671016
swan_lake_16_orch.mid,/home/francesco/AutomaticMusicOrchestration/LOP_database_06_09_17/hand_picked_Spotify/47/swan_lake_16_orch.mid,Dummy0,0.004578828811645508,0.0340791228330123,0.02962085308056872,0.0340791228330123,0.0008773949372206375,0.0340791228330123,0.02962085308056872,0.0340791228330123,0.0017043068515862324
swan_lake_16_orch.mid,/home/francesco/AutomaticMusicOrchestration/LOP_database_06_09_17/hand_picked_Spotify/47/swan_lake_16_orch.mid,Dummy1,0.004667043685913086,0.019410283004889613,0.018957345971563982,0.019410283004889613,0.0003593809662855731,0.019410283004889613,0.018957345971563982,0.019410283004889613,0.0007053896175465667
swan_lake_16_orch.mid,/home/francesco/AutomaticMusicOrchestration/LOP_database_06_09_17/hand_picked_Spotify/47/swan_lake_16_orch.mid,DummyUnif,0.00513911247253418,0.04415468958364202,0.04561611374407583,0.04593273077492962,0.05218053084554159,0.04593273077492962,0.04265402843601896,0.04593273077492962,0.04501099566016216
mozart-piano-concerto-21-2-elvira-madigan_orch.mid,/home/francesco/AutomaticMusicOrchestration/LOP_database_06_09_17/hand_picked_Spotify/6/mozart-piano-concerto-21-2-elvira-madigan_orch.mid,XGBoost,0.5526525974273682,0.984036488027366,0.8550592525068368,0.984036488027366,0.8617258078811956,0.984036488027366,0.8550592525068368,0.984036488027366,0.8552538807233281
mozart-piano-concerto-21-2-elvira-madigan_orch.mid,/home/francesco/AutomaticMusicOrchestration/LOP_database_06_09_17/hand_picked_Spotify/6/mozart-piano-concerto-21-2-elvira-madigan_orch.mid,XGBoost5,0.038675546646118164,0.845381984036488,0.8094804010938924,0.845381984036488,0.8141864440241496,0.845381984036488,0.8094804010938924,0.845381984036488,0.8083700079041984
mozart-piano-concerto-21-2-elvira-madigan_orch.mid,/home/francesco/AutomaticMusicOrchestration/LOP_database_06_09_17/hand_picked_Spotify/6/mozart-piano-concerto-21-2-elvira-madigan_orch.mid,XGBoost10,0.06360316276550293,0.8779931584948689,0.8268003646308113,0.8779931584948689,0.8304305666140117,0.8779931584948689,0.8268003646308113,0.8779931584948689,0.8256935456165444
mozart-piano-concerto-21-2-elvira-madigan_orch.mid,/home/francesco/AutomaticMusicOrchestration/LOP_database_06_09_17/hand_picked_Spotify/6/mozart-piano-concerto-21-2-elvira-madigan_orch.mid,XGBoost20,0.13372159004211426,0.9165336374002281,0.8395624430264357,0.9165336374002281,0.8411629304036963,0.9165336374002281,0.8395624430264357,0.9165336374002281,0.8380469038288231
mozart-piano-concerto-21-2-elvira-madigan_orch.mid,/home/francesco/AutomaticMusicOrchestration/LOP_database_06_09_17/hand_picked_Spotify/6/mozart-piano-concerto-21-2-elvira-madigan_orch.mid,XGBoost50,0.3036174774169922,0.9683010262257696,0.853236098450319,0.9683010262257696,0.8569935754827495,0.9683010262257696,0.853236098450319,0.9683010262257696,0.8526994124268337
mozart-piano-concerto-21-2-elvira-madigan_orch.mid,/home/francesco/AutomaticMusicOrchestration/LOP_database_06_09_17/hand_picked_Spotify/6/mozart-piano-concerto-21-2-elvira-madigan_orch.mid,RandomForest,0.5298678874969482,0.9904218928164196,0.8523245214220602,0.9904218928164196,0.8566792162937855,0.9904218928164196,0.8523245214220602,0.9904218928164196,0.8523269199074638
mozart-piano-concerto-21-2-elvira-madigan_orch.mid,/home/francesco/AutomaticMusicOrchestration/LOP_database_06_09_17/hand_picked_Spotify/6/mozart-piano-concerto-21-2-elvira-madigan_orch.mid,RandomForest10,0.4123210906982422,0.8624857468643101,0.7939835916134913,0.8624857468643101,0.8044128082922625,0.8624857468643101,0.7939835916134913,0.8624857468643101,0.7911315217105793
mozart-piano-concerto-21-2-elvira-madigan_orch.mid,/home/francesco/AutomaticMusicOrchestration/LOP_database_06_09_17/hand_picked_Spotify/6/mozart-piano-concerto-21-2-elvira-madigan_orch.mid,RandomForest13,0.4673490524291992,0.9477765108323831,0.8304466727438469,0.9477765108323831,0.8334380757034529,0.9477765108323831,0.8304466727438469,0.9477765108323831,0.829150737102436
mozart-piano-concerto-21-2-elvira-madigan_orch.mid,/home/francesco/AutomaticMusicOrchestration/LOP_database_06_09_17/hand_picked_Spotify/6/mozart-piano-concerto-21-2-elvira-madigan_orch.mid,RandomForest16,0.5057909488677979,0.9854047890535917,0.8432087511394712,0.9854047890535917,0.846726325431021,0.9854047890535917,0.8432087511394712,0.9854047890535917,0.8429401924266007
mozart-piano-concerto-21-2-elvira-madigan_orch.mid,/home/francesco/AutomaticMusicOrchestration/LOP_database_06_09_17/hand_picked_Spotify/6/mozart-piano-concerto-21-2-elvira-madigan_orch.mid,RandomForest20,0.5291533470153809,0.9904218928164196,0.8495897903372835,0.9904218928164196,0.8529936321195456,0.9904218928164196,0.8495897903372835,0.9904218928164196,0.8493601902054873
mozart-piano-concerto-21-2-elvira-madigan_orch.mid,/home/francesco/AutomaticMusicOrchestration/LOP_database_06_09_17/hand_picked_Spotify/6/mozart-piano-concerto-21-2-elvira-madigan_orch.mid,DecisionTree,0.015262603759765625,0.9904218928164196,0.8313582497721057,0.9904218928164196,0.8327459553966675,0.9904218928164196,0.8313582497721057,0.9904218928164196,0.8312253968881849
mozart-piano-concerto-21-2-elvira-madigan_orch.mid,/home/francesco/AutomaticMusicOrchestration/LOP_database_06_09_17/hand_picked_Spotify/6/mozart-piano-concerto-21-2-elvira-madigan_orch.mid,NearestNeighbors,0.3633694648742676,0.9904218928164196,0.7958067456700091,0.9904218928164196,0.8005965516920666,0.9904218928164196,0.7958067456700091,0.9904218928164196,0.796330845173332
mozart-piano-concerto-21-2-elvira-madigan_orch.mid,/home/francesco/AutomaticMusicOrchestration/LOP_database_06_09_17/hand_picked_Spotify/6/mozart-piano-concerto-21-2-elvira-madigan_orch.mid,NaiveBayes,0.012727737426757812,0.44082098061573544,0.4430264357338195,0.44082098061573544,0.47055055998393147,0.44082098061573544,0.4430264357338195,0.44082098061573544,0.3981033477147792
mozart-piano-concerto-21-2-elvira-madigan_orch.mid,/home/francesco/AutomaticMusicOrchestration/LOP_database_06_09_17/hand_picked_Spotify/6/mozart-piano-concerto-21-2-elvira-madigan_orch.mid,AdaBoost,0.2634468078613281,0.40296465222348915,0.4275296262534184,0.40296465222348915,0.39077323778987305,0.40296465222348915,0.4275296262534184,0.40296465222348915,0.37501083097638577
mozart-piano-concerto-21-2-elvira-madigan_orch.mid,/home/francesco/AutomaticMusicOrchestration/LOP_database_06_09_17/hand_picked_Spotify/6/mozart-piano-concerto-21-2-elvira-madigan_orch.mid,Dummy0,0.004369974136352539,0.059293044469783354,0.06198723792160438,0.059293044469783354,0.0038424176651495876,0.059293044469783354,0.06198723792160438,0.059293044469783354,0.007236278418316047
mozart-piano-concerto-21-2-elvira-madigan_orch.mid,/home/francesco/AutomaticMusicOrchestration/LOP_database_06_09_17/hand_picked_Spotify/6/mozart-piano-concerto-21-2-elvira-madigan_orch.mid,Dummy1,0.003936290740966797,0.03785632839224629,0.04375569735642662,0.03785632839224629,0.0019145610511471995,0.03785632839224629,0.04375569735642662,0.03785632839224629,0.0036685999530279086
mozart-piano-concerto-21-2-elvira-madigan_orch.mid,/home/francesco/AutomaticMusicOrchestration/LOP_database_06_09_17/hand_picked_Spotify/6/mozart-piano-concerto-21-2-elvira-madigan_orch.mid,DummyUnif,0.0044209957122802734,0.08962371721778792,0.10300820419325434,0.10695553021664767,0.13173655823526587,0.10695553021664767,0.08751139471285324,0.10695553021664767,0.0982158722755827
swan_lake_28-29_orch.mid,/home/francesco/AutomaticMusicOrchestration/LOP_database_06_09_17/hand_picked_Spotify/60/swan_lake_28-29_orch.mid,XGBoost,1.865889549255371,0.9174626606460576,0.8603681833970128,0.9174626606460576,0.8614728596404693,0.9174626606460576,0.8603681833970128,0.9174626606460576,0.8604181951602984
swan_lake_28-29_orch.mid,/home/francesco/AutomaticMusicOrchestration/LOP_database_06_09_17/hand_picked_Spotify/60/swan_lake_28-29_orch.mid,XGBoost5,0.11159634590148926,0.8105679055227509,0.8025356026398055,0.8105679055227509,0.8063655667813256,0.8105679055227509,0.8025356026398055,0.8105679055227509,0.8032237421700246
swan_lake_28-29_orch.mid,/home/francesco/AutomaticMusicOrchestration/LOP_database_06_09_17/hand_picked_Spotify/60/swan_lake_28-29_orch.mid,XGBoost10,0.27924585342407227,0.8326675929142063,0.8205974296630775,0.8326675929142063,0.8226176507578631,0.8326675929142063,0.8205974296630775,0.8326675929142063,0.8205507173895858
swan_lake_28-29_orch.mid,/home/francesco/AutomaticMusicOrchestration/LOP_database_06_09_17/hand_picked_Spotify/60/swan_lake_28-29_orch.mid,XGBoost20,0.37167882919311523,0.8672282042375825,0.8534213268496006,0.8672282042375825,0.8580254520113506,0.8672282042375825,0.8534213268496006,0.8672282042375825,0.8541252945911902
swan_lake_28-29_orch.mid,/home/francesco/AutomaticMusicOrchestration/LOP_database_06_09_17/hand_picked_Spotify/60/swan_lake_28-29_orch.mid,XGBoost50,1.0309760570526123,0.9047846474470302,0.8621048975338659,0.9047846474470302,0.8650728522531737,0.9047846474470302,0.8621048975338659,0.9047846474470302,0.8623391198396201
swan_lake_28-29_orch.mid,/home/francesco/AutomaticMusicOrchestration/LOP_database_06_09_17/hand_picked_Spotify/60/swan_lake_28-29_orch.mid,RandomForest,2.53667950630188,1.0,0.8586314692601598,1.0,0.8584006071599792,1.0,0.8586314692601598,1.0,0.8583649322344383
swan_lake_28-29_orch.mid,/home/francesco/AutomaticMusicOrchestration/LOP_database_06_09_17/hand_picked_Spotify/60/swan_lake_28-29_orch.mid,RandomForest10,1.7603397369384766,0.847907259465092,0.8334491142757902,0.847907259465092,0.8445032127246317,0.847907259465092,0.8334491142757902,0.847907259465092,0.835013272960545
swan_lake_28-29_orch.mid,/home/francesco/AutomaticMusicOrchestration/LOP_database_06_09_17/hand_picked_Spotify/60/swan_lake_28-29_orch.mid,RandomForest13,2.0110273361206055,0.9164206321639459,0.8589788120875304,0.9164206321639459,0.8624378313998634,0.9164206321639459,0.8589788120875304,0.9164206321639459,0.8597884576354955
swan_lake_28-29_orch.mid,/home/francesco/AutomaticMusicOrchestration/LOP_database_06_09_17/hand_picked_Spotify/60/swan_lake_28-29_orch.mid,RandomForest16,2.2971997261047363,0.9619225425494964,0.8579367836054186,0.9619225425494964,0.8590950083216837,0.9619225425494964,0.8579367836054186,0.9619225425494964,0.8582071819663465
swan_lake_28-29_orch.mid,/home/francesco/AutomaticMusicOrchestration/LOP_database_06_09_17/hand_picked_Spotify/60/swan_lake_28-29_orch.mid,RandomForest20,2.4274799823760986,0.9934004862799584,0.8582841264327892,0.9934004862799584,0.8584335545091327,0.9934004862799584,0.8582841264327892,0.9934004862799584,0.8581994685152615
swan_lake_28-29_orch.mid,/home/francesco/AutomaticMusicOrchestration/LOP_database_06_09_17/hand_picked_Spotify/60/swan_lake_28-29_orch.mid,DecisionTree,0.06763696670532227,1.0,0.8582841264327892,1.0,0.8588910698398015,1.0,0.8582841264327892,1.0,0.8583068858743589
swan_lake_28-29_orch.mid,/home/francesco/AutomaticMusicOrchestration/LOP_database_06_09_17/hand_picked_Spotify/60/swan_lake_28-29_orch.mid,NearestNeighbors,1.9304099082946777,1.0,0.8265022577283779,1.0,0.825294561413075,1.0,0.8265022577283779,1.0,0.8252455516162527
swan_lake_28-29_orch.mid,/home/francesco/AutomaticMusicOrchestration/LOP_database_06_09_17/hand_picked_Spotify/60/swan_lake_28-29_orch.mid,NaiveBayes,0.06432104110717773,0.6745831886071553,0.6615144147273359,0.6745831886071553,0.6562018891203325,0.6745831886071553,0.6615144147273359,0.6745831886071553,0.648342948663257
swan_lake_28-29_orch.mid,/home/francesco/AutomaticMusicOrchestration/LOP_database_06_09_17/hand_picked_Spotify/60/swan_lake_28-29_orch.mid,AdaBoost,1.2475919723510742,0.2147881208753039,0.21483153872872526,0.2147881208753039,0.10337350344174732,0.2147881208753039,0.21483153872872526,0.2147881208753039,0.11772621084406817
swan_lake_28-29_orch.mid,/home/francesco/AutomaticMusicOrchestration/LOP_database_06_09_17/hand_picked_Spotify/60/swan_lake_28-29_orch.mid,Dummy0,0.00587153434753418,0.015587009378256338,0.015109412990621744,0.015587009378256338,0.0002282943609211691,0.015587009378256338,0.015109412990621744,0.015587009378256338,0.0004497926193957542
swan_lake_28-29_orch.mid,/home/francesco/AutomaticMusicOrchestration/LOP_database_06_09_17/hand_picked_Spotify/60/swan_lake_28-29_orch.mid,Dummy1,0.006882429122924805,0.010680791941646405,0.012156998957971519,0.010680791941646405,0.00014779262366412056,0.010680791941646405,0.012156998957971519,0.010680791941646405,0.0002920349784001394
swan_lake_28-29_orch.mid,/home/francesco/AutomaticMusicOrchestration/LOP_database_06_09_17/hand_picked_Spotify/60/swan_lake_28-29_orch.mid,DummyUnif,0.007770061492919922,0.042636332059742967,0.045328238971865234,0.04302709274053491,0.06676638599847068,0.04302709274053491,0.0397707537339354,0.04302709274053491,0.04636991354550049
swan_lake_22_orch.mid,/home/francesco/AutomaticMusicOrchestration/LOP_database_06_09_17/hand_picked_Spotify/53/swan_lake_22_orch.mid,XGBoost,0.9462721347808838,0.938801261829653,0.8116063919259883,0.938801261829653,0.8137900386206969,0.938801261829653,0.8116063919259883,0.938801261829653,0.8124341573329981
swan_lake_22_orch.mid,/home/francesco/AutomaticMusicOrchestration/LOP_database_06_09_17/hand_picked_Spotify/53/swan_lake_22_orch.mid,XGBoost5,0.05652952194213867,0.8418506834910621,0.8166526492851135,0.8418506834910621,0.8106817566068024,0.8418506834910621,0.8166526492851135,0.8418506834910621,0.8055353423206613
swan_lake_22_orch.mid,/home/francesco/AutomaticMusicOrchestration/LOP_database_06_09_17/hand_picked_Spotify/53/swan_lake_22_orch.mid,XGBoost10,0.0951688289642334,0.853627760252366,0.8233809924306139,0.853627760252366,0.8143919491589441,0.853627760252366,0.8233809924306139,0.853627760252366,0.8121247706898482
swan_lake_22_orch.mid,/home/francesco/AutomaticMusicOrchestration/LOP_database_06_09_17/hand_picked_Spotify/53/swan_lake_22_orch.mid,XGBoost20,0.18267059326171875,0.8872765509989484,0.8149705634987384,0.8872765509989484,0.8135255610216201,0.8872765509989484,0.8149705634987384,0.8872765509989484,0.8128864107167101
swan_lake_22_orch.mid,/home/francesco/AutomaticMusicOrchestration/LOP_database_06_09_17/hand_picked_Spotify/53/swan_lake_22_orch.mid,XGBoost50,0.4296693801879883,0.9251314405888539,0.8149705634987384,0.9251314405888539,0.8129832075785485,0.9251314405888539,0.8149705634987384,0.9251314405888539,0.813412272368661
swan_lake_22_orch.mid,/home/francesco/AutomaticMusicOrchestration/LOP_database_06_09_17/hand_picked_Spotify/53/swan_lake_22_orch.mid,RandomForest,0.5439856052398682,1.0,0.7914213624894869,1.0,0.7924969139427572,1.0,0.7914213624894869,1.0,0.7916769660249777
swan_lake_22_orch.mid,/home/francesco/AutomaticMusicOrchestration/LOP_database_06_09_17/hand_picked_Spotify/53/swan_lake_22_orch.mid,RandomForest10,0.40723490715026855,0.8584647739221871,0.8107653490328006,0.8584647739221871,0.8048221962422201,0.8584647739221871,0.8107653490328006,0.8584647739221871,0.7988510959420131
swan_lake_22_orch.mid,/home/francesco/AutomaticMusicOrchestration/LOP_database_06_09_17/hand_picked_Spotify/53/swan_lake_22_orch.mid,RandomForest13,0.49274349212646484,0.9215562565720294,0.8124474348191758,0.9215562565720294,0.8046046032691466,0.9215562565720294,0.8124474348191758,0.9215562565720294,0.8061759547323878
swan_lake_22_orch.mid,/home/francesco/AutomaticMusicOrchestration/LOP_database_06_09_17/hand_picked_Spotify/53/swan_lake_22_orch.mid,RandomForest16,0.4922971725463867,0.9692954784437434,0.8023549201009251,0.9692954784437434,0.7960116079527056,0.9692954784437434,0.8023549201009251,0.9692954784437434,0.7983782491081558
swan_lake_22_orch.mid,/home/francesco/AutomaticMusicOrchestration/LOP_database_06_09_17/hand_picked_Spotify/53/swan_lake_22_orch.mid,RandomForest20,0.5271706581115723,0.9987381703470032,0.7973086627417998,0.9987381703470032,0.7966215087717676,0.9987381703470032,0.7973086627417998,0.9987381703470032,0.7965503080732866
swan_lake_22_orch.mid,/home/francesco/AutomaticMusicOrchestration/LOP_database_06_09_17/hand_picked_Spotify/53/swan_lake_22_orch.mid,DecisionTree,0.015594482421875,1.0,0.7973086627417998,1.0,0.7981422935246879,1.0,0.7973086627417998,1.0,0.7970288063249698
swan_lake_22_orch.mid,/home/francesco/AutomaticMusicOrchestration/LOP_database_06_09_17/hand_picked_Spotify/53/swan_lake_22_orch.mid,NearestNeighbors,0.4084138870239258,1.0,0.719932716568545,1.0,0.7344488071136391,1.0,0.719932716568545,1.0,0.7252477800185575
swan_lake_22_orch.mid,/home/francesco/AutomaticMusicOrchestration/LOP_database_06_09_17/hand_picked_Spotify/53/swan_lake_22_orch.mid,NaiveBayes,0.018057584762573242,0.7062039957939011,0.7056349873843566,0.7062039957939011,0.7595148331079015,0.7062039957939011,0.7056349873843566,0.7062039957939011,0.69827120754226
swan_lake_22_orch.mid,/home/francesco/AutomaticMusicOrchestration/LOP_database_06_09_17/hand_picked_Spotify/53/swan_lake_22_orch.mid,AdaBoost,0.29237818717956543,0.13543638275499476,0.13540790580319595,0.13543638275499476,0.0729690336379101,0.13543638275499476,0.13540790580319595,0.13543638275499476,0.07683042466076298
swan_lake_22_orch.mid,/home/francesco/AutomaticMusicOrchestration/LOP_database_06_09_17/hand_picked_Spotify/53/swan_lake_22_orch.mid,Dummy0,0.00441288948059082,0.02565720294426919,0.0159798149705635,0.02565720294426919,0.0002553544864934453,0.02565720294426919,0.0159798149705635,0.02565720294426919,0.0005026762987428915
swan_lake_22_orch.mid,/home/francesco/AutomaticMusicOrchestration/LOP_database_06_09_17/hand_picked_Spotify/53/swan_lake_22_orch.mid,Dummy1,0.004394054412841797,0.01177707676130389,0.01345668629100084,0.01177707676130389,0.00018108240593440997,0.01177707676130389,0.01345668629100084,0.01177707676130389,0.00035735598449130864
swan_lake_22_orch.mid,/home/francesco/AutomaticMusicOrchestration/LOP_database_06_09_17/hand_picked_Spotify/53/swan_lake_22_orch.mid,DummyUnif,0.004680633544921875,0.04710830704521556,0.05214465937762826,0.042691903259726605,0.06070666209515828,0.042691903259726605,0.04205214465937763,0.042691903259726605,0.047898461944243256
nocturnes_1_orch.mid,/home/francesco/AutomaticMusicOrchestration/LOP_database_06_09_17/hand_picked_Spotify/21/nocturnes_1_orch.mid,XGBoost,0.6505875587463379,0.9413944088918828,0.7967698519515478,0.9413944088918828,0.8001642822101921,0.9413944088918828,0.7967698519515478,0.9413944088918828,0.7949381859837634
nocturnes_1_orch.mid,/home/francesco/AutomaticMusicOrchestration/LOP_database_06_09_17/hand_picked_Spotify/21/nocturnes_1_orch.mid,XGBoost5,0.047241926193237305,0.8521387672617042,0.7738896366083445,0.8521387672617042,0.7788788941627725,0.8521387672617042,0.7738896366083445,0.8521387672617042,0.7657058476167501
nocturnes_1_orch.mid,/home/francesco/AutomaticMusicOrchestration/LOP_database_06_09_17/hand_picked_Spotify/21/nocturnes_1_orch.mid,XGBoost10,0.10522603988647461,0.8804311215897609,0.7954239569313594,0.8804311215897609,0.7971640795024181,0.8804311215897609,0.7954239569313594,0.8804311215897609,0.7894712960732422
nocturnes_1_orch.mid,/home/francesco/AutomaticMusicOrchestration/LOP_database_06_09_17/hand_picked_Spotify/21/nocturnes_1_orch.mid,XGBoost20,0.21714568138122559,0.916470191983833,0.8021534320323015,0.916470191983833,0.805261997533408,0.916470191983833,0.8021534320323015,0.916470191983833,0.7996398768457375
nocturnes_1_orch.mid,/home/francesco/AutomaticMusicOrchestration/LOP_database_06_09_17/hand_picked_Spotify/21/nocturnes_1_orch.mid,XGBoost50,0.3897128105163574,0.9383630852138767,0.7954239569313594,0.9383630852138767,0.7981400498800254,0.9383630852138767,0.7954239569313594,0.9383630852138767,0.7930794352978443
nocturnes_1_orch.mid,/home/francesco/AutomaticMusicOrchestration/LOP_database_06_09_17/hand_picked_Spotify/21/nocturnes_1_orch.mid,RandomForest,0.37558841705322266,0.9457729875378915,0.7765814266487214,0.9457729875378915,0.7844772108582766,0.9457729875378915,0.7765814266487214,0.9457729875378915,0.7778465278003818
nocturnes_1_orch.mid,/home/francesco/AutomaticMusicOrchestration/LOP_database_06_09_17/hand_picked_Spotify/21/nocturnes_1_orch.mid,RandomForest10,0.3002736568450928,0.8922196025597844,0.7860026917900403,0.8922196025597844,0.7917400174713833,0.8922196025597844,0.7860026917900403,0.8922196025597844,0.7819334460728561
nocturnes_1_orch.mid,/home/francesco/AutomaticMusicOrchestration/LOP_database_06_09_17/hand_picked_Spotify/21/nocturnes_1_orch.mid,RandomForest13,0.33710789680480957,0.9346581340518694,0.7860026917900403,0.9346581340518694,0.788642979624636,0.9346581340518694,0.7860026917900403,0.9346581340518694,0.7839736666068305
nocturnes_1_orch.mid,/home/francesco/AutomaticMusicOrchestration/LOP_database_06_09_17/hand_picked_Spotify/21/nocturnes_1_orch.mid,RandomForest16,0.34337735176086426,0.9434152913438868,0.775235531628533,0.9434152913438868,0.7809581875275385,0.9434152913438868,0.775235531628533,0.9434152913438868,0.7760004273406975
nocturnes_1_orch.mid,/home/francesco/AutomaticMusicOrchestration/LOP_database_06_09_17/hand_picked_Spotify/21/nocturnes_1_orch.mid,RandomForest20,0.3758692741394043,0.9457729875378915,0.7819650067294751,0.9457729875378915,0.7878470551695157,0.9457729875378915,0.7819650067294751,0.9457729875378915,0.7821842832693451
nocturnes_1_orch.mid,/home/francesco/AutomaticMusicOrchestration/LOP_database_06_09_17/hand_picked_Spotify/21/nocturnes_1_orch.mid,DecisionTree,0.01392984390258789,0.9457729875378915,0.7725437415881561,0.9457729875378915,0.7788330684699545,0.9457729875378915,0.7725437415881561,0.9457729875378915,0.7744092833492288
nocturnes_1_orch.mid,/home/francesco/AutomaticMusicOrchestration/LOP_database_06_09_17/hand_picked_Spotify/21/nocturnes_1_orch.mid,NearestNeighbors,0.27738165855407715,0.9450993600538902,0.693135935397039,0.9450993600538902,0.6977974655394299,0.9450993600538902,0.693135935397039,0.9450993600538902,0.6911016911131335
nocturnes_1_orch.mid,/home/francesco/AutomaticMusicOrchestration/LOP_database_06_09_17/hand_picked_Spotify/21/nocturnes_1_orch.mid,NaiveBayes,0.012581110000610352,0.5661839003031324,0.5908479138627187,0.5661839003031324,0.6044383857143079,0.5661839003031324,0.5908479138627187,0.5661839003031324,0.5843148721427285
nocturnes_1_orch.mid,/home/francesco/AutomaticMusicOrchestration/LOP_database_06_09_17/hand_picked_Spotify/21/nocturnes_1_orch.mid,AdaBoost,0.21270227432250977,0.5739306163691479,0.5585464333781965,0.5739306163691479,0.4504328961044993,0.5739306163691479,0.5585464333781965,0.5739306163691479,0.4708392098752574
nocturnes_1_orch.mid,/home/francesco/AutomaticMusicOrchestration/LOP_database_06_09_17/hand_picked_Spotify/21/nocturnes_1_orch.mid,Dummy0,0.004191398620605469,0.0906028965981812,0.08209959623149395,0.0906028965981812,0.006740343701374335,0.0906028965981812,0.08209959623149395,0.0906028965981812,0.01245789893064958
nocturnes_1_orch.mid,/home/francesco/AutomaticMusicOrchestration/LOP_database_06_09_17/hand_picked_Spotify/21/nocturnes_1_orch.mid,Dummy1,0.004010200500488281,0.09531828898619063,0.08344549125168237,0.09531828898619063,0.006963150010234599,0.09531828898619063,0.08344549125168237,0.09531828898619063,0.012853715422619394
nocturnes_1_orch.mid,/home/francesco/AutomaticMusicOrchestration/LOP_database_06_09_17/hand_picked_Spotify/21/nocturnes_1_orch.mid,DummyUnif,0.004076719284057617,0.06904681711013809,0.0740242261103634,0.05961603233411923,0.16833848370026497,0.05961603233411923,0.059219380888290714,0.05961603233411923,0.07893613956329792
tch_sy6c_orch.mid,/home/francesco/AutomaticMusicOrchestration/LOP_database_06_09_17/hand_picked_Spotify/55/tch_sy6c_orch.mid,XGBoost,1.740917444229126,0.6875197329845293,0.5405015334656323,0.6875197329845293,0.5419937906390166,0.6875197329845293,0.5405015334656323,0.6875197329845293,0.5402525071625998
tch_sy6c_orch.mid,/home/francesco/AutomaticMusicOrchestration/LOP_database_06_09_17/hand_picked_Spotify/55/tch_sy6c_orch.mid,XGBoost5,0.10180163383483887,0.512381038293266,0.47555475374346023,0.512381038293266,0.4748910244173968,0.512381038293266,0.47555475374346023,0.512381038293266,0.4667046519806549
tch_sy6c_orch.mid,/home/francesco/AutomaticMusicOrchestration/LOP_database_06_09_17/hand_picked_Spotify/55/tch_sy6c_orch.mid,XGBoost10,0.19020700454711914,0.5400297686166614,0.5067652895543929,0.5400297686166614,0.5064021869048994,0.5400297686166614,0.5067652895543929,0.5400297686166614,0.4991596526716058
tch_sy6c_orch.mid,/home/francesco/AutomaticMusicOrchestration/LOP_database_06_09_17/hand_picked_Spotify/55/tch_sy6c_orch.mid,XGBoost20,0.33052992820739746,0.5700690090658969,0.5231823922063864,0.5700690090658969,0.5274077085480374,0.5700690090658969,0.5231823922063864,0.5700690090658969,0.5204550276541384
tch_sy6c_orch.mid,/home/francesco/AutomaticMusicOrchestration/LOP_database_06_09_17/hand_picked_Spotify/55/tch_sy6c_orch.mid,XGBoost50,0.9192633628845215,0.6369581886247802,0.5497023272596067,0.6369581886247802,0.5546837024350166,0.6369581886247802,0.5497023272596067,0.6369581886247802,0.5487044719804461
tch_sy6c_orch.mid,/home/francesco/AutomaticMusicOrchestration/LOP_database_06_09_17/hand_picked_Spotify/55/tch_sy6c_orch.mid,RandomForest,3.156830072402954,0.7701953001668846,0.47916290817246976,0.7701953001668846,0.47768073086550183,0.7701953001668846,0.47916290817246976,0.7701953001668846,0.4780482602605818
tch_sy6c_orch.mid,/home/francesco/AutomaticMusicOrchestration/LOP_database_06_09_17/hand_picked_Spotify/55/tch_sy6c_orch.mid,RandomForest10,1.6470167636871338,0.585674980830815,0.5121775211979073,0.585674980830815,0.5185638477447666,0.585674980830815,0.5121775211979073,0.585674980830815,0.504145044779397
tch_sy6c_orch.mid,/home/francesco/AutomaticMusicOrchestration/LOP_database_06_09_17/hand_picked_Spotify/55/tch_sy6c_orch.mid,RandomForest13,2.07163143157959,0.686392133868567,0.5035179505682843,0.686392133868567,0.5003049653520866,0.686392133868567,0.5035179505682843,0.686392133868567,0.499207348928461
tch_sy6c_orch.mid,/home/francesco/AutomaticMusicOrchestration/LOP_database_06_09_17/hand_picked_Spotify/55/tch_sy6c_orch.mid,RandomForest16,2.550082206726074,0.746290198908484,0.48854410968789463,0.746290198908484,0.4868575587447347,0.746290198908484,0.48854410968789463,0.746290198908484,0.4869354407643887
tch_sy6c_orch.mid,/home/francesco/AutomaticMusicOrchestration/LOP_database_06_09_17/hand_picked_Spotify/55/tch_sy6c_orch.mid,RandomForest20,2.9743475914001465,0.7673988543592982,0.4816886162727765,0.7673988543592982,0.48332292476113786,0.7673988543592982,0.4816886162727765,0.7673988543592982,0.48219753448285174
tch_sy6c_orch.mid,/home/francesco/AutomaticMusicOrchestration/LOP_database_06_09_17/hand_picked_Spotify/55/tch_sy6c_orch.mid,DecisionTree,0.07346820831298828,0.7702855080961617,0.4708641529857478,0.7702855080961617,0.45835463354844747,0.7702855080961617,0.4708641529857478,0.7702855080961617,0.46280386308829835
tch_sy6c_orch.mid,/home/francesco/AutomaticMusicOrchestration/LOP_database_06_09_17/hand_picked_Spotify/55/tch_sy6c_orch.mid,NearestNeighbors,1.8591468334197998,0.7701953001668846,0.43911239401046365,0.7701953001668846,0.4391156367874807,0.7701953001668846,0.43911239401046365,0.7701953001668846,0.4386813136696237
tch_sy6c_orch.mid,/home/francesco/AutomaticMusicOrchestration/LOP_database_06_09_17/hand_picked_Spotify/55/tch_sy6c_orch.mid,NaiveBayes,0.055840492248535156,0.2932208741148347,0.29496662457153167,0.2932208741148347,0.27621989344708753,0.2932208741148347,0.29496662457153167,0.2932208741148347,0.2495551323613629
tch_sy6c_orch.mid,/home/francesco/AutomaticMusicOrchestration/LOP_database_06_09_17/hand_picked_Spotify/55/tch_sy6c_orch.mid,AdaBoost,1.0964791774749756,0.27292409002751344,0.2812556377412953,0.27292409002751344,0.21557930172311235,0.27292409002751344,0.2812556377412953,0.27292409002751344,0.23209272716201618
tch_sy6c_orch.mid,/home/francesco/AutomaticMusicOrchestration/LOP_database_06_09_17/hand_picked_Spotify/55/tch_sy6c_orch.mid,Dummy0,0.005391120910644531,0.07730819539037481,0.07775572794515605,0.07730819539037481,0.006045953228281121,0.07730819539037481,0.07775572794515605,0.07730819539037481,0.011219524186261218
tch_sy6c_orch.mid,/home/francesco/AutomaticMusicOrchestration/LOP_database_06_09_17/hand_picked_Spotify/55/tch_sy6c_orch.mid,Dummy1,0.005950212478637695,0.09553019710432548,0.10102832401226773,0.09553019710432548,0.010206722252727752,0.09553019710432548,0.10102832401226773,0.09553019710432548,0.018540344567219376
tch_sy6c_orch.mid,/home/francesco/AutomaticMusicOrchestration/LOP_database_06_09_17/hand_picked_Spotify/55/tch_sy6c_orch.mid,DummyUnif,0.00685572624206543,0.060800144332686844,0.06458596427927116,0.06472418925623562,0.07229654140349483,0.06472418925623562,0.05935414035720729,0.06472418925623562,0.06280389894866269
Tchaik6-3_orch.mid,/home/francesco/AutomaticMusicOrchestration/LOP_database_06_09_17/hand_picked_Spotify/22/Tchaik6-3_orch.mid,XGBoost,2.3823187351226807,0.651573554525494,0.4726775956284153,0.651573554525494,0.46799048178860486,0.651573554525494,0.4726775956284153,0.651573554525494,0.46789268601993755
Tchaik6-3_orch.mid,/home/francesco/AutomaticMusicOrchestration/LOP_database_06_09_17/hand_picked_Spotify/22/Tchaik6-3_orch.mid,XGBoost5,0.13254570960998535,0.5065625762381069,0.47423887587822017,0.5065625762381069,0.4588985781913022,0.5065625762381069,0.47423887587822017,0.5065625762381069,0.45507719760716303
Tchaik6-3_orch.mid,/home/francesco/AutomaticMusicOrchestration/LOP_database_06_09_17/hand_picked_Spotify/22/Tchaik6-3_orch.mid,XGBoost10,0.3128514289855957,0.5285191510124421,0.4843871975019516,0.5285191510124421,0.4691208461915305,0.5285191510124421,0.4843871975019516,0.5285191510124421,0.4681999513317688
Tchaik6-3_orch.mid,/home/francesco/AutomaticMusicOrchestration/LOP_database_06_09_17/hand_picked_Spotify/22/Tchaik6-3_orch.mid,XGBoost20,0.4674265384674072,0.5497926323493535,0.49512099921935987,0.5497926323493535,0.48169725684477027,0.5497926323493535,0.49512099921935987,0.5497926323493535,0.480315947783942
Tchaik6-3_orch.mid,/home/francesco/AutomaticMusicOrchestration/LOP_database_06_09_17/hand_picked_Spotify/22/Tchaik6-3_orch.mid,XGBoost50,1.1722910404205322,0.6018541107587216,0.502927400468384,0.6018541107587216,0.4925931679286967,0.6018541107587216,0.502927400468384,0.6018541107587216,0.49355926277683515
Tchaik6-3_orch.mid,/home/francesco/AutomaticMusicOrchestration/LOP_database_06_09_17/hand_picked_Spotify/22/Tchaik6-3_orch.mid,RandomForest,3.071100950241089,0.749841424737741,0.3983216237314598,0.749841424737741,0.3967266804773671,0.749841424737741,0.3983216237314598,0.749841424737741,0.39703496131178445
Tchaik6-3_orch.mid,/home/francesco/AutomaticMusicOrchestration/LOP_database_06_09_17/hand_picked_Spotify/22/Tchaik6-3_orch.mid,RandomForest10,1.6062982082366943,0.5520858746035618,0.468384074941452,0.5520858746035618,0.4662218890355645,0.5520858746035618,0.468384074941452,0.5520858746035618,0.4508774019794967
Tchaik6-3_orch.mid,/home/francesco/AutomaticMusicOrchestration/LOP_database_06_09_17/hand_picked_Spotify/22/Tchaik6-3_orch.mid,RandomForest13,2.039461851119995,0.6487923883874116,0.45042935206869633,0.6487923883874116,0.44348532820852865,0.6487923883874116,0.45042935206869633,0.6487923883874116,0.44221226052096707
Tchaik6-3_orch.mid,/home/francesco/AutomaticMusicOrchestration/LOP_database_06_09_17/hand_picked_Spotify/22/Tchaik6-3_orch.mid,RandomForest16,2.5586342811584473,0.7169553549646255,0.41842310694769713,0.7169553549646255,0.4126070319982649,0.7169553549646255,0.41842310694769713,0.7169553549646255,0.41374824671151
Tchaik6-3_orch.mid,/home/francesco/AutomaticMusicOrchestration/LOP_database_06_09_17/hand_picked_Spotify/22/Tchaik6-3_orch.mid,RandomForest20,2.905626058578491,0.7472066357648207,0.40066354410616706,0.7472066357648207,0.3992501981885064,0.7472066357648207,0.40066354410616706,0.7472066357648207,0.3992778165444877
Tchaik6-3_orch.mid,/home/francesco/AutomaticMusicOrchestration/LOP_database_06_09_17/hand_picked_Spotify/22/Tchaik6-3_orch.mid,DecisionTree,0.06964612007141113,0.7499390095145158,0.41471506635441063,0.7499390095145158,0.41517351944638065,0.7499390095145158,0.41471506635441063,0.7499390095145158,0.41258051849100297
Tchaik6-3_orch.mid,/home/francesco/AutomaticMusicOrchestration/LOP_database_06_09_17/hand_picked_Spotify/22/Tchaik6-3_orch.mid,NearestNeighbors,1.7277543544769287,0.7499390095145158,0.3542154566744731,0.7499390095145158,0.3541054861922524,0.7499390095145158,0.3542154566744731,0.7499390095145158,0.35370241539170455
Tchaik6-3_orch.mid,/home/francesco/AutomaticMusicOrchestration/LOP_database_06_09_17/hand_picked_Spotify/22/Tchaik6-3_orch.mid,NaiveBayes,0.06119728088378906,0.33993656989509635,0.3335284933645589,0.33993656989509635,0.30118297805174443,0.33993656989509635,0.3335284933645589,0.33993656989509635,0.27949400839908983
Tchaik6-3_orch.mid,/home/francesco/AutomaticMusicOrchestration/LOP_database_06_09_17/hand_picked_Spotify/22/Tchaik6-3_orch.mid,AdaBoost,1.1181747913360596,0.2602098072700659,0.2542935206869633,0.2602098072700659,0.16268170373554391,0.2602098072700659,0.2542935206869633,0.2602098072700659,0.15482065029897824
Tchaik6-3_orch.mid,/home/francesco/AutomaticMusicOrchestration/LOP_database_06_09_17/hand_picked_Spotify/22/Tchaik6-3_orch.mid,Dummy0,0.007239103317260742,0.04152232251768724,0.04234972677595628,0.04152232251768724,0.0017934993579981488,0.04152232251768724,0.04234972677595628,0.04152232251768724,0.0034412622019780992
Tchaik6-3_orch.mid,/home/francesco/AutomaticMusicOrchestration/LOP_database_06_09_17/hand_picked_Spotify/22/Tchaik6-3_orch.mid,Dummy1,0.006873607635498047,0.033227616491827275,0.03415300546448088,0.033227616491827275,0.0011664277822568605,0.033227616491827275,0.03415300546448088,0.033227616491827275,0.002255812778367297
Tchaik6-3_orch.mid,/home/francesco/AutomaticMusicOrchestration/LOP_database_06_09_17/hand_picked_Spotify/22/Tchaik6-3_orch.mid,DummyUnif,0.006891965866088867,0.04079043669187607,0.03961748633879782,0.03883874115637961,0.06032457597363713,0.03883874115637961,0.039032006245121,0.03883874115637961,0.04452533735788075
swan_lake_02_orch.mid,/home/francesco/AutomaticMusicOrchestration/LOP_database_06_09_17/hand_picked_Spotify/32/swan_lake_02_orch.mid,XGBoost,1.2190096378326416,0.8996382722178878,0.7940425531914893,0.8996382722178878,0.795010180967053,0.8996382722178878,0.7940425531914893,0.8996382722178878,0.7944709102505703
swan_lake_02_orch.mid,/home/francesco/AutomaticMusicOrchestration/LOP_database_06_09_17/hand_picked_Spotify/32/swan_lake_02_orch.mid,XGBoost5,0.1653273105621338,0.7986382012908717,0.7730496453900709,0.7986382012908717,0.7869284233338081,0.7986382012908717,0.7730496453900709,0.7986382012908717,0.771845768265108
swan_lake_02_orch.mid,/home/francesco/AutomaticMusicOrchestration/LOP_database_06_09_17/hand_picked_Spotify/32/swan_lake_02_orch.mid,XGBoost10,0.16571307182312012,0.810483012979644,0.7846808510638298,0.810483012979644,0.7931442532171328,0.810483012979644,0.7846808510638298,0.810483012979644,0.7841989078322625
swan_lake_02_orch.mid,/home/francesco/AutomaticMusicOrchestration/LOP_database_06_09_17/hand_picked_Spotify/32/swan_lake_02_orch.mid,XGBoost20,0.2678344249725342,0.8472941343357685,0.8036879432624113,0.8472941343357685,0.8094578425984509,0.8472941343357685,0.8036879432624113,0.8472941343357685,0.8044971024596316
swan_lake_02_orch.mid,/home/francesco/AutomaticMusicOrchestration/LOP_database_06_09_17/hand_picked_Spotify/32/swan_lake_02_orch.mid,XGBoost50,0.6296167373657227,0.8828285694020852,0.8087943262411348,0.8828285694020852,0.8113936403693431,0.8828285694020852,0.8087943262411348,0.8828285694020852,0.8098209040000341
swan_lake_02_orch.mid,/home/francesco/AutomaticMusicOrchestration/LOP_database_06_09_17/hand_picked_Spotify/32/swan_lake_02_orch.mid,RandomForest,1.5398187637329102,0.9992198028228952,0.7761702127659574,0.9992198028228952,0.7776643603019596,0.9992198028228952,0.7761702127659574,0.9992198028228952,0.7766048740619057
swan_lake_02_orch.mid,/home/francesco/AutomaticMusicOrchestration/LOP_database_06_09_17/hand_picked_Spotify/32/swan_lake_02_orch.mid,RandomForest10,1.0478794574737549,0.8354493226469962,0.7929078014184398,0.8354493226469962,0.8036771326400877,0.8354493226469962,0.7929078014184398,0.8354493226469962,0.7939522002268785
swan_lake_02_orch.mid,/home/francesco/AutomaticMusicOrchestration/LOP_database_06_09_17/hand_picked_Spotify/32/swan_lake_02_orch.mid,RandomForest13,1.2263872623443604,0.8972267536704731,0.7963120567375886,0.8972267536704731,0.8008241195446784,0.8972267536704731,0.7963120567375886,0.8972267536704731,0.7957350650049315
swan_lake_02_orch.mid,/home/francesco/AutomaticMusicOrchestration/LOP_database_06_09_17/hand_picked_Spotify/32/swan_lake_02_orch.mid,RandomForest16,1.3569331169128418,0.9517696290517058,0.7832624113475177,0.9517696290517058,0.7848476664618337,0.9517696290517058,0.7832624113475177,0.9517696290517058,0.783678518492229
swan_lake_02_orch.mid,/home/francesco/AutomaticMusicOrchestration/LOP_database_06_09_17/hand_picked_Spotify/32/swan_lake_02_orch.mid,RandomForest20,1.4734346866607666,0.9901411447620398,0.7790070921985816,0.9901411447620398,0.7809394735246233,0.9901411447620398,0.7790070921985816,0.9901411447620398,0.7796041753053337
swan_lake_02_orch.mid,/home/francesco/AutomaticMusicOrchestration/LOP_database_06_09_17/hand_picked_Spotify/32/swan_lake_02_orch.mid,DecisionTree,0.045469045639038086,0.9992198028228952,0.7832624113475177,0.9992198028228952,0.7854886944564339,0.9992198028228952,0.7832624113475177,0.9992198028228952,0.7839870254807042
swan_lake_02_orch.mid,/home/francesco/AutomaticMusicOrchestration/LOP_database_06_09_17/hand_picked_Spotify/32/swan_lake_02_orch.mid,NearestNeighbors,1.1628456115722656,0.9992198028228952,0.6907801418439716,0.9992198028228952,0.6928577208034624,0.9992198028228952,0.6907801418439716,0.9992198028228952,0.6906081522112347
swan_lake_02_orch.mid,/home/francesco/AutomaticMusicOrchestration/LOP_database_06_09_17/hand_picked_Spotify/32/swan_lake_02_orch.mid,NaiveBayes,0.03808951377868652,0.595574154195333,0.5849645390070922,0.595574154195333,0.5891374126451493,0.595574154195333,0.5849645390070922,0.595574154195333,0.5660648824740143
swan_lake_02_orch.mid,/home/francesco/AutomaticMusicOrchestration/LOP_database_06_09_17/hand_picked_Spotify/32/swan_lake_02_orch.mid,AdaBoost,0.7354068756103516,0.21497978580041138,0.2102127659574468,0.21497978580041138,0.17516529186350546,0.21497978580041138,0.2102127659574468,0.21497978580041138,0.16075693183251036
swan_lake_02_orch.mid,/home/francesco/AutomaticMusicOrchestration/LOP_database_06_09_17/hand_picked_Spotify/32/swan_lake_02_orch.mid,Dummy0,0.005160331726074219,0.02510816369955316,0.020425531914893616,0.02510816369955316,0.0004172023540063377,0.02510816369955316,0.020425531914893616,0.02510816369955316,0.0008177026955086686
swan_lake_02_orch.mid,/home/francesco/AutomaticMusicOrchestration/LOP_database_06_09_17/hand_picked_Spotify/32/swan_lake_02_orch.mid,Dummy1,0.004663944244384766,0.013050570962479609,0.01276595744680851,0.013050570962479609,0.00016296966953372564,0.013050570962479609,0.01276595744680851,0.013050570962479609,0.0003218308600035759
swan_lake_02_orch.mid,/home/francesco/AutomaticMusicOrchestration/LOP_database_06_09_17/hand_picked_Spotify/32/swan_lake_02_orch.mid,DummyUnif,0.0059680938720703125,0.049861692318604156,0.04822695035460993,0.047521100787289876,0.06084609540649002,0.047521100787289876,0.04624113475177305,0.047521100787289876,0.05014174724232233
la_mer_1_orch.mid,/home/francesco/AutomaticMusicOrchestration/LOP_database_06_09_17/hand_picked_Spotify/0/la_mer_1_orch.mid,XGBoost,1.7618277072906494,0.9634311984118692,0.742164646886753,0.9634311984118692,0.7398883326482111,0.9634311984118692,0.742164646886753,0.9634311984118692,0.739689947145259
la_mer_1_orch.mid,/home/francesco/AutomaticMusicOrchestration/LOP_database_06_09_17/hand_picked_Spotify/0/la_mer_1_orch.mid,XGBoost5,0.09891819953918457,0.709852679970745,0.6272461345591308,0.709852679970745,0.6259182145723444,0.709852679970745,0.6272461345591308,0.709852679970745,0.6205932110616961
la_mer_1_orch.mid,/home/francesco/AutomaticMusicOrchestration/LOP_database_06_09_17/hand_picked_Spotify/0/la_mer_1_orch.mid,XGBoost10,0.17908382415771484,0.7584369449378331,0.6615127455077309,0.7584369449378331,0.6604754132795537,0.7584369449378331,0.6615127455077309,0.7584369449378331,0.6575817353198438
la_mer_1_orch.mid,/home/francesco/AutomaticMusicOrchestration/LOP_database_06_09_17/hand_picked_Spotify/0/la_mer_1_orch.mid,XGBoost20,0.37653255462646484,0.8202904607669,0.6936899289594651,0.8202904607669,0.6913063655260645,0.8202904607669,0.6936899289594651,0.8202904607669,0.6894926190870659
la_mer_1_orch.mid,/home/francesco/AutomaticMusicOrchestration/LOP_database_06_09_17/hand_picked_Spotify/0/la_mer_1_orch.mid,XGBoost50,0.9646317958831787,0.9143245219935221,0.734642707898036,0.9143245219935221,0.7346727139616303,0.9143245219935221,0.734642707898036,0.9143245219935221,0.7325824911049662
la_mer_1_orch.mid,/home/francesco/AutomaticMusicOrchestration/LOP_database_06_09_17/hand_picked_Spotify/0/la_mer_1_orch.mid,RandomForest,1.4383835792541504,0.9923727928116184,0.7216882574174676,0.9923727928116184,0.7215161597055816,0.9923727928116184,0.7216882574174676,0.9923727928116184,0.7202438864383679
la_mer_1_orch.mid,/home/francesco/AutomaticMusicOrchestration/LOP_database_06_09_17/hand_picked_Spotify/0/la_mer_1_orch.mid,RandomForest10,0.9077622890472412,0.7503918085884442,0.6477225240284162,0.7503918085884442,0.6622679647994905,0.7503918085884442,0.6477225240284162,0.7503918085884442,0.6419098545039648
la_mer_1_orch.mid,/home/francesco/AutomaticMusicOrchestration/LOP_database_06_09_17/hand_picked_Spotify/0/la_mer_1_orch.mid,RandomForest13,1.1581614017486572,0.8981297670044928,0.7108232344337652,0.8981297670044928,0.7171330648197024,0.8981297670044928,0.7108232344337652,0.8981297670044928,0.7091622241067548
la_mer_1_orch.mid,/home/francesco/AutomaticMusicOrchestration/LOP_database_06_09_17/hand_picked_Spotify/0/la_mer_1_orch.mid,RandomForest16,1.3640103340148926,0.9690732420854665,0.7208524864187212,0.9690732420854665,0.7212230417377612,0.9690732420854665,0.7208524864187212,0.9690732420854665,0.718938943289948
la_mer_1_orch.mid,/home/francesco/AutomaticMusicOrchestration/LOP_database_06_09_17/hand_picked_Spotify/0/la_mer_1_orch.mid,RandomForest20,1.4437899589538574,0.992059345940863,0.7237776849143335,0.992059345940863,0.7224847627123225,0.992059345940863,0.7237776849143335,0.992059345940863,0.7218544852749209
la_mer_1_orch.mid,/home/francesco/AutomaticMusicOrchestration/LOP_database_06_09_17/hand_picked_Spotify/0/la_mer_1_orch.mid,DecisionTree,0.04155445098876953,0.9923727928116184,0.7112411199331383,0.9923727928116184,0.7125493241555213,0.9923727928116184,0.7112411199331383,0.9923727928116184,0.7102078060002294
la_mer_1_orch.mid,/home/francesco/AutomaticMusicOrchestration/LOP_database_06_09_17/hand_picked_Spotify/0/la_mer_1_orch.mid,NearestNeighbors,0.8922781944274902,0.9923727928116184,0.5883827831174259,0.9923727928116184,0.5856631301380762,0.9923727928116184,0.5883827831174259,0.9923727928116184,0.5855170188003306
la_mer_1_orch.mid,/home/francesco/AutomaticMusicOrchestration/LOP_database_06_09_17/hand_picked_Spotify/0/la_mer_1_orch.mid,NaiveBayes,0.03644418716430664,0.34489604012119945,0.3359799414960301,0.34489604012119945,0.29454771941877317,0.34489604012119945,0.3359799414960301,0.34489604012119945,0.2945580942921482
la_mer_1_orch.mid,/home/francesco/AutomaticMusicOrchestration/LOP_database_06_09_17/hand_picked_Spotify/0/la_mer_1_orch.mid,AdaBoost,0.5905616283416748,0.2791766795528158,0.2695361470956958,0.2791766795528158,0.1912091750070927,0.2791766795528158,0.2695361470956958,0.2791766795528158,0.18018528207577356
la_mer_1_orch.mid,/home/francesco/AutomaticMusicOrchestration/LOP_database_06_09_17/hand_picked_Spotify/0/la_mer_1_orch.mid,Dummy0,0.00508427619934082,0.002194128095287849,0.004178854993731718,0.002194128095287849,1.7462829058636514e-05,0.002194128095287849,0.004178854993731718,0.002194128095287849,3.4780316219157036e-05
la_mer_1_orch.mid,/home/francesco/AutomaticMusicOrchestration/LOP_database_06_09_17/hand_picked_Spotify/0/la_mer_1_orch.mid,Dummy1,0.004630565643310547,0.11754257653327761,0.11659005432511492,0.11754257653327761,0.013593240767533248,0.11754257653327761,0.11659005432511492,0.11754257653327761,0.02434777332088852
la_mer_1_orch.mid,/home/francesco/AutomaticMusicOrchestration/LOP_database_06_09_17/hand_picked_Spotify/0/la_mer_1_orch.mid,DummyUnif,0.005425453186035156,0.03719569532964163,0.03969912244045132,0.03771810678090064,0.054885891442773824,0.03771810678090064,0.03677392394483912,0.03771810678090064,0.04124206306649485
midsummer_10_orch.mid,/home/francesco/AutomaticMusicOrchestration/LOP_database_06_09_17/hand_picked_Spotify/15/midsummer_10_orch.mid,XGBoost,16.355140447616577,0.9423400673400674,0.7142857142857143,0.9423400673400674,0.7192280334828375,0.9423400673400674,0.7142857142857143,0.9423400673400674,0.7138002168327074
midsummer_10_orch.mid,/home/francesco/AutomaticMusicOrchestration/LOP_database_06_09_17/hand_picked_Spotify/15/midsummer_10_orch.mid,XGBoost5,0.0474553108215332,0.8329124579124579,0.7411764705882353,0.8329124579124579,0.7403684936107416,0.8329124579124579,0.7411764705882353,0.8329124579124579,0.7326391497340865
midsummer_10_orch.mid,/home/francesco/AutomaticMusicOrchestration/LOP_database_06_09_17/hand_picked_Spotify/15/midsummer_10_orch.mid,XGBoost10,0.22243523597717285,0.8459595959595959,0.7327731092436974,0.8459595959595959,0.7331291079378058,0.8459595959595959,0.7327731092436974,0.8459595959595959,0.728119902698868
midsummer_10_orch.mid,/home/francesco/AutomaticMusicOrchestration/LOP_database_06_09_17/hand_picked_Spotify/15/midsummer_10_orch.mid,XGBoost20,0.1427927017211914,0.8804713804713805,0.7277310924369748,0.8804713804713805,0.7314788406075527,0.8804713804713805,0.7277310924369748,0.8804713804713805,0.7252336502797333
midsummer_10_orch.mid,/home/francesco/AutomaticMusicOrchestration/LOP_database_06_09_17/hand_picked_Spotify/15/midsummer_10_orch.mid,XGBoost50,0.333690881729126,0.930976430976431,0.7126050420168067,0.930976430976431,0.7172094530354,0.930976430976431,0.7126050420168067,0.930976430976431,0.7119849330770295
midsummer_10_orch.mid,/home/francesco/AutomaticMusicOrchestration/LOP_database_06_09_17/hand_picked_Spotify/15/midsummer_10_orch.mid,RandomForest,0.33401012420654297,1.0,0.7058823529411765,1.0,0.7117838406421964,1.0,0.7058823529411765,1.0,0.706381854943003
midsummer_10_orch.mid,/home/francesco/AutomaticMusicOrchestration/LOP_database_06_09_17/hand_picked_Spotify/15/midsummer_10_orch.mid,RandomForest10,0.27850937843322754,0.8754208754208754,0.7176470588235294,0.8754208754208754,0.7222854862765268,0.8754208754208754,0.7176470588235294,0.8754208754208754,0.7120275243516035
midsummer_10_orch.mid,/home/francesco/AutomaticMusicOrchestration/LOP_database_06_09_17/hand_picked_Spotify/15/midsummer_10_orch.mid,RandomForest13,0.30431604385375977,0.9570707070707071,0.7126050420168067,0.9570707070707071,0.7127110656994451,0.9570707070707071,0.7126050420168067,0.9570707070707071,0.7087482157958774
midsummer_10_orch.mid,/home/francesco/AutomaticMusicOrchestration/LOP_database_06_09_17/hand_picked_Spotify/15/midsummer_10_orch.mid,RandomForest16,0.3275308609008789,0.9957912457912458,0.7109243697478992,0.9957912457912458,0.7152968214324824,0.9957912457912458,0.7109243697478992,0.9957912457912458,0.711046959277931
midsummer_10_orch.mid,/home/francesco/AutomaticMusicOrchestration/LOP_database_06_09_17/hand_picked_Spotify/15/midsummer_10_orch.mid,RandomForest20,0.33603572845458984,1.0,0.7058823529411765,1.0,0.7087990312845265,1.0,0.7058823529411765,1.0,0.7049582203126422
midsummer_10_orch.mid,/home/francesco/AutomaticMusicOrchestration/LOP_database_06_09_17/hand_picked_Spotify/15/midsummer_10_orch.mid,DecisionTree,0.013372659683227539,1.0,0.7058823529411765,1.0,0.7088922165717154,1.0,0.7058823529411765,1.0,0.7057641765394843
midsummer_10_orch.mid,/home/francesco/AutomaticMusicOrchestration/LOP_database_06_09_17/hand_picked_Spotify/15/midsummer_10_orch.mid,NearestNeighbors,0.21252703666687012,1.0,0.561344537815126,1.0,0.5916806993043047,1.0,0.561344537815126,1.0,0.5716766162785973
midsummer_10_orch.mid,/home/francesco/AutomaticMusicOrchestration/LOP_database_06_09_17/hand_picked_Spotify/15/midsummer_10_orch.mid,NaiveBayes,0.012230873107910156,0.553030303030303,0.534453781512605,0.553030303030303,0.5450797128902031,0.553030303030303,0.534453781512605,0.553030303030303,0.5055660451113606
midsummer_10_orch.mid,/home/francesco/AutomaticMusicOrchestration/LOP_database_06_09_17/hand_picked_Spotify/15/midsummer_10_orch.mid,AdaBoost,0.20093798637390137,0.31565656565656564,0.3310924369747899,0.31565656565656564,0.22048294464071544,0.31565656565656564,0.3310924369747899,0.31565656565656564,0.23450511198781443
midsummer_10_orch.mid,/home/francesco/AutomaticMusicOrchestration/LOP_database_06_09_17/hand_picked_Spotify/15/midsummer_10_orch.mid,Dummy0,0.004987955093383789,0.03409090909090909,0.03529411764705882,0.03409090909090909,0.0012456747404844292,0.03409090909090909,0.03529411764705882,0.03409090909090909,0.002406417112299465
midsummer_10_orch.mid,/home/francesco/AutomaticMusicOrchestration/LOP_database_06_09_17/hand_picked_Spotify/15/midsummer_10_orch.mid,Dummy1,0.0045430660247802734,0.09638047138047139,0.0957983193277311,0.09638047138047139,0.009177317986017937,0.09638047138047139,0.0957983193277311,0.09638047138047139,0.01675001288859102
midsummer_10_orch.mid,/home/francesco/AutomaticMusicOrchestration/LOP_database_06_09_17/hand_picked_Spotify/15/midsummer_10_orch.mid,DummyUnif,0.004284381866455078,0.05723905723905724,0.04873949579831933,0.06228956228956229,0.08029772944583835,0.06228956228956229,0.05714285714285714,0.06228956228956229,0.0629738412166198
la_mer_3_orch.mid,/home/francesco/AutomaticMusicOrchestration/LOP_database_06_09_17/hand_picked_Spotify/11/la_mer_3_orch.mid,XGBoost,2.398503541946411,0.9537938990002564,0.7874903870802359,0.9537938990002564,0.7889825888648017,0.9537938990002564,0.7874903870802359,0.9537938990002564,0.7875732900976716
la_mer_3_orch.mid,/home/francesco/AutomaticMusicOrchestration/LOP_database_06_09_17/hand_picked_Spotify/11/la_mer_3_orch.mid,XGBoost5,0.15396857261657715,0.7250064086131761,0.6752114842348116,0.7250064086131761,0.6784726025972151,0.7250064086131761,0.6752114842348116,0.7250064086131761,0.6694221121246607
la_mer_3_orch.mid,/home/francesco/AutomaticMusicOrchestration/LOP_database_06_09_17/hand_picked_Spotify/11/la_mer_3_orch.mid,XGBoost10,0.34156179428100586,0.7662778774673161,0.7118687516021533,0.7662778774673161,0.7136753123662437,0.7662778774673161,0.7118687516021533,0.7662778774673161,0.7063680364016425
la_mer_3_orch.mid,/home/francesco/AutomaticMusicOrchestration/LOP_database_06_09_17/hand_picked_Spotify/11/la_mer_3_orch.mid,XGBoost20,0.5214633941650391,0.8116508587541656,0.7428864393745194,0.8116508587541656,0.7457840214512435,0.8116508587541656,0.7428864393745194,0.8116508587541656,0.739503544061956
la_mer_3_orch.mid,/home/francesco/AutomaticMusicOrchestration/LOP_database_06_09_17/hand_picked_Spotify/11/la_mer_3_orch.mid,XGBoost50,1.2392568588256836,0.9029735965137144,0.7756985388361959,0.9029735965137144,0.77769160819216,0.9029735965137144,0.7756985388361959,0.9029735965137144,0.7752449500878986
la_mer_3_orch.mid,/home/francesco/AutomaticMusicOrchestration/LOP_database_06_09_17/hand_picked_Spotify/11/la_mer_3_orch.mid,RandomForest,2.261974334716797,0.9936554729556524,0.7833888746475263,0.9936554729556524,0.785563397895261,0.9936554729556524,0.7833888746475263,0.9936554729556524,0.7837247671583154
la_mer_3_orch.mid,/home/francesco/AutomaticMusicOrchestration/LOP_database_06_09_17/hand_picked_Spotify/11/la_mer_3_orch.mid,RandomForest10,1.42857027053833,0.7813381184311715,0.7216098436298385,0.7813381184311715,0.7362393987701794,0.7813381184311715,0.7216098436298385,0.7813381184311715,0.7172374382413164
la_mer_3_orch.mid,/home/francesco/AutomaticMusicOrchestration/LOP_database_06_09_17/hand_picked_Spotify/11/la_mer_3_orch.mid,RandomForest13,1.7525207996368408,0.901179184824404,0.7746731607280185,0.901179184824404,0.777657582906414,0.901179184824404,0.7746731607280185,0.901179184824404,0.7736109333000472
la_mer_3_orch.mid,/home/francesco/AutomaticMusicOrchestration/LOP_database_06_09_17/hand_picked_Spotify/11/la_mer_3_orch.mid,RandomForest16,2.0487492084503174,0.9717380158933607,0.7821071520123045,0.9717380158933607,0.7830347013909972,0.9717380158933607,0.7821071520123045,0.9717380158933607,0.7815846698954871
la_mer_3_orch.mid,/home/francesco/AutomaticMusicOrchestration/LOP_database_06_09_17/hand_picked_Spotify/11/la_mer_3_orch.mid,RandomForest20,2.2101502418518066,0.9922455780569085,0.7826198410663933,0.9922455780569085,0.7833666221527965,0.9922455780569085,0.7826198410663933,0.9922455780569085,0.7820844325422901
la_mer_3_orch.mid,/home/francesco/AutomaticMusicOrchestration/LOP_database_06_09_17/hand_picked_Spotify/11/la_mer_3_orch.mid,DecisionTree,0.057814598083496094,0.9936554729556524,0.7623686234298898,0.9936554729556524,0.7655196800721625,0.9936554729556524,0.7623686234298898,0.9936554729556524,0.7631553572218582
la_mer_3_orch.mid,/home/francesco/AutomaticMusicOrchestration/LOP_database_06_09_17/hand_picked_Spotify/11/la_mer_3_orch.mid,NearestNeighbors,1.2755343914031982,0.9936554729556524,0.6495770315303768,0.9936554729556524,0.6508827540682611,0.9936554729556524,0.6495770315303768,0.9936554729556524,0.6493849185224787
la_mer_3_orch.mid,/home/francesco/AutomaticMusicOrchestration/LOP_database_06_09_17/hand_picked_Spotify/11/la_mer_3_orch.mid,NaiveBayes,0.05284380912780762,0.35452448090233274,0.3517046911048449,0.35452448090233274,0.33647052918193904,0.35452448090233274,0.3517046911048449,0.35452448090233274,0.3094969309906846
la_mer_3_orch.mid,/home/francesco/AutomaticMusicOrchestration/LOP_database_06_09_17/hand_picked_Spotify/11/la_mer_3_orch.mid,AdaBoost,0.8727016448974609,0.20014098948987438,0.21097154575749807,0.20014098948987438,0.10042544331245562,0.20014098948987438,0.21097154575749807,0.20014098948987438,0.12609916868846022
la_mer_3_orch.mid,/home/francesco/AutomaticMusicOrchestration/LOP_database_06_09_17/hand_picked_Spotify/11/la_mer_3_orch.mid,Dummy0,0.005391359329223633,0.029479620610099976,0.03153037682645476,0.029479620610099976,0.0009941646628182353,0.029479620610099976,0.03153037682645476,0.029479620610099976,0.0019275528576808822
la_mer_3_orch.mid,/home/francesco/AutomaticMusicOrchestration/LOP_database_06_09_17/hand_picked_Spotify/11/la_mer_3_orch.mid,Dummy1,0.005208730697631836,0.005255062804409126,0.005895924122019995,0.005255062804409126,3.476192125261725e-05,0.005255062804409126,0.005895924122019995,0.005255062804409126,6.9116337821845e-05
la_mer_3_orch.mid,/home/francesco/AutomaticMusicOrchestration/LOP_database_06_09_17/hand_picked_Spotify/11/la_mer_3_orch.mid,DummyUnif,0.0068094730377197266,0.033837477569853884,0.03281209946167649,0.03659318123558062,0.06258226594973497,0.03659318123558062,0.03691361189438606,0.03659318123558062,0.043309855245852694
swan_lake_24_orch.mid,/home/francesco/AutomaticMusicOrchestration/LOP_database_06_09_17/hand_picked_Spotify/56/swan_lake_24_orch.mid,XGBoost,1.2408168315887451,0.8548591040462428,0.7322976878612717,0.8548591040462428,0.7340715388899897,0.8548591040462428,0.7322976878612717,0.8548591040462428,0.7313746601706104
swan_lake_24_orch.mid,/home/francesco/AutomaticMusicOrchestration/LOP_database_06_09_17/hand_picked_Spotify/56/swan_lake_24_orch.mid,XGBoost5,0.07117080688476562,0.7766437861271677,0.7684248554913294,0.7766437861271677,0.7660793791085404,0.7766437861271677,0.7684248554913294,0.7766437861271677,0.7595481965287173
swan_lake_24_orch.mid,/home/francesco/AutomaticMusicOrchestration/LOP_database_06_09_17/hand_picked_Spotify/56/swan_lake_24_orch.mid,XGBoost10,0.1302776336669922,0.7899205202312138,0.7669797687861272,0.7899205202312138,0.774538875879791,0.7899205202312138,0.7669797687861272,0.7899205202312138,0.7609000229859129
swan_lake_24_orch.mid,/home/francesco/AutomaticMusicOrchestration/LOP_database_06_09_17/hand_picked_Spotify/56/swan_lake_24_orch.mid,XGBoost20,0.2410414218902588,0.8148482658959537,0.7734826589595376,0.8148482658959537,0.7876591219306968,0.8148482658959537,0.7734826589595376,0.8148482658959537,0.770097773426688
swan_lake_24_orch.mid,/home/francesco/AutomaticMusicOrchestration/LOP_database_06_09_17/hand_picked_Spotify/56/swan_lake_24_orch.mid,XGBoost50,0.7069296836853027,0.8423952312138728,0.7478323699421965,0.8423952312138728,0.7515292130325858,0.8423952312138728,0.7478323699421965,0.8423952312138728,0.7470734462594886
swan_lake_24_orch.mid,/home/francesco/AutomaticMusicOrchestration/LOP_database_06_09_17/hand_picked_Spotify/56/swan_lake_24_orch.mid,RandomForest,1.366814136505127,1.0,0.6795520231213873,1.0,0.680217209930536,1.0,0.6795520231213873,1.0,0.6788995979767899
swan_lake_24_orch.mid,/home/francesco/AutomaticMusicOrchestration/LOP_database_06_09_17/hand_picked_Spotify/56/swan_lake_24_orch.mid,RandomForest10,0.9013264179229736,0.8278540462427746,0.7539739884393064,0.8278540462427746,0.7569940487828668,0.8278540462427746,0.7539739884393064,0.8278540462427746,0.7530785396763628
swan_lake_24_orch.mid,/home/francesco/AutomaticMusicOrchestration/LOP_database_06_09_17/hand_picked_Spotify/56/swan_lake_24_orch.mid,RandomForest13,0.9883074760437012,0.8929732658959537,0.7257947976878613,0.8929732658959537,0.729318266692412,0.8929732658959537,0.7257947976878613,0.8929732658959537,0.726690675268807
swan_lake_24_orch.mid,/home/francesco/AutomaticMusicOrchestration/LOP_database_06_09_17/hand_picked_Spotify/56/swan_lake_24_orch.mid,RandomForest16,1.1149413585662842,0.9488800578034682,0.6972543352601156,0.9488800578034682,0.6996204084705716,0.9488800578034682,0.6972543352601156,0.9488800578034682,0.6976054315081489
swan_lake_24_orch.mid,/home/francesco/AutomaticMusicOrchestration/LOP_database_06_09_17/hand_picked_Spotify/56/swan_lake_24_orch.mid,RandomForest20,1.26497220993042,0.9840137283236994,0.6846098265895953,0.9840137283236994,0.684880932025381,0.9840137283236994,0.6846098265895953,0.9840137283236994,0.6838690812597059
swan_lake_24_orch.mid,/home/francesco/AutomaticMusicOrchestration/LOP_database_06_09_17/hand_picked_Spotify/56/swan_lake_24_orch.mid,DecisionTree,0.04378318786621094,1.0,0.6838872832369942,1.0,0.685051577629908,1.0,0.6838872832369942,1.0,0.6832551394644504
swan_lake_24_orch.mid,/home/francesco/AutomaticMusicOrchestration/LOP_database_06_09_17/hand_picked_Spotify/56/swan_lake_24_orch.mid,NearestNeighbors,1.0036203861236572,1.0,0.6286127167630058,1.0,0.6339582051942504,1.0,0.6286127167630058,1.0,0.6289841892623037
swan_lake_24_orch.mid,/home/francesco/AutomaticMusicOrchestration/LOP_database_06_09_17/hand_picked_Spotify/56/swan_lake_24_orch.mid,NaiveBayes,0.031661033630371094,0.5257406069364162,0.5397398843930635,0.5257406069364162,0.5540814836053435,0.5257406069364162,0.5397398843930635,0.5257406069364162,0.5210176848954813
swan_lake_24_orch.mid,/home/francesco/AutomaticMusicOrchestration/LOP_database_06_09_17/hand_picked_Spotify/56/swan_lake_24_orch.mid,AdaBoost,0.5842928886413574,0.34853684971098264,0.3583815028901734,0.34853684971098264,0.2113265948084826,0.34853684971098264,0.3583815028901734,0.34853684971098264,0.23802141732043414
swan_lake_24_orch.mid,/home/francesco/AutomaticMusicOrchestration/LOP_database_06_09_17/hand_picked_Spotify/56/swan_lake_24_orch.mid,Dummy0,0.0050928592681884766,0.019237716763005782,0.020592485549132948,0.019237716763005782,0.0004240504610912493,0.019237716763005782,0.020592485549132948,0.019237716763005782,0.0008309887973809401
swan_lake_24_orch.mid,/home/francesco/AutomaticMusicOrchestration/LOP_database_06_09_17/hand_picked_Spotify/56/swan_lake_24_orch.mid,Dummy1,0.004419565200805664,0.012192919075144509,0.012644508670520232,0.012192919075144509,0.0001598835995188613,0.012192919075144509,0.012644508670520232,0.012192919075144509,0.0003157743870625816
swan_lake_24_orch.mid,/home/francesco/AutomaticMusicOrchestration/LOP_database_06_09_17/hand_picked_Spotify/56/swan_lake_24_orch.mid,DummyUnif,0.005292415618896484,0.04832008670520231,0.040823699421965315,0.05202312138728324,0.08490858058490781,0.05202312138728324,0.04407514450867052,0.05202312138728324,0.05105674075938315
handel-water-music-hornpipe_orch.mid,/home/francesco/AutomaticMusicOrchestration/LOP_database_06_09_17/hand_picked_Spotify/12/handel-water-music-hornpipe_orch.mid,XGBoost,0.6855373382568359,0.8668186258547704,0.39453125,0.8668186258547704,0.41009324281250686,0.8668186258547704,0.39453125,0.8668186258547704,0.39890958134649296
handel-water-music-hornpipe_orch.mid,/home/francesco/AutomaticMusicOrchestration/LOP_database_06_09_17/hand_picked_Spotify/12/handel-water-music-hornpipe_orch.mid,XGBoost5,0.04387712478637695,0.5571475089547379,0.3919270833333333,0.5571475089547379,0.40074445168771394,0.5571475089547379,0.3919270833333333,0.5571475089547379,0.37252516744498276
handel-water-music-hornpipe_orch.mid,/home/francesco/AutomaticMusicOrchestration/LOP_database_06_09_17/hand_picked_Spotify/12/handel-water-music-hornpipe_orch.mid,XGBoost10,0.08556485176086426,0.6014327580592641,0.3776041666666667,0.6014327580592641,0.39832157744557867,0.6014327580592641,0.3776041666666667,0.6014327580592641,0.3681890723507922
handel-water-music-hornpipe_orch.mid,/home/francesco/AutomaticMusicOrchestration/LOP_database_06_09_17/hand_picked_Spotify/12/handel-water-music-hornpipe_orch.mid,XGBoost20,0.1328437328338623,0.6642787365678932,0.3815104166666667,0.6642787365678932,0.39818192693785043,0.6642787365678932,0.3815104166666667,0.6642787365678932,0.37970291240027665
handel-water-music-hornpipe_orch.mid,/home/francesco/AutomaticMusicOrchestration/LOP_database_06_09_17/hand_picked_Spotify/12/handel-water-music-hornpipe_orch.mid,XGBoost50,0.3693380355834961,0.7990882448713774,0.3932291666666667,0.7990882448713774,0.40751673318243004,0.7990882448713774,0.3932291666666667,0.7990882448713774,0.3977641915822235
handel-water-music-hornpipe_orch.mid,/home/francesco/AutomaticMusicOrchestration/LOP_database_06_09_17/hand_picked_Spotify/12/handel-water-music-hornpipe_orch.mid,RandomForest,0.4957890510559082,0.9303158580267014,0.375,0.9303158580267014,0.39528743496675794,0.9303158580267014,0.375,0.9303158580267014,0.3810563417338777
handel-water-music-hornpipe_orch.mid,/home/francesco/AutomaticMusicOrchestration/LOP_database_06_09_17/hand_picked_Spotify/12/handel-water-music-hornpipe_orch.mid,RandomForest10,0.34215450286865234,0.7486160859654836,0.3645833333333333,0.7486160859654836,0.392732064479139,0.7486160859654836,0.3645833333333333,0.7486160859654836,0.36866172258842056
handel-water-music-hornpipe_orch.mid,/home/francesco/AutomaticMusicOrchestration/LOP_database_06_09_17/hand_picked_Spotify/12/handel-water-music-hornpipe_orch.mid,RandomForest13,0.4058096408843994,0.8769130576359492,0.3815104166666667,0.8769130576359492,0.41748256114154775,0.8769130576359492,0.3815104166666667,0.8769130576359492,0.39314106341894944
handel-water-music-hornpipe_orch.mid,/home/francesco/AutomaticMusicOrchestration/LOP_database_06_09_17/hand_picked_Spotify/12/handel-water-music-hornpipe_orch.mid,RandomForest16,0.4487342834472656,0.9198957994138717,0.37890625,0.9198957994138717,0.4039076931096255,0.9198957994138717,0.37890625,0.9198957994138717,0.3864589121538456
handel-water-music-hornpipe_orch.mid,/home/francesco/AutomaticMusicOrchestration/LOP_database_06_09_17/hand_picked_Spotify/12/handel-water-music-hornpipe_orch.mid,RandomForest20,0.48116612434387207,0.9299902311950504,0.3828125,0.9299902311950504,0.40170222329470767,0.9299902311950504,0.3828125,0.9299902311950504,0.38807435203235485
handel-water-music-hornpipe_orch.mid,/home/francesco/AutomaticMusicOrchestration/LOP_database_06_09_17/hand_picked_Spotify/12/handel-water-music-hornpipe_orch.mid,DecisionTree,0.013783931732177734,0.9303158580267014,0.3984375,0.9303158580267014,0.42421701610697765,0.9303158580267014,0.3984375,0.9303158580267014,0.40723997758408276
handel-water-music-hornpipe_orch.mid,/home/francesco/AutomaticMusicOrchestration/LOP_database_06_09_17/hand_picked_Spotify/12/handel-water-music-hornpipe_orch.mid,NearestNeighbors,0.27202463150024414,0.9303158580267014,0.3346354166666667,0.9303158580267014,0.35446829191917356,0.9303158580267014,0.3346354166666667,0.9303158580267014,0.341092105635995
handel-water-music-hornpipe_orch.mid,/home/francesco/AutomaticMusicOrchestration/LOP_database_06_09_17/hand_picked_Spotify/12/handel-water-music-hornpipe_orch.mid,NaiveBayes,0.011078596115112305,0.352979485509606,0.3072916666666667,0.352979485509606,0.25623061127365593,0.352979485509606,0.3072916666666667,0.352979485509606,0.24774403386232127
handel-water-music-hornpipe_orch.mid,/home/francesco/AutomaticMusicOrchestration/LOP_database_06_09_17/hand_picked_Spotify/12/handel-water-music-hornpipe_orch.mid,AdaBoost,0.20935893058776855,0.3119505047215891,0.2721354166666667,0.3119505047215891,0.2447037247764208,0.3119505047215891,0.2721354166666667,0.3119505047215891,0.2101673975709912
handel-water-music-hornpipe_orch.mid,/home/francesco/AutomaticMusicOrchestration/LOP_database_06_09_17/hand_picked_Spotify/12/handel-water-music-hornpipe_orch.mid,Dummy0,0.004484653472900391,0.0941061543471182,0.11588541666666667,0.0941061543471182,0.013429429796006946,0.0941061543471182,0.11588541666666667,0.0941061543471182,0.024069549786075454
handel-water-music-hornpipe_orch.mid,/home/francesco/AutomaticMusicOrchestration/LOP_database_06_09_17/hand_picked_Spotify/12/handel-water-music-hornpipe_orch.mid,Dummy1,0.004136562347412109,0.07717355910126994,0.08984375,0.07717355910126994,0.0080718994140625,0.07717355910126994,0.08984375,0.07717355910126994,0.014812948028673835
handel-water-music-hornpipe_orch.mid,/home/francesco/AutomaticMusicOrchestration/LOP_database_06_09_17/hand_picked_Spotify/12/handel-water-music-hornpipe_orch.mid,DummyUnif,0.004121541976928711,0.08889612504070335,0.09244791666666667,0.07880169325952459,0.11706355644707278,0.07880169325952459,0.10026041666666667,0.07880169325952459,0.10514992529450928
swan_lake_13_orch.mid,/home/francesco/AutomaticMusicOrchestration/LOP_database_06_09_17/hand_picked_Spotify/43/swan_lake_13_orch.mid,XGBoost,1.8559448719024658,0.8912814863037708,0.8085319447226117,0.8912814863037708,0.808781699451995,0.8912814863037708,0.8085319447226117,0.8912814863037708,0.8082148244499794
swan_lake_13_orch.mid,/home/francesco/AutomaticMusicOrchestration/LOP_database_06_09_17/hand_picked_Spotify/43/swan_lake_13_orch.mid,XGBoost5,0.11581945419311523,0.7707947318343432,0.7542559583416784,0.7707947318343432,0.7551421476377085,0.7707947318343432,0.7542559583416784,0.7707947318343432,0.7523643769346096
swan_lake_13_orch.mid,/home/francesco/AutomaticMusicOrchestration/LOP_database_06_09_17/hand_picked_Spotify/43/swan_lake_13_orch.mid,XGBoost10,0.19840264320373535,0.7890730632480345,0.7700781093530943,0.7890730632480345,0.770093020257235,0.7890730632480345,0.7700781093530943,0.7890730632480345,0.7679986281265337
swan_lake_13_orch.mid,/home/francesco/AutomaticMusicOrchestration/LOP_database_06_09_17/hand_picked_Spotify/43/swan_lake_13_orch.mid,XGBoost20,0.35008931159973145,0.8237267765035805,0.792108952533547,0.8237267765035805,0.7918659098402903,0.8237267765035805,0.792108952533547,0.8237267765035805,0.7905906064252475
swan_lake_13_orch.mid,/home/francesco/AutomaticMusicOrchestration/LOP_database_06_09_17/hand_picked_Spotify/43/swan_lake_13_orch.mid,XGBoost50,0.8834469318389893,0.8668436075917673,0.815341478069297,0.8668436075917673,0.8150265594314321,0.8668436075917673,0.815341478069297,0.8668436075917673,0.814603206678646
swan_lake_13_orch.mid,/home/francesco/AutomaticMusicOrchestration/LOP_database_06_09_17/hand_picked_Spotify/43/swan_lake_13_orch.mid,RandomForest,2.526474714279175,0.9961941008563273,0.780492689765672,0.9961941008563273,0.7813430009792472,0.9961941008563273,0.780492689765672,0.9961941008563273,0.780565784913925
swan_lake_13_orch.mid,/home/francesco/AutomaticMusicOrchestration/LOP_database_06_09_17/hand_picked_Spotify/43/swan_lake_13_orch.mid,RandomForest10,1.6303918361663818,0.8050478241273975,0.7838974564390147,0.8050478241273975,0.7903621979610874,0.8050478241273975,0.7838974564390147,0.8050478241273975,0.7797472616811404
swan_lake_13_orch.mid,/home/francesco/AutomaticMusicOrchestration/LOP_database_06_09_17/hand_picked_Spotify/43/swan_lake_13_orch.mid,RandomForest13,1.9019122123718262,0.8705994291151284,0.7999198878429802,0.8705994291151284,0.8012522029321821,0.8705994291151284,0.7999198878429802,0.8705994291151284,0.798396279613672
swan_lake_13_orch.mid,/home/francesco/AutomaticMusicOrchestration/LOP_database_06_09_17/hand_picked_Spotify/43/swan_lake_13_orch.mid,RandomForest16,2.1463286876678467,0.9281386148530222,0.7927097937111957,0.9281386148530222,0.7925751816529935,0.9281386148530222,0.7927097937111957,0.9281386148530222,0.7921471237299429
swan_lake_13_orch.mid,/home/francesco/AutomaticMusicOrchestration/LOP_database_06_09_17/hand_picked_Spotify/43/swan_lake_13_orch.mid,RandomForest20,2.41808819770813,0.9792177875707346,0.7814940917284198,0.9792177875707346,0.7815645316363516,0.9792177875707346,0.7814940917284198,0.9792177875707346,0.7812481223695965
swan_lake_13_orch.mid,/home/francesco/AutomaticMusicOrchestration/LOP_database_06_09_17/hand_picked_Spotify/43/swan_lake_13_orch.mid,DecisionTree,0.06763172149658203,0.9963443337172617,0.7758862407370318,0.9963443337172617,0.7773616889209677,0.9963443337172617,0.7758862407370318,0.9963443337172617,0.7761666161579984
swan_lake_13_orch.mid,/home/francesco/AutomaticMusicOrchestration/LOP_database_06_09_17/hand_picked_Spotify/43/swan_lake_13_orch.mid,NearestNeighbors,1.6597528457641602,0.9963443337172617,0.722811936711396,0.9963443337172617,0.7251528903780291,0.9963443337172617,0.722811936711396,0.9963443337172617,0.7233912234373618
swan_lake_13_orch.mid,/home/francesco/AutomaticMusicOrchestration/LOP_database_06_09_17/hand_picked_Spotify/43/swan_lake_13_orch.mid,NaiveBayes,0.058591365814208984,0.4369773148379989,0.4404165832165031,0.4369773148379989,0.49103082032336987,0.4369773148379989,0.4404165832165031,0.4369773148379989,0.4113543668466685
swan_lake_13_orch.mid,/home/francesco/AutomaticMusicOrchestration/LOP_database_06_09_17/hand_picked_Spotify/43/swan_lake_13_orch.mid,AdaBoost,1.070260763168335,0.23616605738895288,0.23152413378730222,0.23616605738895288,0.08573568968603913,0.23616605738895288,0.23152413378730222,0.23616605738895288,0.12047876828091557
swan_lake_13_orch.mid,/home/francesco/AutomaticMusicOrchestration/LOP_database_06_09_17/hand_picked_Spotify/43/swan_lake_13_orch.mid,Dummy0,0.005613088607788086,0.030146727427512645,0.03004205888243541,0.030146727427512645,0.0009025253018957163,0.030146727427512645,0.03004205888243541,0.030146727427512645,0.001752404756898818
swan_lake_13_orch.mid,/home/francesco/AutomaticMusicOrchestration/LOP_database_06_09_17/hand_picked_Spotify/43/swan_lake_13_orch.mid,Dummy1,0.0051877498626708984,0.0125194050778707,0.014620468656118567,0.0125194050778707,0.00021375810372454543,0.0125194050778707,0.014620468656118567,0.0125194050778707,0.00042135578835241026
swan_lake_13_orch.mid,/home/francesco/AutomaticMusicOrchestration/LOP_database_06_09_17/hand_picked_Spotify/43/swan_lake_13_orch.mid,DummyUnif,0.006434202194213867,0.04206520106164555,0.045263368716202686,0.042365666783514444,0.06494810071580151,0.042365666783514444,0.042058882435409575,0.042365666783514444,0.04829304916496805
swan_lake_12_orch.mid,/home/francesco/AutomaticMusicOrchestration/LOP_database_06_09_17/hand_picked_Spotify/42/swan_lake_12_orch.mid,XGBoost,0.8777873516082764,0.9308274021352313,0.8131672597864769,0.9308274021352313,0.8181339961653233,0.9308274021352313,0.8131672597864769,0.9308274021352313,0.8133706523267885
swan_lake_12_orch.mid,/home/francesco/AutomaticMusicOrchestration/LOP_database_06_09_17/hand_picked_Spotify/42/swan_lake_12_orch.mid,XGBoost5,0.05234885215759277,0.822508896797153,0.8104982206405694,0.822508896797153,0.8154768744420613,0.822508896797153,0.8104982206405694,0.822508896797153,0.8044554421809893
swan_lake_12_orch.mid,/home/francesco/AutomaticMusicOrchestration/LOP_database_06_09_17/hand_picked_Spotify/42/swan_lake_12_orch.mid,XGBoost10,0.08615946769714355,0.8418594306049823,0.8220640569395018,0.8418594306049823,0.8212170343063633,0.8418594306049823,0.8220640569395018,0.8418594306049823,0.8143678826408279
swan_lake_12_orch.mid,/home/francesco/AutomaticMusicOrchestration/LOP_database_06_09_17/hand_picked_Spotify/42/swan_lake_12_orch.mid,XGBoost20,0.26108288764953613,0.8727758007117438,0.8309608540925267,0.8727758007117438,0.8294043698814116,0.8727758007117438,0.8309608540925267,0.8727758007117438,0.8253442571200195
swan_lake_12_orch.mid,/home/francesco/AutomaticMusicOrchestration/LOP_database_06_09_17/hand_picked_Spotify/42/swan_lake_12_orch.mid,XGBoost50,0.42847657203674316,0.9212633451957295,0.8202846975088968,0.9212633451957295,0.8246272660483684,0.9212633451957295,0.8202846975088968,0.9212633451957295,0.8204888155792107
swan_lake_12_orch.mid,/home/francesco/AutomaticMusicOrchestration/LOP_database_06_09_17/hand_picked_Spotify/42/swan_lake_12_orch.mid,RandomForest,0.5275661945343018,1.0,0.7900355871886121,1.0,0.7964028795394308,1.0,0.7900355871886121,1.0,0.7917731639734352
swan_lake_12_orch.mid,/home/francesco/AutomaticMusicOrchestration/LOP_database_06_09_17/hand_picked_Spotify/42/swan_lake_12_orch.mid,RandomForest10,0.40961503982543945,0.8560943060498221,0.8185053380782918,0.8560943060498221,0.8174754222917834,0.8560943060498221,0.8185053380782918,0.8560943060498221,0.8073076280274593
swan_lake_12_orch.mid,/home/francesco/AutomaticMusicOrchestration/LOP_database_06_09_17/hand_picked_Spotify/42/swan_lake_12_orch.mid,RandomForest13,0.4622619152069092,0.9354982206405694,0.8202846975088968,0.9354982206405694,0.8182669558329423,0.9354982206405694,0.8202846975088968,0.9354982206405694,0.8168727630589077
swan_lake_12_orch.mid,/home/francesco/AutomaticMusicOrchestration/LOP_database_06_09_17/hand_picked_Spotify/42/swan_lake_12_orch.mid,RandomForest16,0.4924180507659912,0.9875444839857651,0.800711743772242,0.9875444839857651,0.8056367214690658,0.9875444839857651,0.800711743772242,0.9875444839857651,0.8010774281503156
swan_lake_12_orch.mid,/home/francesco/AutomaticMusicOrchestration/LOP_database_06_09_17/hand_picked_Spotify/42/swan_lake_12_orch.mid,RandomForest20,0.5105278491973877,0.9997775800711743,0.7927046263345195,0.9997775800711743,0.7975657383904613,0.9997775800711743,0.7927046263345195,0.9997775800711743,0.793229861037503
swan_lake_12_orch.mid,/home/francesco/AutomaticMusicOrchestration/LOP_database_06_09_17/hand_picked_Spotify/42/swan_lake_12_orch.mid,DecisionTree,0.015825986862182617,1.0,0.7882562277580071,1.0,0.7952010322198028,1.0,0.7882562277580071,1.0,0.7902670693133581
swan_lake_12_orch.mid,/home/francesco/AutomaticMusicOrchestration/LOP_database_06_09_17/hand_picked_Spotify/42/swan_lake_12_orch.mid,NearestNeighbors,0.37904977798461914,1.0,0.7259786476868327,1.0,0.7378117362231607,1.0,0.7259786476868327,1.0,0.7274202771468925
swan_lake_12_orch.mid,/home/francesco/AutomaticMusicOrchestration/LOP_database_06_09_17/hand_picked_Spotify/42/swan_lake_12_orch.mid,NaiveBayes,0.016506671905517578,0.5209074733096085,0.5400355871886121,0.5209074733096085,0.6096294584182823,0.5209074733096085,0.5400355871886121,0.5209074733096085,0.5477114614503651
swan_lake_12_orch.mid,/home/francesco/AutomaticMusicOrchestration/LOP_database_06_09_17/hand_picked_Spotify/42/swan_lake_12_orch.mid,AdaBoost,0.28862500190734863,0.41147686832740216,0.44395017793594305,0.41147686832740216,0.3932291433987754,0.41147686832740216,0.44395017793594305,0.41147686832740216,0.3778700628154647
swan_lake_12_orch.mid,/home/francesco/AutomaticMusicOrchestration/LOP_database_06_09_17/hand_picked_Spotify/42/swan_lake_12_orch.mid,Dummy0,0.004233598709106445,0.029137010676156583,0.020462633451957295,0.029137010676156583,0.00041871936778916177,0.029137010676156583,0.020462633451957295,0.029137010676156583,0.0008206461541325508
swan_lake_12_orch.mid,/home/francesco/AutomaticMusicOrchestration/LOP_database_06_09_17/hand_picked_Spotify/42/swan_lake_12_orch.mid,Dummy1,0.00390625,0.011788256227758007,0.006227758007117438,0.011788256227758007,3.878496979521536e-05,0.011788256227758007,0.006227758007117438,0.011788256227758007,7.708984270525564e-05
swan_lake_12_orch.mid,/home/francesco/AutomaticMusicOrchestration/LOP_database_06_09_17/hand_picked_Spotify/42/swan_lake_12_orch.mid,DummyUnif,0.004584074020385742,0.0547153024911032,0.04893238434163701,0.062055160142348756,0.0886064767987595,0.062055160142348756,0.050711743772241996,0.062055160142348756,0.059597031868815015
tch_sy6d_orch.mid,/home/francesco/AutomaticMusicOrchestration/LOP_database_06_09_17/hand_picked_Spotify/62/tch_sy6d_orch.mid,XGBoost,0.8509781360626221,0.7948667711598746,0.48864526233359434,0.7948667711598746,0.49101029749251973,0.7948667711598746,0.48864526233359434,0.7948667711598746,0.48793233846795836
tch_sy6d_orch.mid,/home/francesco/AutomaticMusicOrchestration/LOP_database_06_09_17/hand_picked_Spotify/62/tch_sy6d_orch.mid,XGBoost5,0.060773611068725586,0.6436128526645768,0.5293657008613939,0.6436128526645768,0.5324161001335797,0.6436128526645768,0.5293657008613939,0.6436128526645768,0.5258110139332776
tch_sy6d_orch.mid,/home/francesco/AutomaticMusicOrchestration/LOP_database_06_09_17/hand_picked_Spotify/62/tch_sy6d_orch.mid,XGBoost10,0.09438848495483398,0.6778996865203761,0.5426781519185592,0.6778996865203761,0.5422662209424293,0.6778996865203761,0.5426781519185592,0.6778996865203761,0.5392054492999053
tch_sy6d_orch.mid,/home/francesco/AutomaticMusicOrchestration/LOP_database_06_09_17/hand_picked_Spotify/62/tch_sy6d_orch.mid,XGBoost20,0.1879875659942627,0.7123824451410659,0.5418950665622553,0.7123824451410659,0.542420435402203,0.7123824451410659,0.5418950665622553,0.7123824451410659,0.5394856306135616
tch_sy6d_orch.mid,/home/francesco/AutomaticMusicOrchestration/LOP_database_06_09_17/hand_picked_Spotify/62/tch_sy6d_orch.mid,XGBoost50,0.6925172805786133,0.7686128526645768,0.5113547376664056,0.7686128526645768,0.5150777237556246,0.7686128526645768,0.5113547376664056,0.7686128526645768,0.5112051206298608
tch_sy6d_orch.mid,/home/francesco/AutomaticMusicOrchestration/LOP_database_06_09_17/hand_picked_Spotify/62/tch_sy6d_orch.mid,RandomForest,0.6771275997161865,0.8052507836990596,0.47376664056382145,0.8052507836990596,0.47318872615957197,0.8052507836990596,0.47376664056382145,0.8052507836990596,0.47206386171284015
tch_sy6d_orch.mid,/home/francesco/AutomaticMusicOrchestration/LOP_database_06_09_17/hand_picked_Spotify/62/tch_sy6d_orch.mid,RandomForest10,0.46322083473205566,0.716692789968652,0.5035238841033672,0.716692789968652,0.5051661870427043,0.716692789968652,0.5035238841033672,0.716692789968652,0.4988263515936904
tch_sy6d_orch.mid,/home/francesco/AutomaticMusicOrchestration/LOP_database_06_09_17/hand_picked_Spotify/62/tch_sy6d_orch.mid,RandomForest13,0.5614206790924072,0.789576802507837,0.46750195771339076,0.789576802507837,0.4702488921937321,0.789576802507837,0.46750195771339076,0.789576802507837,0.4666639399422203
tch_sy6d_orch.mid,/home/francesco/AutomaticMusicOrchestration/LOP_database_06_09_17/hand_picked_Spotify/62/tch_sy6d_orch.mid,RandomForest16,0.6624443531036377,0.8044670846394985,0.4706342991386061,0.8044670846394985,0.4738959671253839,0.8044670846394985,0.4706342991386061,0.8044670846394985,0.4710067290003557
tch_sy6d_orch.mid,/home/francesco/AutomaticMusicOrchestration/LOP_database_06_09_17/hand_picked_Spotify/62/tch_sy6d_orch.mid,RandomForest20,0.6760942935943604,0.8052507836990596,0.47376664056382145,0.8052507836990596,0.4716817481044575,0.8052507836990596,0.47376664056382145,0.8052507836990596,0.47179979001098427
tch_sy6d_orch.mid,/home/francesco/AutomaticMusicOrchestration/LOP_database_06_09_17/hand_picked_Spotify/62/tch_sy6d_orch.mid,DecisionTree,0.01831793785095215,0.8052507836990596,0.4549725920125294,0.8052507836990596,0.4581914365770929,0.8052507836990596,0.4549725920125294,0.8052507836990596,0.4536022470559069
tch_sy6d_orch.mid,/home/francesco/AutomaticMusicOrchestration/LOP_database_06_09_17/hand_picked_Spotify/62/tch_sy6d_orch.mid,NearestNeighbors,0.4508237838745117,0.8052507836990596,0.44322631166797183,0.8052507836990596,0.44552846930052115,0.8052507836990596,0.44322631166797183,0.8052507836990596,0.4424112837014161
tch_sy6d_orch.mid,/home/francesco/AutomaticMusicOrchestration/LOP_database_06_09_17/hand_picked_Spotify/62/tch_sy6d_orch.mid,NaiveBayes,0.01656055450439453,0.3851880877742947,0.3586530931871574,0.3851880877742947,0.30600273495100955,0.3851880877742947,0.3586530931871574,0.3851880877742947,0.3156601465625945
tch_sy6d_orch.mid,/home/francesco/AutomaticMusicOrchestration/LOP_database_06_09_17/hand_picked_Spotify/62/tch_sy6d_orch.mid,AdaBoost,0.3461892604827881,0.3246473354231975,0.2936570086139389,0.3246473354231975,0.1846952158838548,0.3246473354231975,0.2936570086139389,0.3246473354231975,0.20881296261690346
tch_sy6d_orch.mid,/home/francesco/AutomaticMusicOrchestration/LOP_database_06_09_17/hand_picked_Spotify/62/tch_sy6d_orch.mid,Dummy0,0.004546165466308594,0.0975705329153605,0.07752545027407988,0.0975705329153605,0.006010195440198832,0.0975705329153605,0.07752545027407988,0.0975705329153605,0.011155551710950447
tch_sy6d_orch.mid,/home/francesco/AutomaticMusicOrchestration/LOP_database_06_09_17/hand_picked_Spotify/62/tch_sy6d_orch.mid,Dummy1,0.004327058792114258,0.10129310344827586,0.09631949882537197,0.10129310344827586,0.009277445853970832,0.10129310344827586,0.09631949882537197,0.10129310344827586,0.016924711936458215
tch_sy6d_orch.mid,/home/francesco/AutomaticMusicOrchestration/LOP_database_06_09_17/hand_picked_Spotify/62/tch_sy6d_orch.mid,DummyUnif,0.004654884338378906,0.06465517241379311,0.06186374314800313,0.05760188087774295,0.08898588547322409,0.05760188087774295,0.06656225528582616,0.05760188087774295,0.07423050352018168
nocturnes_2_orch.mid,/home/francesco/AutomaticMusicOrchestration/LOP_database_06_09_17/hand_picked_Spotify/23/nocturnes_2_orch.mid,XGBoost,1.5604355335235596,0.8757816941444002,0.736288718385905,0.8757816941444002,0.7342343926134933,0.8757816941444002,0.736288718385905,0.8757816941444002,0.734363866051422
nocturnes_2_orch.mid,/home/francesco/AutomaticMusicOrchestration/LOP_database_06_09_17/hand_picked_Spotify/23/nocturnes_2_orch.mid,XGBoost5,0.10430407524108887,0.6796475270039796,0.652742256322819,0.6796475270039796,0.6627930126149371,0.6796475270039796,0.652742256322819,0.6796475270039796,0.6428591703997453
nocturnes_2_orch.mid,/home/francesco/AutomaticMusicOrchestration/LOP_database_06_09_17/hand_picked_Spotify/23/nocturnes_2_orch.mid,XGBoost10,0.24060869216918945,0.7187322342239909,0.6686558681443592,0.7187322342239909,0.6677369202024921,0.7187322342239909,0.6686558681443592,0.7187322342239909,0.65892092991034
nocturnes_2_orch.mid,/home/francesco/AutomaticMusicOrchestration/LOP_database_06_09_17/hand_picked_Spotify/23/nocturnes_2_orch.mid,XGBoost20,0.30780696868896484,0.7673393973848778,0.7112816140949133,0.7673393973848778,0.710122754682229,0.7673393973848778,0.7112816140949133,0.7673393973848778,0.7047312596416118
nocturnes_2_orch.mid,/home/francesco/AutomaticMusicOrchestration/LOP_database_06_09_17/hand_picked_Spotify/23/nocturnes_2_orch.mid,XGBoost50,0.8929965496063232,0.8386867538374077,0.7439613526570048,0.8386867538374077,0.7403045765096075,0.8386867538374077,0.7439613526570048,0.8386867538374077,0.7406359813801352
nocturnes_2_orch.mid,/home/francesco/AutomaticMusicOrchestration/LOP_database_06_09_17/hand_picked_Spotify/23/nocturnes_2_orch.mid,RandomForest,1.934840202331543,0.9079022171688459,0.7368570616652458,0.9079022171688459,0.7352952490841002,0.9079022171688459,0.7368570616652458,0.9079022171688459,0.7357708627162393
nocturnes_2_orch.mid,/home/francesco/AutomaticMusicOrchestration/LOP_database_06_09_17/hand_picked_Spotify/23/nocturnes_2_orch.mid,RandomForest10,1.192814826965332,0.7384167140420693,0.6794543904518329,0.7384167140420693,0.6897626815355979,0.7384167140420693,0.6794543904518329,0.7384167140420693,0.6697970686176047
nocturnes_2_orch.mid,/home/francesco/AutomaticMusicOrchestration/LOP_database_06_09_17/hand_picked_Spotify/23/nocturnes_2_orch.mid,RandomForest13,1.4713134765625,0.8487066515065378,0.7246376811594203,0.8487066515065378,0.719545045543794,0.8487066515065378,0.7246376811594203,0.8487066515065378,0.7191051838280133
nocturnes_2_orch.mid,/home/francesco/AutomaticMusicOrchestration/LOP_database_06_09_17/hand_picked_Spotify/23/nocturnes_2_orch.mid,RandomForest16,1.6970579624176025,0.8948976691301876,0.7274793975561239,0.8948976691301876,0.7258133366813024,0.8948976691301876,0.7274793975561239,0.8948976691301876,0.7260781354098992
nocturnes_2_orch.mid,/home/francesco/AutomaticMusicOrchestration/LOP_database_06_09_17/hand_picked_Spotify/23/nocturnes_2_orch.mid,RandomForest20,1.8966805934906006,0.9069783968163729,0.7294685990338164,0.9069783968163729,0.7282273469094164,0.9069783968163729,0.7294685990338164,0.9069783968163729,0.7281599727172697
nocturnes_2_orch.mid,/home/francesco/AutomaticMusicOrchestration/LOP_database_06_09_17/hand_picked_Spotify/23/nocturnes_2_orch.mid,DecisionTree,0.050599098205566406,0.9079022171688459,0.7161125319693095,0.9079022171688459,0.7182578074156405,0.9079022171688459,0.7161125319693095,0.9079022171688459,0.7165790122241675
nocturnes_2_orch.mid,/home/francesco/AutomaticMusicOrchestration/LOP_database_06_09_17/hand_picked_Spotify/23/nocturnes_2_orch.mid,NearestNeighbors,1.240189790725708,0.9074758385446277,0.639386189258312,0.9074758385446277,0.639719318855298,0.9074758385446277,0.639386189258312,0.9074758385446277,0.6389299667440524
nocturnes_2_orch.mid,/home/francesco/AutomaticMusicOrchestration/LOP_database_06_09_17/hand_picked_Spotify/23/nocturnes_2_orch.mid,NaiveBayes,0.035980224609375,0.3283826037521319,0.3248081841432225,0.3283826037521319,0.3192716173440866,0.3283826037521319,0.3248081841432225,0.3283826037521319,0.26944845157428315
nocturnes_2_orch.mid,/home/francesco/AutomaticMusicOrchestration/LOP_database_06_09_17/hand_picked_Spotify/23/nocturnes_2_orch.mid,AdaBoost,0.6985399723052979,0.2686895963615691,0.26143790849673204,0.2686895963615691,0.16732774668263986,0.2686895963615691,0.26143790849673204,0.2686895963615691,0.17041375499634942
nocturnes_2_orch.mid,/home/francesco/AutomaticMusicOrchestration/LOP_database_06_09_17/hand_picked_Spotify/23/nocturnes_2_orch.mid,Dummy0,0.005074262619018555,0.05869812393405344,0.06507530548451265,0.05869812393405344,0.004234795383902642,0.05869812393405344,0.06507530548451265,0.05869812393405344,0.007952105099228066
nocturnes_2_orch.mid,/home/francesco/AutomaticMusicOrchestration/LOP_database_06_09_17/hand_picked_Spotify/23/nocturnes_2_orch.mid,Dummy1,0.00506281852722168,0.017268334280841388,0.01562944018186985,0.017268334280841388,0.00024427940039864786,0.017268334280841388,0.01562944018186985,0.017268334280841388,0.00048104040850746593
nocturnes_2_orch.mid,/home/francesco/AutomaticMusicOrchestration/LOP_database_06_09_17/hand_picked_Spotify/23/nocturnes_2_orch.mid,DummyUnif,0.0057277679443359375,0.054150085275724846,0.060528559249786874,0.05471859010801592,0.07924440977803322,0.05471859010801592,0.05569764137539074,0.05471859010801592,0.06244125485315674
m02101_11_orch.mid,/home/francesco/AutomaticMusicOrchestration/LOP_database_06_09_17/hand_picked_Spotify/16/m02101_11_orch.mid,XGBoost,1.023271083831787,0.9952297662585466,0.9357710651828299,0.9952297662585466,0.9364824452210625,0.9952297662585466,0.9357710651828299,0.9952297662585466,0.9359005923118304
m02101_11_orch.mid,/home/francesco/AutomaticMusicOrchestration/LOP_database_06_09_17/hand_picked_Spotify/16/m02101_11_orch.mid,XGBoost5,0.07172322273254395,0.8267610112895531,0.7917329093799682,0.8267610112895531,0.7933642070660502,0.8267610112895531,0.7917329093799682,0.8267610112895531,0.7906845980653453
m02101_11_orch.mid,/home/francesco/AutomaticMusicOrchestration/LOP_database_06_09_17/hand_picked_Spotify/16/m02101_11_orch.mid,XGBoost10,0.11090469360351562,0.8536333280330736,0.816852146263911,0.8536333280330736,0.8184923663794896,0.8536333280330736,0.816852146263911,0.8536333280330736,0.8162294306799468
m02101_11_orch.mid,/home/francesco/AutomaticMusicOrchestration/LOP_database_06_09_17/hand_picked_Spotify/16/m02101_11_orch.mid,XGBoost20,0.20483636856079102,0.9042773095881699,0.863275039745628,0.9042773095881699,0.8652430207340228,0.9042773095881699,0.863275039745628,0.9042773095881699,0.8633944999962563
m02101_11_orch.mid,/home/francesco/AutomaticMusicOrchestration/LOP_database_06_09_17/hand_picked_Spotify/16/m02101_11_orch.mid,XGBoost50,0.5210685729980469,0.9740817300047703,0.921462639109698,0.9740817300047703,0.9225887395939208,0.9740817300047703,0.921462639109698,0.9740817300047703,0.9217192120123843
m02101_11_orch.mid,/home/francesco/AutomaticMusicOrchestration/LOP_database_06_09_17/hand_picked_Spotify/16/m02101_11_orch.mid,RandomForest,1.4030251502990723,0.9992049610430911,0.9128775834658187,0.9992049610430911,0.9140375796998441,0.9992049610430911,0.9128775834658187,0.9992049610430911,0.9132209151166663
m02101_11_orch.mid,/home/francesco/AutomaticMusicOrchestration/LOP_database_06_09_17/hand_picked_Spotify/16/m02101_11_orch.mid,RandomForest10,1.0343430042266846,0.8721577357290508,0.8276629570747218,0.8721577357290508,0.8350046048842001,0.8721577357290508,0.8276629570747218,0.8721577357290508,0.8288035405575954
m02101_11_orch.mid,/home/francesco/AutomaticMusicOrchestration/LOP_database_06_09_17/hand_picked_Spotify/16/m02101_11_orch.mid,RandomForest13,1.2412798404693604,0.958578470345047,0.8823529411764706,0.958578470345047,0.8856442021549492,0.958578470345047,0.8823529411764706,0.958578470345047,0.8832026757796847
m02101_11_orch.mid,/home/francesco/AutomaticMusicOrchestration/LOP_database_06_09_17/hand_picked_Spotify/16/m02101_11_orch.mid,RandomForest16,1.3736271858215332,0.9934806805533472,0.9087440381558028,0.9934806805533472,0.9108499769433049,0.9934806805533472,0.9087440381558028,0.9934806805533472,0.9093738975239023
m02101_11_orch.mid,/home/francesco/AutomaticMusicOrchestration/LOP_database_06_09_17/hand_picked_Spotify/16/m02101_11_orch.mid,RandomForest20,1.3884918689727783,0.9991254571474002,0.9106518282988871,0.9991254571474002,0.9121042297716679,0.9991254571474002,0.9106518282988871,0.9991254571474002,0.9110974534003691
m02101_11_orch.mid,/home/francesco/AutomaticMusicOrchestration/LOP_database_06_09_17/hand_picked_Spotify/16/m02101_11_orch.mid,DecisionTree,0.04017901420593262,0.9992049610430911,0.892845786963434,0.9992049610430911,0.8937491501058715,0.9992049610430911,0.892845786963434,0.9992049610430911,0.8930759394126173
m02101_11_orch.mid,/home/francesco/AutomaticMusicOrchestration/LOP_database_06_09_17/hand_picked_Spotify/16/m02101_11_orch.mid,NearestNeighbors,1.0731306076049805,0.9992049610430911,0.8702702702702703,0.9992049610430911,0.8699239929739483,0.9992049610430911,0.8702702702702703,0.9992049610430911,0.8692259771996071
m02101_11_orch.mid,/home/francesco/AutomaticMusicOrchestration/LOP_database_06_09_17/hand_picked_Spotify/16/m02101_11_orch.mid,NaiveBayes,0.026164770126342773,0.5009540467482907,0.5074721780604133,0.5009540467482907,0.5204967354649728,0.5009540467482907,0.5074721780604133,0.5009540467482907,0.49534184754806193
m02101_11_orch.mid,/home/francesco/AutomaticMusicOrchestration/LOP_database_06_09_17/hand_picked_Spotify/16/m02101_11_orch.mid,AdaBoost,0.6046557426452637,0.4716171092383527,0.46359300476947535,0.4716171092383527,0.4662086705086344,0.4716171092383527,0.46359300476947535,0.4716171092383527,0.4379427922190768
m02101_11_orch.mid,/home/francesco/AutomaticMusicOrchestration/LOP_database_06_09_17/hand_picked_Spotify/16/m02101_11_orch.mid,Dummy0,0.004769563674926758,0.14302750834790906,0.1383147853736089,0.14302750834790906,0.019130979852947493,0.14302750834790906,0.1383147853736089,0.14302750834790906,0.03361281097068149
m02101_11_orch.mid,/home/francesco/AutomaticMusicOrchestration/LOP_database_06_09_17/hand_picked_Spotify/16/m02101_11_orch.mid,Dummy1,0.005413532257080078,0.09691524884719352,0.09602543720190779,0.09691524884719352,0.009220884589817537,0.09691524884719352,0.09602543720190779,0.09691524884719352,0.01682604121553592
m02101_11_orch.mid,/home/francesco/AutomaticMusicOrchestration/LOP_database_06_09_17/hand_picked_Spotify/16/m02101_11_orch.mid,DummyUnif,0.005315065383911133,0.08451264111941485,0.08203497615262322,0.08498966449356019,0.1016238262553053,0.08498966449356019,0.08012718600953896,0.08498966449356019,0.08458527726182519
edvard-grieg-peer-gynt1-morning-mood_orch.mid,/home/francesco/AutomaticMusicOrchestration/LOP_database_06_09_17/hand_picked_Spotify/13/edvard-grieg-peer-gynt1-morning-mood_orch.mid,XGBoost,0.605743408203125,0.9837676206749253,0.6501706484641638,0.9837676206749253,0.6719541179776619,0.9837676206749253,0.6501706484641638,0.9837676206749253,0.6579442544960742
edvard-grieg-peer-gynt1-morning-mood_orch.mid,/home/francesco/AutomaticMusicOrchestration/LOP_database_06_09_17/hand_picked_Spotify/13/edvard-grieg-peer-gynt1-morning-mood_orch.mid,XGBoost5,0.03917074203491211,0.72789406236651,0.6262798634812287,0.72789406236651,0.6166869506590792,0.72789406236651,0.6262798634812287,0.72789406236651,0.6148941711973704
edvard-grieg-peer-gynt1-morning-mood_orch.mid,/home/francesco/AutomaticMusicOrchestration/LOP_database_06_09_17/hand_picked_Spotify/13/edvard-grieg-peer-gynt1-morning-mood_orch.mid,XGBoost10,0.2509317398071289,0.7945322511747117,0.643344709897611,0.7945322511747117,0.6419927883433042,0.7945322511747117,0.643344709897611,0.7945322511747117,0.6382776208022785
edvard-grieg-peer-gynt1-morning-mood_orch.mid,/home/francesco/AutomaticMusicOrchestration/LOP_database_06_09_17/hand_picked_Spotify/13/edvard-grieg-peer-gynt1-morning-mood_orch.mid,XGBoost20,0.13466191291809082,0.8581802648440837,0.6604095563139932,0.8581802648440837,0.6683365737724047,0.8581802648440837,0.6604095563139932,0.8581802648440837,0.6617002780934287
edvard-grieg-peer-gynt1-morning-mood_orch.mid,/home/francesco/AutomaticMusicOrchestration/LOP_database_06_09_17/hand_picked_Spotify/13/edvard-grieg-peer-gynt1-morning-mood_orch.mid,XGBoost50,0.29702162742614746,0.9517300299017514,0.6552901023890785,0.9517300299017514,0.6747133509837417,0.9517300299017514,0.6552901023890785,0.9517300299017514,0.6626084798946599
edvard-grieg-peer-gynt1-morning-mood_orch.mid,/home/francesco/AutomaticMusicOrchestration/LOP_database_06_09_17/hand_picked_Spotify/13/edvard-grieg-peer-gynt1-morning-mood_orch.mid,RandomForest,0.383380651473999,0.9940196497223409,0.6331058020477816,0.9940196497223409,0.6534047885749851,0.9940196497223409,0.6331058020477816,0.9940196497223409,0.6402859279161512
edvard-grieg-peer-gynt1-morning-mood_orch.mid,/home/francesco/AutomaticMusicOrchestration/LOP_database_06_09_17/hand_picked_Spotify/13/edvard-grieg-peer-gynt1-morning-mood_orch.mid,RandomForest10,0.29540324211120605,0.8449380606578385,0.6518771331058021,0.8449380606578385,0.6544247192225716,0.8449380606578385,0.6518771331058021,0.8449380606578385,0.6509417775194155
edvard-grieg-peer-gynt1-morning-mood_orch.mid,/home/francesco/AutomaticMusicOrchestration/LOP_database_06_09_17/hand_picked_Spotify/13/edvard-grieg-peer-gynt1-morning-mood_orch.mid,RandomForest13,0.3357527256011963,0.9478855190089706,0.6416382252559727,0.9478855190089706,0.6584342639187785,0.9478855190089706,0.6416382252559727,0.9478855190089706,0.6476960269666845
edvard-grieg-peer-gynt1-morning-mood_orch.mid,/home/francesco/AutomaticMusicOrchestration/LOP_database_06_09_17/hand_picked_Spotify/13/edvard-grieg-peer-gynt1-morning-mood_orch.mid,RandomForest16,0.3547396659851074,0.9884664673216574,0.6279863481228669,0.9884664673216574,0.6460366260248225,0.9884664673216574,0.6279863481228669,0.9884664673216574,0.6346386516586494
edvard-grieg-peer-gynt1-morning-mood_orch.mid,/home/francesco/AutomaticMusicOrchestration/LOP_database_06_09_17/hand_picked_Spotify/13/edvard-grieg-peer-gynt1-morning-mood_orch.mid,RandomForest20,0.3888275623321533,0.9940196497223409,0.6399317406143344,0.9940196497223409,0.6636280118814264,0.9940196497223409,0.6399317406143344,0.9940196497223409,0.6482486091168463
edvard-grieg-peer-gynt1-morning-mood_orch.mid,/home/francesco/AutomaticMusicOrchestration/LOP_database_06_09_17/hand_picked_Spotify/13/edvard-grieg-peer-gynt1-morning-mood_orch.mid,DecisionTree,0.011775493621826172,0.9940196497223409,0.636518771331058,0.9940196497223409,0.6536646900010026,0.9940196497223409,0.636518771331058,0.9940196497223409,0.6421205436131456
edvard-grieg-peer-gynt1-morning-mood_orch.mid,/home/francesco/AutomaticMusicOrchestration/LOP_database_06_09_17/hand_picked_Spotify/13/edvard-grieg-peer-gynt1-morning-mood_orch.mid,NearestNeighbors,0.20133566856384277,0.9940196497223409,0.5784982935153583,0.9940196497223409,0.5980460505387641,0.9940196497223409,0.5784982935153583,0.9940196497223409,0.5854689556267249
edvard-grieg-peer-gynt1-morning-mood_orch.mid,/home/francesco/AutomaticMusicOrchestration/LOP_database_06_09_17/hand_picked_Spotify/13/edvard-grieg-peer-gynt1-morning-mood_orch.mid,NaiveBayes,0.01079249382019043,0.43101238786843227,0.45051194539249145,0.43101238786843227,0.43002060915537094,0.43101238786843227,0.45051194539249145,0.43101238786843227,0.4197599322993372
edvard-grieg-peer-gynt1-morning-mood_orch.mid,/home/francesco/AutomaticMusicOrchestration/LOP_database_06_09_17/hand_picked_Spotify/13/edvard-grieg-peer-gynt1-morning-mood_orch.mid,AdaBoost,0.17519879341125488,0.3079880392994447,0.3225255972696246,0.3079880392994447,0.3208554912680639,0.3079880392994447,0.3225255972696246,0.3079880392994447,0.21971094222017198
edvard-grieg-peer-gynt1-morning-mood_orch.mid,/home/francesco/AutomaticMusicOrchestration/LOP_database_06_09_17/hand_picked_Spotify/13/edvard-grieg-peer-gynt1-morning-mood_orch.mid,Dummy0,0.0038733482360839844,0.14395557454079452,0.1296928327645051,0.14395557454079452,0.01682023087048189,0.14395557454079452,0.1296928327645051,0.14395557454079452,0.029778414773723227
edvard-grieg-peer-gynt1-morning-mood_orch.mid,/home/francesco/AutomaticMusicOrchestration/LOP_database_06_09_17/hand_picked_Spotify/13/edvard-grieg-peer-gynt1-morning-mood_orch.mid,Dummy1,0.004418373107910156,0.12686885946176849,0.12627986348122866,0.12686885946176849,0.01594660392083775,0.12686885946176849,0.12627986348122866,0.12686885946176849,0.028317302720033095
edvard-grieg-peer-gynt1-morning-mood_orch.mid,/home/francesco/AutomaticMusicOrchestration/LOP_database_06_09_17/hand_picked_Spotify/13/edvard-grieg-peer-gynt1-morning-mood_orch.mid,DummyUnif,0.0038726329803466797,0.06962836394703119,0.07849829351535836,0.07689021785561725,0.11338915097222634,0.07689021785561725,0.08873720136518772,0.07689021785561725,0.09454235763070327
Autumn_orch.mid,/home/francesco/AutomaticMusicOrchestration/LOP_database_06_09_17/hand_picked_Spotify/8/Autumn_orch.mid,XGBoost,0.4895329475402832,0.8030250145433392,0.5686365751512331,0.8030250145433392,0.5654788740660122,0.8030250145433392,0.5686365751512331,0.8030250145433392,0.5638429458190477
Autumn_orch.mid,/home/francesco/AutomaticMusicOrchestration/LOP_database_06_09_17/hand_picked_Spotify/8/Autumn_orch.mid,XGBoost5,0.04307699203491211,0.605933682373473,0.5635179153094463,0.605933682373473,0.588579347343063,0.605933682373473,0.5635179153094463,0.605933682373473,0.5240509464285824
Autumn_orch.mid,/home/francesco/AutomaticMusicOrchestration/LOP_database_06_09_17/hand_picked_Spotify/8/Autumn_orch.mid,XGBoost10,0.0638723373413086,0.6335078534031413,0.5658445788738948,0.6335078534031413,0.567982630827742,0.6335078534031413,0.5658445788738948,0.6335078534031413,0.5324916567215284
Autumn_orch.mid,/home/francesco/AutomaticMusicOrchestration/LOP_database_06_09_17/hand_picked_Spotify/8/Autumn_orch.mid,XGBoost20,0.10655403137207031,0.6642233856893542,0.5695672405770126,0.6642233856893542,0.5669203396413056,0.6642233856893542,0.5695672405770126,0.6642233856893542,0.5477610309719266
Autumn_orch.mid,/home/francesco/AutomaticMusicOrchestration/LOP_database_06_09_17/hand_picked_Spotify/8/Autumn_orch.mid,XGBoost50,0.34170007705688477,0.7392670157068063,0.5737552349930201,0.7392670157068063,0.5705925753223124,0.7392670157068063,0.5737552349930201,0.7392670157068063,0.5660938485927727
Autumn_orch.mid,/home/francesco/AutomaticMusicOrchestration/LOP_database_06_09_17/hand_picked_Spotify/8/Autumn_orch.mid,RandomForest,1.1220269203186035,0.9333333333333333,0.5216379711493718,0.9333333333333333,0.5136699132551987,0.9333333333333333,0.5216379711493718,0.9333333333333333,0.516570434283666
Autumn_orch.mid,/home/francesco/AutomaticMusicOrchestration/LOP_database_06_09_17/hand_picked_Spotify/8/Autumn_orch.mid,RandomForest10,0.6956193447113037,0.7069226294357185,0.5421126105165193,0.7069226294357185,0.5295208477926081,0.7069226294357185,0.5421126105165193,0.7069226294357185,0.5209554368058502
Autumn_orch.mid,/home/francesco/AutomaticMusicOrchestration/LOP_database_06_09_17/hand_picked_Spotify/8/Autumn_orch.mid,RandomForest13,0.8621344566345215,0.8343222803955789,0.5332712889716147,0.8343222803955789,0.5249662126450828,0.8343222803955789,0.5332712889716147,0.8343222803955789,0.5231983732127475
Autumn_orch.mid,/home/francesco/AutomaticMusicOrchestration/LOP_database_06_09_17/hand_picked_Spotify/8/Autumn_orch.mid,RandomForest16,0.9657435417175293,0.9048283885980221,0.5211726384364821,0.9048283885980221,0.5122990204783315,0.9048283885980221,0.5211726384364821,0.9048283885980221,0.5133606934334561
Autumn_orch.mid,/home/francesco/AutomaticMusicOrchestration/LOP_database_06_09_17/hand_picked_Spotify/8/Autumn_orch.mid,RandomForest20,1.0703959465026855,0.9319371727748691,0.5221033038622616,0.9319371727748691,0.5157087746091625,0.9319371727748691,0.5221033038622616,0.9319371727748691,0.5170157473630665
Autumn_orch.mid,/home/francesco/AutomaticMusicOrchestration/LOP_database_06_09_17/hand_picked_Spotify/8/Autumn_orch.mid,DecisionTree,0.029372215270996094,0.9334496800465387,0.5141926477431363,0.9334496800465387,0.5115016780076332,0.9334496800465387,0.5141926477431363,0.9334496800465387,0.511976988263666
Autumn_orch.mid,/home/francesco/AutomaticMusicOrchestration/LOP_database_06_09_17/hand_picked_Spotify/8/Autumn_orch.mid,NearestNeighbors,0.729360818862915,0.9334496800465387,0.49418334108887857,0.9334496800465387,0.4895814122355251,0.9334496800465387,0.49418334108887857,0.9334496800465387,0.491257030955713
Autumn_orch.mid,/home/francesco/AutomaticMusicOrchestration/LOP_database_06_09_17/hand_picked_Spotify/8/Autumn_orch.mid,NaiveBayes,0.015164852142333984,0.4385107620709715,0.44020474639367146,0.4385107620709715,0.40553361670086735,0.4385107620709715,0.44020474639367146,0.4385107620709715,0.36634050014311126
Autumn_orch.mid,/home/francesco/AutomaticMusicOrchestration/LOP_database_06_09_17/hand_picked_Spotify/8/Autumn_orch.mid,AdaBoost,0.41956233978271484,0.41512507271669574,0.4067007910656119,0.41512507271669574,0.3054640641539349,0.41512507271669574,0.4067007910656119,0.41512507271669574,0.3284718017601453
Autumn_orch.mid,/home/francesco/AutomaticMusicOrchestration/LOP_database_06_09_17/hand_picked_Spotify/8/Autumn_orch.mid,Dummy0,0.004971742630004883,0.1941826643397324,0.19823173569101907,0.1941826643397324,0.03929582103507404,0.1941826643397324,0.19823173569101907,0.1941826643397324,0.06558968497427117
Autumn_orch.mid,/home/francesco/AutomaticMusicOrchestration/LOP_database_06_09_17/hand_picked_Spotify/8/Autumn_orch.mid,Dummy1,0.004077911376953125,0.09261198371146015,0.09399720800372266,0.09261198371146015,0.008835475112495104,0.09261198371146015,0.09399720800372266,0.09261198371146015,0.016152646547640984
Autumn_orch.mid,/home/francesco/AutomaticMusicOrchestration/LOP_database_06_09_17/hand_picked_Spotify/8/Autumn_orch.mid,DummyUnif,0.004323244094848633,0.14473531122745784,0.1419264774313634,0.14089586969168122,0.2043339029629861,0.14089586969168122,0.15076779897626802,0.14089586969168122,0.16029462246436155
firebird_suite_orch.mid,/home/francesco/AutomaticMusicOrchestration/LOP_database_06_09_17/hand_picked_Spotify/61/firebird_suite_orch.mid,XGBoost,3.9740633964538574,0.945290341842066,0.854776119402985,0.945290341842066,0.8557909771469351,0.945290341842066,0.854776119402985,0.945290341842066,0.8548919829978877
firebird_suite_orch.mid,/home/francesco/AutomaticMusicOrchestration/LOP_database_06_09_17/hand_picked_Spotify/61/firebird_suite_orch.mid,XGBoost5,0.20311832427978516,0.6453575160471712,0.6259701492537313,0.6453575160471712,0.6393215214500643,0.6453575160471712,0.6259701492537313,0.6453575160471712,0.6264043261638841
firebird_suite_orch.mid,/home/francesco/AutomaticMusicOrchestration/LOP_database_06_09_17/hand_picked_Spotify/61/firebird_suite_orch.mid,XGBoost10,0.390622615814209,0.700626959247649,0.674179104477612,0.700626959247649,0.6840414518673855,0.700626959247649,0.674179104477612,0.700626959247649,0.6741786928856949
firebird_suite_orch.mid,/home/francesco/AutomaticMusicOrchestration/LOP_database_06_09_17/hand_picked_Spotify/61/firebird_suite_orch.mid,XGBoost20,0.935882568359375,0.762389908941633,0.7249253731343284,0.762389908941633,0.730522867548284,0.762389908941633,0.7249253731343284,0.762389908941633,0.725060682075417
firebird_suite_orch.mid,/home/francesco/AutomaticMusicOrchestration/LOP_database_06_09_17/hand_picked_Spotify/61/firebird_suite_orch.mid,XGBoost50,1.7559070587158203,0.8819973130317957,0.8117910447761194,0.8819973130317957,0.8140911455038443,0.8819973130317957,0.8117910447761194,0.8819973130317957,0.8120897026506575
firebird_suite_orch.mid,/home/francesco/AutomaticMusicOrchestration/LOP_database_06_09_17/hand_picked_Spotify/61/firebird_suite_orch.mid,RandomForest,4.7566869258880615,0.9904090162710852,0.8480597014925373,0.9904090162710852,0.8488367391987666,0.9904090162710852,0.8480597014925373,0.9904090162710852,0.8479842083991507
firebird_suite_orch.mid,/home/francesco/AutomaticMusicOrchestration/LOP_database_06_09_17/hand_picked_Spotify/61/firebird_suite_orch.mid,RandomForest10,2.615896224975586,0.6283027317510076,0.6119402985074627,0.6283027317510076,0.6719762634967215,0.6283027317510076,0.6119402985074627,0.6283027317510076,0.6134250820480103
firebird_suite_orch.mid,/home/francesco/AutomaticMusicOrchestration/LOP_database_06_09_17/hand_picked_Spotify/61/firebird_suite_orch.mid,RandomForest13,3.2922146320343018,0.8142260038811763,0.7438805970149254,0.8142260038811763,0.7596321574634813,0.8142260038811763,0.7438805970149254,0.8142260038811763,0.7451328765234118
firebird_suite_orch.mid,/home/francesco/AutomaticMusicOrchestration/LOP_database_06_09_17/hand_picked_Spotify/61/firebird_suite_orch.mid,RandomForest16,3.8857147693634033,0.9421928646066577,0.8204477611940298,0.9421928646066577,0.8240720776565671,0.9421928646066577,0.8204477611940298,0.9421928646066577,0.8208362050770769
firebird_suite_orch.mid,/home/francesco/AutomaticMusicOrchestration/LOP_database_06_09_17/hand_picked_Spotify/61/firebird_suite_orch.mid,RandomForest20,4.4894118309021,0.9855948649052098,0.8440298507462687,0.9855948649052098,0.8449599084133925,0.9855948649052098,0.8440298507462687,0.9855948649052098,0.8439524364782567
firebird_suite_orch.mid,/home/francesco/AutomaticMusicOrchestration/LOP_database_06_09_17/hand_picked_Spotify/61/firebird_suite_orch.mid,DecisionTree,0.11376762390136719,0.9904090162710852,0.8152238805970149,0.9904090162710852,0.8174652834526479,0.9904090162710852,0.8152238805970149,0.9904090162710852,0.8160243742624902
firebird_suite_orch.mid,/home/francesco/AutomaticMusicOrchestration/LOP_database_06_09_17/hand_picked_Spotify/61/firebird_suite_orch.mid,NearestNeighbors,2.279642105102539,0.9904090162710852,0.7314925373134329,0.9904090162710852,0.7339471222939004,0.9904090162710852,0.7314925373134329,0.9904090162710852,0.7319787932206167
firebird_suite_orch.mid,/home/francesco/AutomaticMusicOrchestration/LOP_database_06_09_17/hand_picked_Spotify/61/firebird_suite_orch.mid,NaiveBayes,0.09090781211853027,0.2652634721600239,0.2625373134328358,0.2652634721600239,0.2524151206437968,0.2652634721600239,0.2625373134328358,0.2652634721600239,0.2199006539159211
firebird_suite_orch.mid,/home/francesco/AutomaticMusicOrchestration/LOP_database_06_09_17/hand_picked_Spotify/61/firebird_suite_orch.mid,AdaBoost,1.6599383354187012,0.16401701746529332,0.16776119402985074,0.16401701746529332,0.06270536079466393,0.16401701746529332,0.16776119402985074,0.16401701746529332,0.08197495432097546
firebird_suite_orch.mid,/home/francesco/AutomaticMusicOrchestration/LOP_database_06_09_17/hand_picked_Spotify/61/firebird_suite_orch.mid,Dummy0,0.006166696548461914,0.021570383639349155,0.025671641791044777,0.021570383639349155,0.0006590331922477167,0.021570383639349155,0.025671641791044777,0.021570383639349155,0.001285076364394558
firebird_suite_orch.mid,/home/francesco/AutomaticMusicOrchestration/LOP_database_06_09_17/hand_picked_Spotify/61/firebird_suite_orch.mid,Dummy1,0.005982875823974609,0.019592476489028215,0.015522388059701492,0.019592476489028215,0.00024094453107596347,0.019592476489028215,0.015522388059701492,0.019592476489028215,0.0004745233269279704
firebird_suite_orch.mid,/home/francesco/AutomaticMusicOrchestration/LOP_database_06_09_17/hand_picked_Spotify/61/firebird_suite_orch.mid,DummyUnif,0.007674455642700195,0.030862815345573967,0.029104477611940297,0.03116136736826392,0.05346152164937623,0.03116136736826392,0.032238805970149255,0.03116136736826392,0.03782851118752363
mozart-symphony40-1_orch.mid,/home/francesco/AutomaticMusicOrchestration/LOP_database_06_09_17/hand_picked_Spotify/7/mozart-symphony40-1_orch.mid,XGBoost,0.7755582332611084,0.8908697444352844,0.7082818294190358,0.8908697444352844,0.7098125249085749,0.8908697444352844,0.7082818294190358,0.8908697444352844,0.7085555676520569
mozart-symphony40-1_orch.mid,/home/francesco/AutomaticMusicOrchestration/LOP_database_06_09_17/hand_picked_Spotify/7/mozart-symphony40-1_orch.mid,XGBoost5,0.10477614402770996,0.6503503709810388,0.584672435105068,0.6503503709810388,0.5829640284276187,0.6503503709810388,0.584672435105068,0.6503503709810388,0.5820640991617932
mozart-symphony40-1_orch.mid,/home/francesco/AutomaticMusicOrchestration/LOP_database_06_09_17/hand_picked_Spotify/7/mozart-symphony40-1_orch.mid,XGBoost10,0.10587835311889648,0.6797197032151691,0.604037906880923,0.6797197032151691,0.6036005730956666,0.6797197032151691,0.604037906880923,0.6797197032151691,0.6023719375503153
mozart-symphony40-1_orch.mid,/home/francesco/AutomaticMusicOrchestration/LOP_database_06_09_17/hand_picked_Spotify/7/mozart-symphony40-1_orch.mid,XGBoost20,0.1701509952545166,0.72320692497939,0.6312319736299958,0.72320692497939,0.6325657828733073,0.72320692497939,0.6312319736299958,0.72320692497939,0.630880155494311
mozart-symphony40-1_orch.mid,/home/francesco/AutomaticMusicOrchestration/LOP_database_06_09_17/hand_picked_Spotify/7/mozart-symphony40-1_orch.mid,XGBoost50,0.3605329990386963,0.8271846661170651,0.6897404202719407,0.8271846661170651,0.6923024357036086,0.8271846661170651,0.6897404202719407,0.8271846661170651,0.6899168387844411
mozart-symphony40-1_orch.mid,/home/francesco/AutomaticMusicOrchestration/LOP_database_06_09_17/hand_picked_Spotify/7/mozart-symphony40-1_orch.mid,RandomForest,1.318946361541748,0.9518755152514426,0.6699629171817059,0.9518755152514426,0.6705029267575918,0.9518755152514426,0.6699629171817059,0.9518755152514426,0.6700687598787372
mozart-symphony40-1_orch.mid,/home/francesco/AutomaticMusicOrchestration/LOP_database_06_09_17/hand_picked_Spotify/7/mozart-symphony40-1_orch.mid,RandomForest10,0.8862128257751465,0.750515251442704,0.6287597857437165,0.750515251442704,0.6282875093609941,0.750515251442704,0.6287597857437165,0.750515251442704,0.6276556226252622
mozart-symphony40-1_orch.mid,/home/francesco/AutomaticMusicOrchestration/LOP_database_06_09_17/hand_picked_Spotify/7/mozart-symphony40-1_orch.mid,RandomForest13,1.1069130897521973,0.890045342126958,0.6637824474660075,0.890045342126958,0.6635809364282408,0.890045342126958,0.6637824474660075,0.890045342126958,0.6630626615493107
mozart-symphony40-1_orch.mid,/home/francesco/AutomaticMusicOrchestration/LOP_database_06_09_17/hand_picked_Spotify/7/mozart-symphony40-1_orch.mid,RandomForest16,1.2398748397827148,0.9416735366859027,0.6662546353522868,0.9416735366859027,0.6671052727419305,0.9416735366859027,0.6662546353522868,0.9416735366859027,0.666412881441474
mozart-symphony40-1_orch.mid,/home/francesco/AutomaticMusicOrchestration/LOP_database_06_09_17/hand_picked_Spotify/7/mozart-symphony40-1_orch.mid,RandomForest20,1.3115198612213135,0.9516694146743611,0.6670786979810466,0.9516694146743611,0.6674814641658509,0.9516694146743611,0.6670786979810466,0.9516694146743611,0.6669187450132231
mozart-symphony40-1_orch.mid,/home/francesco/AutomaticMusicOrchestration/LOP_database_06_09_17/hand_picked_Spotify/7/mozart-symphony40-1_orch.mid,DecisionTree,0.03715014457702637,0.9518755152514426,0.646477132262052,0.9518755152514426,0.6494769540039234,0.9518755152514426,0.646477132262052,0.9518755152514426,0.6475556031088842
mozart-symphony40-1_orch.mid,/home/francesco/AutomaticMusicOrchestration/LOP_database_06_09_17/hand_picked_Spotify/7/mozart-symphony40-1_orch.mid,NearestNeighbors,0.7942426204681396,0.9518755152514426,0.6089822826534816,0.9518755152514426,0.6116308842187951,0.9518755152514426,0.6089822826534816,0.9518755152514426,0.6096159466902507
mozart-symphony40-1_orch.mid,/home/francesco/AutomaticMusicOrchestration/LOP_database_06_09_17/hand_picked_Spotify/7/mozart-symphony40-1_orch.mid,NaiveBayes,0.01983046531677246,0.3896331409727947,0.37783271528636175,0.3896331409727947,0.3899240685303285,0.3896331409727947,0.37783271528636175,0.3896331409727947,0.35041464501508
mozart-symphony40-1_orch.mid,/home/francesco/AutomaticMusicOrchestration/LOP_database_06_09_17/hand_picked_Spotify/7/mozart-symphony40-1_orch.mid,AdaBoost,0.5060005187988281,0.3881904369332234,0.37453646477132263,0.3881904369332234,0.33548528202951944,0.3881904369332234,0.37453646477132263,0.3881904369332234,0.3336639136712474
mozart-symphony40-1_orch.mid,/home/francesco/AutomaticMusicOrchestration/LOP_database_06_09_17/hand_picked_Spotify/7/mozart-symphony40-1_orch.mid,Dummy0,0.004515647888183594,0.1080997526793075,0.10918829831067162,0.1080997526793075,0.011922084487980213,0.1080997526793075,0.10918829831067162,0.1080997526793075,0.02149695323352747
mozart-symphony40-1_orch.mid,/home/francesco/AutomaticMusicOrchestration/LOP_database_06_09_17/hand_picked_Spotify/7/mozart-symphony40-1_orch.mid,Dummy1,0.004391908645629883,0.05976916735366859,0.059332509270704575,0.05976916735366859,0.003520346656358244,0.05976916735366859,0.059332509270704575,0.05976916735366859,0.006646348763112765
mozart-symphony40-1_orch.mid,/home/francesco/AutomaticMusicOrchestration/LOP_database_06_09_17/hand_picked_Spotify/7/mozart-symphony40-1_orch.mid,DummyUnif,0.005480289459228516,0.09934047815333882,0.09517923362175525,0.09614591920857378,0.12568418113487972,0.09614591920857378,0.09517923362175525,0.09614591920857378,0.10401869625446729
swan_lake_20_orch.mid,/home/francesco/AutomaticMusicOrchestration/LOP_database_06_09_17/hand_picked_Spotify/51/swan_lake_20_orch.mid,XGBoost,0.8258793354034424,0.8963035019455253,0.7050583657587549,0.8963035019455253,0.7069546179431359,0.8963035019455253,0.7050583657587549,0.8963035019455253,0.7045416353460073
swan_lake_20_orch.mid,/home/francesco/AutomaticMusicOrchestration/LOP_database_06_09_17/hand_picked_Spotify/51/swan_lake_20_orch.mid,XGBoost5,0.10334944725036621,0.7696498054474709,0.708171206225681,0.7696498054474709,0.7108992471472507,0.7696498054474709,0.708171206225681,0.7696498054474709,0.6970449833574589
swan_lake_20_orch.mid,/home/francesco/AutomaticMusicOrchestration/LOP_database_06_09_17/hand_picked_Spotify/51/swan_lake_20_orch.mid,XGBoost10,0.1237192153930664,0.7908560311284046,0.7105058365758755,0.7908560311284046,0.710751827839595,0.7908560311284046,0.7105058365758755,0.7908560311284046,0.7016811616187443
swan_lake_20_orch.mid,/home/francesco/AutomaticMusicOrchestration/LOP_database_06_09_17/hand_picked_Spotify/51/swan_lake_20_orch.mid,XGBoost20,0.18259572982788086,0.8247081712062256,0.7159533073929961,0.8247081712062256,0.7170605276090394,0.8247081712062256,0.7159533073929961,0.8247081712062256,0.7121951145443847
swan_lake_20_orch.mid,/home/francesco/AutomaticMusicOrchestration/LOP_database_06_09_17/hand_picked_Spotify/51/swan_lake_20_orch.mid,XGBoost50,0.4746255874633789,0.8747081712062257,0.7058365758754864,0.8747081712062257,0.706864096017913,0.8747081712062257,0.7058365758754864,0.8747081712062257,0.7051348799153828
swan_lake_20_orch.mid,/home/francesco/AutomaticMusicOrchestration/LOP_database_06_09_17/hand_picked_Spotify/51/swan_lake_20_orch.mid,RandomForest,0.6175441741943359,1.0,0.670817120622568,1.0,0.6706690666164247,1.0,0.670817120622568,1.0,0.6696303783556734
swan_lake_20_orch.mid,/home/francesco/AutomaticMusicOrchestration/LOP_database_06_09_17/hand_picked_Spotify/51/swan_lake_20_orch.mid,RandomForest10,0.4503142833709717,0.8346303501945526,0.7042801556420234,0.8346303501945526,0.7044117272639906,0.8346303501945526,0.7042801556420234,0.8346303501945526,0.6984649250416801
swan_lake_20_orch.mid,/home/francesco/AutomaticMusicOrchestration/LOP_database_06_09_17/hand_picked_Spotify/51/swan_lake_20_orch.mid,RandomForest13,0.5406689643859863,0.9223735408560312,0.6910505836575875,0.9223735408560312,0.6911496234952613,0.9223735408560312,0.6910505836575875,0.9223735408560312,0.6894373260327518
swan_lake_20_orch.mid,/home/francesco/AutomaticMusicOrchestration/LOP_database_06_09_17/hand_picked_Spotify/51/swan_lake_20_orch.mid,RandomForest16,0.5805695056915283,0.9803501945525291,0.6731517509727627,0.9803501945525291,0.6721564930069486,0.9803501945525291,0.6731517509727627,0.9803501945525291,0.6715763149134409
swan_lake_20_orch.mid,/home/francesco/AutomaticMusicOrchestration/LOP_database_06_09_17/hand_picked_Spotify/51/swan_lake_20_orch.mid,RandomForest20,0.6103003025054932,0.9990272373540856,0.6739299610894942,0.9990272373540856,0.6767001022918306,0.9990272373540856,0.6739299610894942,0.9990272373540856,0.674071742803188
swan_lake_20_orch.mid,/home/francesco/AutomaticMusicOrchestration/LOP_database_06_09_17/hand_picked_Spotify/51/swan_lake_20_orch.mid,DecisionTree,0.0208282470703125,1.0,0.7237354085603113,1.0,0.722292354496569,1.0,0.7237354085603113,1.0,0.7216179745213941
swan_lake_20_orch.mid,/home/francesco/AutomaticMusicOrchestration/LOP_database_06_09_17/hand_picked_Spotify/51/swan_lake_20_orch.mid,NearestNeighbors,0.41639137268066406,1.0,0.6140077821011674,1.0,0.6192407530134648,1.0,0.6140077821011674,1.0,0.6151297428955249
swan_lake_20_orch.mid,/home/francesco/AutomaticMusicOrchestration/LOP_database_06_09_17/hand_picked_Spotify/51/swan_lake_20_orch.mid,NaiveBayes,0.019162416458129883,0.6811284046692607,0.6762645914396888,0.6811284046692607,0.6733532738357205,0.6811284046692607,0.6762645914396888,0.6811284046692607,0.6481927613386725
swan_lake_20_orch.mid,/home/francesco/AutomaticMusicOrchestration/LOP_database_06_09_17/hand_picked_Spotify/51/swan_lake_20_orch.mid,AdaBoost,0.31339526176452637,0.36634241245136184,0.35175097276264594,0.36634241245136184,0.16214761493627727,0.36634241245136184,0.35175097276264594,0.36634241245136184,0.21317548565577984
swan_lake_20_orch.mid,/home/francesco/AutomaticMusicOrchestration/LOP_database_06_09_17/hand_picked_Spotify/51/swan_lake_20_orch.mid,Dummy0,0.004832744598388672,0.022568093385214007,0.030350194552529183,0.022568093385214007,0.0009211343093763721,0.022568093385214007,0.030350194552529183,0.022568093385214007,0.0017880023981097252
swan_lake_20_orch.mid,/home/francesco/AutomaticMusicOrchestration/LOP_database_06_09_17/hand_picked_Spotify/51/swan_lake_20_orch.mid,Dummy1,0.004027605056762695,0.011284046692607004,0.014007782101167316,0.011284046692607004,0.0001962179593937834,0.011284046692607004,0.014007782101167316,0.011284046692607004,0.00038701470118344077
swan_lake_20_orch.mid,/home/francesco/AutomaticMusicOrchestration/LOP_database_06_09_17/hand_picked_Spotify/51/swan_lake_20_orch.mid,DummyUnif,0.005023956298828125,0.04221789883268483,0.045914396887159536,0.048638132295719845,0.08807881365418348,0.048638132295719845,0.04824902723735409,0.048638132295719845,0.05740831690242459
swan_lake_10_orch.mid,/home/francesco/AutomaticMusicOrchestration/LOP_database_06_09_17/hand_picked_Spotify/40/swan_lake_10_orch.mid,XGBoost,0.6965293884277344,0.9481530561537187,0.8940397350993378,0.9481530561537187,0.8961977935169454,0.9481530561537187,0.8940397350993378,0.9481530561537187,0.8939982124534552
swan_lake_10_orch.mid,/home/francesco/AutomaticMusicOrchestration/LOP_database_06_09_17/hand_picked_Spotify/40/swan_lake_10_orch.mid,XGBoost5,0.05115985870361328,0.8825575617028325,0.8629139072847682,0.8825575617028325,0.8629738286776418,0.8825575617028325,0.8629139072847682,0.8825575617028325,0.8613717533822733
swan_lake_10_orch.mid,/home/francesco/AutomaticMusicOrchestration/LOP_database_06_09_17/hand_picked_Spotify/40/swan_lake_10_orch.mid,XGBoost10,0.08406424522399902,0.9037601457677654,0.8794701986754967,0.9037601457677654,0.8829914267821144,0.9037601457677654,0.8794701986754967,0.9037601457677654,0.8801435847320657
swan_lake_10_orch.mid,/home/francesco/AutomaticMusicOrchestration/LOP_database_06_09_17/hand_picked_Spotify/40/swan_lake_10_orch.mid,XGBoost20,0.23891735076904297,0.931091601788968,0.904635761589404,0.931091601788968,0.9070342319479732,0.931091601788968,0.904635761589404,0.931091601788968,0.9048862405768305
swan_lake_10_orch.mid,/home/francesco/AutomaticMusicOrchestration/LOP_database_06_09_17/hand_picked_Spotify/40/swan_lake_10_orch.mid,XGBoost50,0.39104747772216797,0.9441775716415438,0.8986754966887417,0.9441775716415438,0.9006648677203496,0.9441775716415438,0.8986754966887417,0.9441775716415438,0.898899796382411
swan_lake_10_orch.mid,/home/francesco/AutomaticMusicOrchestration/LOP_database_06_09_17/hand_picked_Spotify/40/swan_lake_10_orch.mid,RandomForest,0.5839138031005859,1.0,0.890728476821192,1.0,0.8922282610672321,1.0,0.890728476821192,1.0,0.8907612448108168
swan_lake_10_orch.mid,/home/francesco/AutomaticMusicOrchestration/LOP_database_06_09_17/hand_picked_Spotify/40/swan_lake_10_orch.mid,RandomForest10,0.5005626678466797,0.9324167632930264,0.8894039735099337,0.9324167632930264,0.8920619562820692,0.9324167632930264,0.8894039735099337,0.9324167632930264,0.8894928595091744
swan_lake_10_orch.mid,/home/francesco/AutomaticMusicOrchestration/LOP_database_06_09_17/hand_picked_Spotify/40/swan_lake_10_orch.mid,RandomForest13,0.5348165035247803,0.9764783833029651,0.8940397350993378,0.9764783833029651,0.8965693753589309,0.9764783833029651,0.8940397350993378,0.9764783833029651,0.8940421541981338
swan_lake_10_orch.mid,/home/francesco/AutomaticMusicOrchestration/LOP_database_06_09_17/hand_picked_Spotify/40/swan_lake_10_orch.mid,RandomForest16,0.5519368648529053,0.9963558058638396,0.890728476821192,0.9963558058638396,0.8921993075424995,0.9963558058638396,0.890728476821192,0.9963558058638396,0.8907925542109107
swan_lake_10_orch.mid,/home/francesco/AutomaticMusicOrchestration/LOP_database_06_09_17/hand_picked_Spotify/40/swan_lake_10_orch.mid,RandomForest20,0.5804622173309326,1.0,0.8874172185430463,1.0,0.8889516414345294,1.0,0.8874172185430463,1.0,0.887466902165921
swan_lake_10_orch.mid,/home/francesco/AutomaticMusicOrchestration/LOP_database_06_09_17/hand_picked_Spotify/40/swan_lake_10_orch.mid,DecisionTree,0.01741814613342285,1.0,0.8807947019867549,1.0,0.8829803082058728,1.0,0.8807947019867549,1.0,0.8812401966998415
swan_lake_10_orch.mid,/home/francesco/AutomaticMusicOrchestration/LOP_database_06_09_17/hand_picked_Spotify/40/swan_lake_10_orch.mid,NearestNeighbors,0.5288290977478027,1.0,0.8629139072847682,1.0,0.8624952001038282,1.0,0.8629139072847682,1.0,0.8619728479011585
swan_lake_10_orch.mid,/home/francesco/AutomaticMusicOrchestration/LOP_database_06_09_17/hand_picked_Spotify/40/swan_lake_10_orch.mid,NaiveBayes,0.018567323684692383,0.41709458340235217,0.40463576158940395,0.41709458340235217,0.4284681108828972,0.41709458340235217,0.40463576158940395,0.41709458340235217,0.37561573732077397
swan_lake_10_orch.mid,/home/francesco/AutomaticMusicOrchestration/LOP_database_06_09_17/hand_picked_Spotify/40/swan_lake_10_orch.mid,AdaBoost,0.34856653213500977,0.35547457346364086,0.36821192052980134,0.35547457346364086,0.27036273954209855,0.35547457346364086,0.36821192052980134,0.35547457346364086,0.26127778500967924
swan_lake_10_orch.mid,/home/francesco/AutomaticMusicOrchestration/LOP_database_06_09_17/hand_picked_Spotify/40/swan_lake_10_orch.mid,Dummy0,0.004460573196411133,0.006294517144276959,0.003973509933774834,0.006294517144276959,1.578878119380729e-05,0.006294517144276959,0.003973509933774834,0.006294517144276959,3.145258522776914e-05
swan_lake_10_orch.mid,/home/francesco/AutomaticMusicOrchestration/LOP_database_06_09_17/hand_picked_Spotify/40/swan_lake_10_orch.mid,Dummy1,0.004016876220703125,0.048534040086135495,0.04900662251655629,0.048534040086135495,0.002401649050480242,0.048534040086135495,0.04900662251655629,0.048534040086135495,0.004578901598769149
swan_lake_10_orch.mid,/home/francesco/AutomaticMusicOrchestration/LOP_database_06_09_17/hand_picked_Spotify/40/swan_lake_10_orch.mid,DummyUnif,0.004465818405151367,0.0627795262547623,0.059602649006622516,0.05549113798244161,0.1463061895300962,0.05549113798244161,0.06357615894039735,0.05549113798244161,0.07902141513612328
swan_lake_03_orch.mid,/home/francesco/AutomaticMusicOrchestration/LOP_database_06_09_17/hand_picked_Spotify/34/swan_lake_03_orch.mid,XGBoost,0.8087291717529297,0.9068801897983393,0.71699604743083,0.9068801897983393,0.7194666388907083,0.9068801897983393,0.71699604743083,0.9068801897983393,0.7177747670772074
swan_lake_03_orch.mid,/home/francesco/AutomaticMusicOrchestration/LOP_database_06_09_17/hand_picked_Spotify/34/swan_lake_03_orch.mid,XGBoost5,0.07128763198852539,0.7773823645709766,0.7130434782608696,0.7773823645709766,0.7162413043590531,0.7773823645709766,0.7130434782608696,0.7773823645709766,0.7046633965154139
swan_lake_03_orch.mid,/home/francesco/AutomaticMusicOrchestration/LOP_database_06_09_17/hand_picked_Spotify/34/swan_lake_03_orch.mid,XGBoost10,0.09699440002441406,0.8034796362198497,0.7280632411067194,0.8034796362198497,0.7311378246671237,0.8034796362198497,0.7280632411067194,0.8034796362198497,0.7258382744980555
swan_lake_03_orch.mid,/home/francesco/AutomaticMusicOrchestration/LOP_database_06_09_17/hand_picked_Spotify/34/swan_lake_03_orch.mid,XGBoost20,0.1863846778869629,0.8386714116251482,0.7351778656126482,0.8386714116251482,0.7329342338537645,0.8386714116251482,0.7351778656126482,0.8386714116251482,0.7320845071579798
swan_lake_03_orch.mid,/home/francesco/AutomaticMusicOrchestration/LOP_database_06_09_17/hand_picked_Spotify/34/swan_lake_03_orch.mid,XGBoost50,0.6615641117095947,0.8928430209568999,0.7296442687747036,0.8928430209568999,0.7343954483641557,0.8928430209568999,0.7296442687747036,0.8928430209568999,0.7313516813353627
swan_lake_03_orch.mid,/home/francesco/AutomaticMusicOrchestration/LOP_database_06_09_17/hand_picked_Spotify/34/swan_lake_03_orch.mid,RandomForest,0.6205728054046631,1.0,0.7098814229249012,1.0,0.7128937048037306,1.0,0.7098814229249012,1.0,0.7108977877076634
swan_lake_03_orch.mid,/home/francesco/AutomaticMusicOrchestration/LOP_database_06_09_17/hand_picked_Spotify/34/swan_lake_03_orch.mid,RandomForest10,0.472689151763916,0.844998022933966,0.7328063241106719,0.844998022933966,0.7321280907087804,0.844998022933966,0.7328063241106719,0.844998022933966,0.7289517324841426
swan_lake_03_orch.mid,/home/francesco/AutomaticMusicOrchestration/LOP_database_06_09_17/hand_picked_Spotify/34/swan_lake_03_orch.mid,RandomForest13,0.5517683029174805,0.9201265322261764,0.7225296442687748,0.9201265322261764,0.7248184326998645,0.9201265322261764,0.7225296442687748,0.9201265322261764,0.723045077635082
swan_lake_03_orch.mid,/home/francesco/AutomaticMusicOrchestration/LOP_database_06_09_17/hand_picked_Spotify/34/swan_lake_03_orch.mid,RandomForest16,0.6184954643249512,0.977856860419138,0.7090909090909091,0.977856860419138,0.7123699497836512,0.977856860419138,0.7090909090909091,0.977856860419138,0.7104194094483897
swan_lake_03_orch.mid,/home/francesco/AutomaticMusicOrchestration/LOP_database_06_09_17/hand_picked_Spotify/34/swan_lake_03_orch.mid,RandomForest20,0.6294906139373779,0.9994068801897983,0.708300395256917,0.9994068801897983,0.7126635094862701,0.9994068801897983,0.708300395256917,0.9994068801897983,0.7100848410898419
swan_lake_03_orch.mid,/home/francesco/AutomaticMusicOrchestration/LOP_database_06_09_17/hand_picked_Spotify/34/swan_lake_03_orch.mid,DecisionTree,0.019862890243530273,1.0,0.7201581027667984,1.0,0.7250594134521497,1.0,0.7201581027667984,1.0,0.7220158813176014
swan_lake_03_orch.mid,/home/francesco/AutomaticMusicOrchestration/LOP_database_06_09_17/hand_picked_Spotify/34/swan_lake_03_orch.mid,NearestNeighbors,0.4083888530731201,1.0,0.6537549407114625,1.0,0.6620979488938907,1.0,0.6537549407114625,1.0,0.6571674233868062
swan_lake_03_orch.mid,/home/francesco/AutomaticMusicOrchestration/LOP_database_06_09_17/hand_picked_Spotify/34/swan_lake_03_orch.mid,NaiveBayes,0.018494606018066406,0.5652431791221827,0.5628458498023715,0.5652431791221827,0.5551901615774713,0.5652431791221827,0.5628458498023715,0.5652431791221827,0.5300154999544228
swan_lake_03_orch.mid,/home/francesco/AutomaticMusicOrchestration/LOP_database_06_09_17/hand_picked_Spotify/34/swan_lake_03_orch.mid,AdaBoost,0.3069155216217041,0.27066034005535783,0.26798418972332017,0.27066034005535783,0.16446035829919586,0.27066034005535783,0.26798418972332017,0.27066034005535783,0.1767302980848012
swan_lake_03_orch.mid,/home/francesco/AutomaticMusicOrchestration/LOP_database_06_09_17/hand_picked_Spotify/34/swan_lake_03_orch.mid,Dummy0,0.0044558048248291016,0.01542111506524318,0.015019762845849802,0.01542111506524318,0.00022559327594557017,0.01542111506524318,0.015019762845849802,0.01542111506524318,0.0004445101153756172
swan_lake_03_orch.mid,/home/francesco/AutomaticMusicOrchestration/LOP_database_06_09_17/hand_picked_Spotify/34/swan_lake_03_orch.mid,Dummy1,0.00392460823059082,0.013048635824436536,0.008695652173913044,0.013048635824436536,7.561436672967865e-05,0.013048635824436536,0.008695652173913044,0.013048635824436536,0.00014992503748125936
swan_lake_03_orch.mid,/home/francesco/AutomaticMusicOrchestration/LOP_database_06_09_17/hand_picked_Spotify/34/swan_lake_03_orch.mid,DummyUnif,0.004342794418334961,0.046263345195729534,0.04743083003952569,0.05476472914195334,0.07890837112295823,0.05476472914195334,0.05059288537549407,0.05476472914195334,0.05835074866861288
swan_lake_11_orch.mid,/home/francesco/AutomaticMusicOrchestration/LOP_database_06_09_17/hand_picked_Spotify/41/swan_lake_11_orch.mid,XGBoost,0.9542086124420166,0.9238646482635797,0.8166172106824926,0.9238646482635797,0.8178173065849165,0.9238646482635797,0.8166172106824926,0.9238646482635797,0.8160839586590934
swan_lake_11_orch.mid,/home/francesco/AutomaticMusicOrchestration/LOP_database_06_09_17/hand_picked_Spotify/41/swan_lake_11_orch.mid,XGBoost5,0.054161787033081055,0.769813000890472,0.7477744807121661,0.769813000890472,0.7566713698674327,0.769813000890472,0.7477744807121661,0.769813000890472,0.7412211533131539
swan_lake_11_orch.mid,/home/francesco/AutomaticMusicOrchestration/LOP_database_06_09_17/hand_picked_Spotify/41/swan_lake_11_orch.mid,XGBoost10,0.10074353218078613,0.7999406352033245,0.7732937685459941,0.7999406352033245,0.7820202591963173,0.7999406352033245,0.7732937685459941,0.7999406352033245,0.7677591270412639
swan_lake_11_orch.mid,/home/francesco/AutomaticMusicOrchestration/LOP_database_06_09_17/hand_picked_Spotify/41/swan_lake_11_orch.mid,XGBoost20,0.17469096183776855,0.8552983081032948,0.8100890207715133,0.8552983081032948,0.8168165746376773,0.8552983081032948,0.8100890207715133,0.8552983081032948,0.8089390826254966
swan_lake_11_orch.mid,/home/francesco/AutomaticMusicOrchestration/LOP_database_06_09_17/hand_picked_Spotify/41/swan_lake_11_orch.mid,XGBoost50,0.4154031276702881,0.9079845651528643,0.8237388724035608,0.9079845651528643,0.8262819662006597,0.9079845651528643,0.8237388724035608,0.9079845651528643,0.82363210802664
swan_lake_11_orch.mid,/home/francesco/AutomaticMusicOrchestration/LOP_database_06_09_17/hand_picked_Spotify/41/swan_lake_11_orch.mid,RandomForest,0.7791299819946289,1.0,0.8053412462908012,1.0,0.8060316068810475,1.0,0.8053412462908012,1.0,0.8041700799781879
swan_lake_11_orch.mid,/home/francesco/AutomaticMusicOrchestration/LOP_database_06_09_17/hand_picked_Spotify/41/swan_lake_11_orch.mid,RandomForest10,0.5472249984741211,0.834223805283467,0.7988130563798219,0.834223805283467,0.8087537708553986,0.834223805283467,0.7988130563798219,0.834223805283467,0.7967756223787401
swan_lake_11_orch.mid,/home/francesco/AutomaticMusicOrchestration/LOP_database_06_09_17/hand_picked_Spotify/41/swan_lake_11_orch.mid,RandomForest13,0.6250185966491699,0.9099139210448204,0.8112759643916914,0.9099139210448204,0.8172933871445638,0.9099139210448204,0.8112759643916914,0.9099139210448204,0.8113344762529404
swan_lake_11_orch.mid,/home/francesco/AutomaticMusicOrchestration/LOP_database_06_09_17/hand_picked_Spotify/41/swan_lake_11_orch.mid,RandomForest16,0.6943686008453369,0.9661620658949243,0.8094955489614243,0.9661620658949243,0.8110810176419011,0.9661620658949243,0.8094955489614243,0.9661620658949243,0.807957841769707
swan_lake_11_orch.mid,/home/francesco/AutomaticMusicOrchestration/LOP_database_06_09_17/hand_picked_Spotify/41/swan_lake_11_orch.mid,RandomForest20,0.7948505878448486,0.9974769961412883,0.8047477744807122,0.9974769961412883,0.8048175846873256,0.9974769961412883,0.8047477744807122,0.9974769961412883,0.8030817796957889
swan_lake_11_orch.mid,/home/francesco/AutomaticMusicOrchestration/LOP_database_06_09_17/hand_picked_Spotify/41/swan_lake_11_orch.mid,DecisionTree,0.023094892501831055,1.0,0.8106824925816024,1.0,0.8110327606648627,1.0,0.8106824925816024,1.0,0.8094822316024265
swan_lake_11_orch.mid,/home/francesco/AutomaticMusicOrchestration/LOP_database_06_09_17/hand_picked_Spotify/41/swan_lake_11_orch.mid,NearestNeighbors,0.5655057430267334,1.0,0.7418397626112759,1.0,0.742828864845975,1.0,0.7418397626112759,1.0,0.7415011487914165
swan_lake_11_orch.mid,/home/francesco/AutomaticMusicOrchestration/LOP_database_06_09_17/hand_picked_Spotify/41/swan_lake_11_orch.mid,NaiveBayes,0.019734621047973633,0.5549124369249036,0.5590504451038576,0.5549124369249036,0.5680488082344107,0.5549124369249036,0.5590504451038576,0.5549124369249036,0.5151115262990184
swan_lake_11_orch.mid,/home/francesco/AutomaticMusicOrchestration/LOP_database_06_09_17/hand_picked_Spotify/41/swan_lake_11_orch.mid,AdaBoost,0.38004255294799805,0.3330365093499555,0.3572700296735905,0.3330365093499555,0.19138030528133743,0.3330365093499555,0.3572700296735905,0.3330365093499555,0.23044832690755637
swan_lake_11_orch.mid,/home/francesco/AutomaticMusicOrchestration/LOP_database_06_09_17/hand_picked_Spotify/41/swan_lake_11_orch.mid,Dummy0,0.0046193599700927734,0.026862570495696052,0.025519287833827894,0.026862570495696052,0.0006512340515457564,0.026862570495696052,0.025519287833827894,0.026862570495696052,0.0012700571491372679
swan_lake_11_orch.mid,/home/francesco/AutomaticMusicOrchestration/LOP_database_06_09_17/hand_picked_Spotify/41/swan_lake_11_orch.mid,Dummy1,0.004091978073120117,0.012318195310181062,0.01483679525222552,0.012318195310181062,0.00022013049335646174,0.012318195310181062,0.01483679525222552,0.012318195310181062,0.0004338244225796935
swan_lake_11_orch.mid,/home/francesco/AutomaticMusicOrchestration/LOP_database_06_09_17/hand_picked_Spotify/41/swan_lake_11_orch.mid,DummyUnif,0.006998300552368164,0.05105372514099139,0.04925816023738872,0.05609973285841496,0.093222258724916,0.05609973285841496,0.060534124629080116,0.05609973285841496,0.06958538709488084
tch_sy6b_orch.mid,/home/francesco/AutomaticMusicOrchestration/LOP_database_06_09_17/hand_picked_Spotify/44/tch_sy6b_orch.mid,XGBoost,1.0998516082763672,0.909103486441616,0.758716104039845,0.909103486441616,0.7626539068830849,0.909103486441616,0.758716104039845,0.909103486441616,0.7597488355318461
tch_sy6b_orch.mid,/home/francesco/AutomaticMusicOrchestration/LOP_database_06_09_17/hand_picked_Spotify/44/tch_sy6b_orch.mid,XGBoost5,0.06924295425415039,0.741283895960155,0.7089097952407305,0.741283895960155,0.7094724695991343,0.741283895960155,0.7089097952407305,0.741283895960155,0.7046374578530974
tch_sy6b_orch.mid,/home/francesco/AutomaticMusicOrchestration/LOP_database_06_09_17/hand_picked_Spotify/44/tch_sy6b_orch.mid,XGBoost10,0.12946438789367676,0.7787769784172662,0.7315993359158827,0.7787769784172662,0.732783948359541,0.7787769784172662,0.7315993359158827,0.7787769784172662,0.7269747260707142
tch_sy6b_orch.mid,/home/francesco/AutomaticMusicOrchestration/LOP_database_06_09_17/hand_picked_Spotify/44/tch_sy6b_orch.mid,XGBoost20,0.20308947563171387,0.8301051466519093,0.7670171555063642,0.8301051466519093,0.7747118452616438,0.8301051466519093,0.7670171555063642,0.8301051466519093,0.7653273815306477
tch_sy6b_orch.mid,/home/francesco/AutomaticMusicOrchestration/LOP_database_06_09_17/hand_picked_Spotify/44/tch_sy6b_orch.mid,XGBoost50,0.6006596088409424,0.8893193137797454,0.7659103486441616,0.8893193137797454,0.7711592426937621,0.8893193137797454,0.7659103486441616,0.8893193137797454,0.7664713585268463
tch_sy6b_orch.mid,/home/francesco/AutomaticMusicOrchestration/LOP_database_06_09_17/hand_picked_Spotify/44/tch_sy6b_orch.mid,RandomForest,0.9232375621795654,0.9221084670724958,0.7360265633646929,0.9221084670724958,0.7402124698823659,0.9221084670724958,0.7360265633646929,0.9221084670724958,0.737033748639246
tch_sy6b_orch.mid,/home/francesco/AutomaticMusicOrchestration/LOP_database_06_09_17/hand_picked_Spotify/44/tch_sy6b_orch.mid,RandomForest10,0.5795884132385254,0.7275871610403984,0.6668511344770337,0.7275871610403984,0.6742070604093395,0.7275871610403984,0.6668511344770337,0.7275871610403984,0.6618210223316185
tch_sy6b_orch.mid,/home/francesco/AutomaticMusicOrchestration/LOP_database_06_09_17/hand_picked_Spotify/44/tch_sy6b_orch.mid,RandomForest13,0.7132573127746582,0.8462921970116215,0.7315993359158827,0.8462921970116215,0.7368134252437829,0.8462921970116215,0.7315993359158827,0.8462921970116215,0.7321748537545801
tch_sy6b_orch.mid,/home/francesco/AutomaticMusicOrchestration/LOP_database_06_09_17/hand_picked_Spotify/44/tch_sy6b_orch.mid,RandomForest16,0.8199849128723145,0.9066131710016602,0.7371333702268954,0.9066131710016602,0.7395199621818068,0.9066131710016602,0.7371333702268954,0.9066131710016602,0.736557675614136
tch_sy6b_orch.mid,/home/francesco/AutomaticMusicOrchestration/LOP_database_06_09_17/hand_picked_Spotify/44/tch_sy6b_orch.mid,RandomForest20,0.8896918296813965,0.9214167127836193,0.7338129496402878,0.9214167127836193,0.7383882103807002,0.9214167127836193,0.7338129496402878,0.9214167127836193,0.7351085178566936
tch_sy6b_orch.mid,/home/francesco/AutomaticMusicOrchestration/LOP_database_06_09_17/hand_picked_Spotify/44/tch_sy6b_orch.mid,DecisionTree,0.030247211456298828,0.9221084670724958,0.7255118981737687,0.9221084670724958,0.7330864041651934,0.9221084670724958,0.7255118981737687,0.9221084670724958,0.7282989518473313
tch_sy6b_orch.mid,/home/francesco/AutomaticMusicOrchestration/LOP_database_06_09_17/hand_picked_Spotify/44/tch_sy6b_orch.mid,NearestNeighbors,0.6727056503295898,0.9221084670724958,0.7177642501383509,0.9221084670724958,0.7222382694786682,0.9221084670724958,0.7177642501383509,0.9221084670724958,0.7183243062374783
tch_sy6b_orch.mid,/home/francesco/AutomaticMusicOrchestration/LOP_database_06_09_17/hand_picked_Spotify/44/tch_sy6b_orch.mid,NaiveBayes,0.02084207534790039,0.3296900940785833,0.338682899833979,0.3296900940785833,0.33947397023842923,0.3296900940785833,0.338682899833979,0.3296900940785833,0.3097891992907743
tch_sy6b_orch.mid,/home/francesco/AutomaticMusicOrchestration/LOP_database_06_09_17/hand_picked_Spotify/44/tch_sy6b_orch.mid,AdaBoost,0.398514986038208,0.33729939125622577,0.33702268954067516,0.33729939125622577,0.3206144469819011,0.33729939125622577,0.33702268954067516,0.33729939125622577,0.2969926130434193
tch_sy6b_orch.mid,/home/francesco/AutomaticMusicOrchestration/LOP_database_06_09_17/hand_picked_Spotify/44/tch_sy6b_orch.mid,Dummy0,0.004574775695800781,0.06779192030990593,0.07138904261206419,0.06779192030990593,0.005096395405067117,0.06779192030990593,0.07138904261206419,0.06779192030990593,0.009513622414211035
tch_sy6b_orch.mid,/home/francesco/AutomaticMusicOrchestration/LOP_database_06_09_17/hand_picked_Spotify/44/tch_sy6b_orch.mid,Dummy1,0.005120754241943359,0.07152739346983951,0.06253458771444383,0.07152739346983951,0.003910574660615469,0.07152739346983951,0.06253458771444383,0.07152739346983951,0.007360842095554326
tch_sy6b_orch.mid,/home/francesco/AutomaticMusicOrchestration/LOP_database_06_09_17/hand_picked_Spotify/44/tch_sy6b_orch.mid,DummyUnif,0.0061435699462890625,0.06032097399003874,0.05534034311012728,0.0600442722744881,0.06949164204369228,0.0600442722744881,0.05534034311012728,0.0600442722744881,0.06048025903823402
requiem_7_orch.mid,/home/francesco/AutomaticMusicOrchestration/LOP_database_06_09_17/hand_picked_Spotify/17/requiem_7_orch.mid,XGBoost,0.5980331897735596,0.7132401862940785,0.4015957446808511,0.7132401862940785,0.4252264247786534,0.7132401862940785,0.4015957446808511,0.7132401862940785,0.4107832065068855
requiem_7_orch.mid,/home/francesco/AutomaticMusicOrchestration/LOP_database_06_09_17/hand_picked_Spotify/17/requiem_7_orch.mid,XGBoost5,0.034372806549072266,0.6367265469061876,0.5053191489361702,0.6367265469061876,0.5194456111498157,0.6367265469061876,0.5053191489361702,0.6367265469061876,0.49831605043167615
requiem_7_orch.mid,/home/francesco/AutomaticMusicOrchestration/LOP_database_06_09_17/hand_picked_Spotify/17/requiem_7_orch.mid,XGBoost10,0.06899809837341309,0.6666666666666666,0.48936170212765956,0.6666666666666666,0.5025394530154658,0.6666666666666666,0.48936170212765956,0.6666666666666666,0.4864396025607584
requiem_7_orch.mid,/home/francesco/AutomaticMusicOrchestration/LOP_database_06_09_17/hand_picked_Spotify/17/requiem_7_orch.mid,XGBoost20,0.12630653381347656,0.6939454424484365,0.4521276595744681,0.6939454424484365,0.4577329145472881,0.6939454424484365,0.4521276595744681,0.6939454424484365,0.4525030115393381
requiem_7_orch.mid,/home/francesco/AutomaticMusicOrchestration/LOP_database_06_09_17/hand_picked_Spotify/17/requiem_7_orch.mid,XGBoost50,0.3799705505371094,0.7125748502994012,0.4095744680851064,0.7125748502994012,0.43306992618808965,0.7125748502994012,0.4095744680851064,0.7125748502994012,0.41830757882989666
requiem_7_orch.mid,/home/francesco/AutomaticMusicOrchestration/LOP_database_06_09_17/hand_picked_Spotify/17/requiem_7_orch.mid,RandomForest,0.2607443332672119,0.7152361942781105,0.39361702127659576,0.7152361942781105,0.4098991714323719,0.7152361942781105,0.39361702127659576,0.7152361942781105,0.39916532763908524
requiem_7_orch.mid,/home/francesco/AutomaticMusicOrchestration/LOP_database_06_09_17/hand_picked_Spotify/17/requiem_7_orch.mid,RandomForest10,0.2135930061340332,0.7005988023952096,0.42021276595744683,0.7005988023952096,0.43606026181240576,0.7005988023952096,0.42021276595744683,0.7005988023952096,0.42279841500401116
requiem_7_orch.mid,/home/francesco/AutomaticMusicOrchestration/LOP_database_06_09_17/hand_picked_Spotify/17/requiem_7_orch.mid,RandomForest13,0.2697443962097168,0.7125748502994012,0.40425531914893614,0.7125748502994012,0.4134283117229994,0.7125748502994012,0.40425531914893614,0.7125748502994012,0.4063290072669707
requiem_7_orch.mid,/home/francesco/AutomaticMusicOrchestration/LOP_database_06_09_17/hand_picked_Spotify/17/requiem_7_orch.mid,RandomForest16,0.2565603256225586,0.7152361942781105,0.3962765957446808,0.7152361942781105,0.4117997221454668,0.7152361942781105,0.3962765957446808,0.7152361942781105,0.4014269859555631
requiem_7_orch.mid,/home/francesco/AutomaticMusicOrchestration/LOP_database_06_09_17/hand_picked_Spotify/17/requiem_7_orch.mid,RandomForest20,0.27684617042541504,0.7152361942781105,0.39361702127659576,0.7152361942781105,0.40461024511384963,0.7152361942781105,0.39361702127659576,0.7152361942781105,0.3967334918143912
requiem_7_orch.mid,/home/francesco/AutomaticMusicOrchestration/LOP_database_06_09_17/hand_picked_Spotify/17/requiem_7_orch.mid,DecisionTree,0.008506536483764648,0.7152361942781105,0.3803191489361702,0.7152361942781105,0.41068199968695207,0.7152361942781105,0.3803191489361702,0.7152361942781105,0.38814214171974437
requiem_7_orch.mid,/home/francesco/AutomaticMusicOrchestration/LOP_database_06_09_17/hand_picked_Spotify/17/requiem_7_orch.mid,NearestNeighbors,0.12539887428283691,0.7152361942781105,0.3829787234042553,0.7152361942781105,0.40529052308152436,0.7152361942781105,0.3829787234042553,0.7152361942781105,0.39115654878627504
requiem_7_orch.mid,/home/francesco/AutomaticMusicOrchestration/LOP_database_06_09_17/hand_picked_Spotify/17/requiem_7_orch.mid,NaiveBayes,0.00827169418334961,0.42115768463073855,0.40691489361702127,0.42115768463073855,0.5257409582778491,0.42115768463073855,0.40691489361702127,0.42115768463073855,0.3319454744159215
requiem_7_orch.mid,/home/francesco/AutomaticMusicOrchestration/LOP_database_06_09_17/hand_picked_Spotify/17/requiem_7_orch.mid,AdaBoost,0.1411137580871582,0.43313373253493015,0.45478723404255317,0.43313373253493015,0.3816537369427679,0.43313373253493015,0.45478723404255317,0.43313373253493015,0.3791655512156874
requiem_7_orch.mid,/home/francesco/AutomaticMusicOrchestration/LOP_database_06_09_17/hand_picked_Spotify/17/requiem_7_orch.mid,Dummy0,0.004400014877319336,0.039254823685961414,0.02925531914893617,0.039254823685961414,0.0008558736985061113,0.039254823685961414,0.02925531914893617,0.039254823685961414,0.0016630930782340976
requiem_7_orch.mid,/home/francesco/AutomaticMusicOrchestration/LOP_database_06_09_17/hand_picked_Spotify/17/requiem_7_orch.mid,Dummy1,0.004008054733276367,0.08183632734530938,0.0797872340425532,0.08183632734530938,0.006366002716161159,0.08183632734530938,0.0797872340425532,0.08183632734530938,0.01179121685357929
requiem_7_orch.mid,/home/francesco/AutomaticMusicOrchestration/LOP_database_06_09_17/hand_picked_Spotify/17/requiem_7_orch.mid,DummyUnif,0.003869771957397461,0.06320691949434465,0.09042553191489362,0.07451763140385895,0.09366840683448727,0.07451763140385895,0.047872340425531915,0.07451763140385895,0.05237947862484589
symphony_9_4_orch.mid,/home/francesco/AutomaticMusicOrchestration/LOP_database_06_09_17/hand_picked_Spotify/4/symphony_9_4_orch.mid,XGBoost,1.817289113998413,0.8467181467181467,0.7411196911196911,0.8467181467181467,0.741771843217043,0.8467181467181467,0.7411196911196911,0.8467181467181467,0.7405913673740997
symphony_9_4_orch.mid,/home/francesco/AutomaticMusicOrchestration/LOP_database_06_09_17/hand_picked_Spotify/4/symphony_9_4_orch.mid,XGBoost5,0.14841222763061523,0.7124034749034749,0.6932432432432433,0.7124034749034749,0.6900649845594425,0.7124034749034749,0.6932432432432433,0.7124034749034749,0.6854567820640827
symphony_9_4_orch.mid,/home/francesco/AutomaticMusicOrchestration/LOP_database_06_09_17/hand_picked_Spotify/4/symphony_9_4_orch.mid,XGBoost10,0.2576625347137451,0.7374034749034749,0.7111969111969112,0.7374034749034749,0.7116258448955821,0.7374034749034749,0.7111969111969112,0.7374034749034749,0.7064836761780212
symphony_9_4_orch.mid,/home/francesco/AutomaticMusicOrchestration/LOP_database_06_09_17/hand_picked_Spotify/4/symphony_9_4_orch.mid,XGBoost20,0.36569857597351074,0.7655888030888031,0.7326254826254827,0.7655888030888031,0.7347023478363714,0.7655888030888031,0.7326254826254827,0.7655888030888031,0.7295670179806011
symphony_9_4_orch.mid,/home/francesco/AutomaticMusicOrchestration/LOP_database_06_09_17/hand_picked_Spotify/4/symphony_9_4_orch.mid,XGBoost50,1.2317473888397217,0.8166023166023166,0.7557915057915058,0.8166023166023166,0.7561890884759379,0.8166023166023166,0.7557915057915058,0.8166023166023166,0.7543751642714008
symphony_9_4_orch.mid,/home/francesco/AutomaticMusicOrchestration/LOP_database_06_09_17/hand_picked_Spotify/4/symphony_9_4_orch.mid,RandomForest,2.543550968170166,0.8967664092664093,0.7173745173745174,0.8967664092664093,0.7186238686388597,0.8967664092664093,0.7173745173745174,0.8967664092664093,0.7177699648336255
symphony_9_4_orch.mid,/home/francesco/AutomaticMusicOrchestration/LOP_database_06_09_17/hand_picked_Spotify/4/symphony_9_4_orch.mid,RandomForest10,1.6162362098693848,0.7617760617760618,0.7268339768339769,0.7617760617760618,0.7212003416821889,0.7617760617760618,0.7268339768339769,0.7617760617760618,0.7194767466449437
symphony_9_4_orch.mid,/home/francesco/AutomaticMusicOrchestration/LOP_database_06_09_17/hand_picked_Spotify/4/symphony_9_4_orch.mid,RandomForest13,1.960085391998291,0.8418918918918918,0.7413127413127413,0.8418918918918918,0.7412233283919379,0.8418918918918918,0.7413127413127413,0.8418918918918918,0.7388017548780542
symphony_9_4_orch.mid,/home/francesco/AutomaticMusicOrchestration/LOP_database_06_09_17/hand_picked_Spotify/4/symphony_9_4_orch.mid,RandomForest16,2.282043933868408,0.8818532818532818,0.727027027027027,0.8818532818532818,0.7277244658537761,0.8818532818532818,0.727027027027027,0.8818532818532818,0.7266908653381905
symphony_9_4_orch.mid,/home/francesco/AutomaticMusicOrchestration/LOP_database_06_09_17/hand_picked_Spotify/4/symphony_9_4_orch.mid,RandomForest20,2.5372071266174316,0.8955598455598456,0.716988416988417,0.8955598455598456,0.7186369430456113,0.8955598455598456,0.716988416988417,0.8955598455598456,0.7175733857496643
symphony_9_4_orch.mid,/home/francesco/AutomaticMusicOrchestration/LOP_database_06_09_17/hand_picked_Spotify/4/symphony_9_4_orch.mid,DecisionTree,0.06261539459228516,0.8967664092664093,0.7083011583011583,0.8967664092664093,0.7117667495730998,0.8967664092664093,0.7083011583011583,0.8967664092664093,0.709357506583269
symphony_9_4_orch.mid,/home/francesco/AutomaticMusicOrchestration/LOP_database_06_09_17/hand_picked_Spotify/4/symphony_9_4_orch.mid,NearestNeighbors,1.7459995746612549,0.8967664092664093,0.6202702702702703,0.8967664092664093,0.6152433257146145,0.8967664092664093,0.6202702702702703,0.8967664092664093,0.617529866413973
symphony_9_4_orch.mid,/home/francesco/AutomaticMusicOrchestration/LOP_database_06_09_17/hand_picked_Spotify/4/symphony_9_4_orch.mid,NaiveBayes,0.054952383041381836,0.3735521235521235,0.3776061776061776,0.3735521235521235,0.3969400154827307,0.3735521235521235,0.3776061776061776,0.3735521235521235,0.3469712790454845
symphony_9_4_orch.mid,/home/francesco/AutomaticMusicOrchestration/LOP_database_06_09_17/hand_picked_Spotify/4/symphony_9_4_orch.mid,AdaBoost,1.0679826736450195,0.37176640926640925,0.36853281853281855,0.37176640926640925,0.31969788044342706,0.37176640926640925,0.36853281853281855,0.37176640926640925,0.31680712444013454
symphony_9_4_orch.mid,/home/francesco/AutomaticMusicOrchestration/LOP_database_06_09_17/hand_picked_Spotify/4/symphony_9_4_orch.mid,Dummy0,0.006647586822509766,0.019787644787644786,0.018725868725868726,0.019787644787644786,0.00035065815953846843,0.019787644787644786,0.018725868725868726,0.019787644787644786,0.0006884249635813024
symphony_9_4_orch.mid,/home/francesco/AutomaticMusicOrchestration/LOP_database_06_09_17/hand_picked_Spotify/4/symphony_9_4_orch.mid,Dummy1,0.007819414138793945,0.00361969111969112,0.004826254826254826,0.00361969111969112,2.3292735647948e-05,0.00361969111969112,0.004826254826254826,0.00361969111969112,4.636171783145847e-05
symphony_9_4_orch.mid,/home/francesco/AutomaticMusicOrchestration/LOP_database_06_09_17/hand_picked_Spotify/4/symphony_9_4_orch.mid,DummyUnif,0.006682634353637695,0.046766409266409265,0.045366795366795366,0.04840733590733591,0.10611244535312483,0.04840733590733591,0.0445945945945946,0.04840733590733591,0.05690288239201087
swan_lake_14_orch.mid,/home/francesco/AutomaticMusicOrchestration/LOP_database_06_09_17/hand_picked_Spotify/45/swan_lake_14_orch.mid,XGBoost,1.1663119792938232,0.9479874109657115,0.8927152317880794,0.9479874109657115,0.8944584197327795,0.9479874109657115,0.8927152317880794,0.9479874109657115,0.8926220682460243
swan_lake_14_orch.mid,/home/francesco/AutomaticMusicOrchestration/LOP_database_06_09_17/hand_picked_Spotify/45/swan_lake_14_orch.mid,XGBoost5,0.10268545150756836,0.8810667550107669,0.8688741721854305,0.8810667550107669,0.8722952107607025,0.8810667550107669,0.8688741721854305,0.8810667550107669,0.8676183960049164
swan_lake_14_orch.mid,/home/francesco/AutomaticMusicOrchestration/LOP_database_06_09_17/hand_picked_Spotify/45/swan_lake_14_orch.mid,XGBoost10,0.08922767639160156,0.9055822428358457,0.8841059602649006,0.9055822428358457,0.8866777722393904,0.9055822428358457,0.8841059602649006,0.9055822428358457,0.8844754023982072
swan_lake_14_orch.mid,/home/francesco/AutomaticMusicOrchestration/LOP_database_06_09_17/hand_picked_Spotify/45/swan_lake_14_orch.mid,XGBoost20,0.24190711975097656,0.9320854729170117,0.9066225165562913,0.9320854729170117,0.9085889594083931,0.9320854729170117,0.9066225165562913,0.9320854729170117,0.9065686856848404
swan_lake_14_orch.mid,/home/francesco/AutomaticMusicOrchestration/LOP_database_06_09_17/hand_picked_Spotify/45/swan_lake_14_orch.mid,XGBoost50,0.38047075271606445,0.9435149908895146,0.9033112582781457,0.9435149908895146,0.9058901952225888,0.9435149908895146,0.9033112582781457,0.9435149908895146,0.903593358471552
swan_lake_14_orch.mid,/home/francesco/AutomaticMusicOrchestration/LOP_database_06_09_17/hand_picked_Spotify/45/swan_lake_14_orch.mid,RandomForest,0.567054271697998,1.0,0.8887417218543047,1.0,0.8902784950306453,1.0,0.8887417218543047,1.0,0.8888232856888477
swan_lake_14_orch.mid,/home/francesco/AutomaticMusicOrchestration/LOP_database_06_09_17/hand_picked_Spotify/45/swan_lake_14_orch.mid,RandomForest10,0.49614429473876953,0.9286069239688587,0.8860927152317881,0.9286069239688587,0.8896251607925547,0.9286069239688587,0.8860927152317881,0.9286069239688587,0.8866027768960268
swan_lake_14_orch.mid,/home/francesco/AutomaticMusicOrchestration/LOP_database_06_09_17/hand_picked_Spotify/45/swan_lake_14_orch.mid,RandomForest13,0.5410580635070801,0.9758158025509359,0.8947019867549669,0.9758158025509359,0.8969021009468142,0.9758158025509359,0.8947019867549669,0.9758158025509359,0.8947318022719785
swan_lake_14_orch.mid,/home/francesco/AutomaticMusicOrchestration/LOP_database_06_09_17/hand_picked_Spotify/45/swan_lake_14_orch.mid,RandomForest16,0.5614762306213379,0.9955275799238033,0.890728476821192,0.9955275799238033,0.892459420551055,0.9955275799238033,0.890728476821192,0.9955275799238033,0.8907104202242122
swan_lake_14_orch.mid,/home/francesco/AutomaticMusicOrchestration/LOP_database_06_09_17/hand_picked_Spotify/45/swan_lake_14_orch.mid,RandomForest20,0.5631070137023926,0.9995030644359781,0.8894039735099337,0.9995030644359781,0.890878517597177,0.9995030644359781,0.8894039735099337,0.9995030644359781,0.8894617022109251
swan_lake_14_orch.mid,/home/francesco/AutomaticMusicOrchestration/LOP_database_06_09_17/hand_picked_Spotify/45/swan_lake_14_orch.mid,DecisionTree,0.01926875114440918,1.0,0.8821192052980132,1.0,0.8846279425791639,1.0,0.8821192052980132,1.0,0.882638449565567
swan_lake_14_orch.mid,/home/francesco/AutomaticMusicOrchestration/LOP_database_06_09_17/hand_picked_Spotify/45/swan_lake_14_orch.mid,NearestNeighbors,0.5534062385559082,1.0,0.8629139072847682,1.0,0.8621811309689943,1.0,0.8629139072847682,1.0,0.8618221539622608
swan_lake_14_orch.mid,/home/francesco/AutomaticMusicOrchestration/LOP_database_06_09_17/hand_picked_Spotify/45/swan_lake_14_orch.mid,NaiveBayes,0.018585205078125,0.41709458340235217,0.40397350993377484,0.41709458340235217,0.42820819140155086,0.41709458340235217,0.40397350993377484,0.41709458340235217,0.37481693560106427
swan_lake_14_orch.mid,/home/francesco/AutomaticMusicOrchestration/LOP_database_06_09_17/hand_picked_Spotify/45/swan_lake_14_orch.mid,AdaBoost,0.34897756576538086,0.3288056981944675,0.31390728476821195,0.3288056981944675,0.3111480508848326,0.3288056981944675,0.31390728476821195,0.3288056981944675,0.2315535951935984
swan_lake_14_orch.mid,/home/francesco/AutomaticMusicOrchestration/LOP_database_06_09_17/hand_picked_Spotify/45/swan_lake_14_orch.mid,Dummy0,0.0046961307525634766,0.006294517144276959,0.003973509933774834,0.006294517144276959,1.578878119380729e-05,0.006294517144276959,0.003973509933774834,0.006294517144276959,3.145258522776914e-05
swan_lake_14_orch.mid,/home/francesco/AutomaticMusicOrchestration/LOP_database_06_09_17/hand_picked_Spotify/45/swan_lake_14_orch.mid,Dummy1,0.004452943801879883,0.048534040086135495,0.04900662251655629,0.048534040086135495,0.002401649050480242,0.048534040086135495,0.04900662251655629,0.048534040086135495,0.004578901598769149
swan_lake_14_orch.mid,/home/francesco/AutomaticMusicOrchestration/LOP_database_06_09_17/hand_picked_Spotify/45/swan_lake_14_orch.mid,DummyUnif,0.004755258560180664,0.058307106178565514,0.0456953642384106,0.06294517144276959,0.11472474693919753,0.06294517144276959,0.04966887417218543,0.06294517144276959,0.061178840714464604
swan_lake_18_orch.mid,/home/francesco/AutomaticMusicOrchestration/LOP_database_06_09_17/hand_picked_Spotify/49/swan_lake_18_orch.mid,XGBoost,0.6625120639801025,0.9521199884626478,0.8581314878892734,0.9521199884626478,0.8637953283326418,0.9521199884626478,0.8581314878892734,0.9521199884626478,0.8591639272902817
swan_lake_18_orch.mid,/home/francesco/AutomaticMusicOrchestration/LOP_database_06_09_17/hand_picked_Spotify/49/swan_lake_18_orch.mid,XGBoost5,0.05743145942687988,0.8952985289875973,0.8512110726643599,0.8952985289875973,0.8655163713595496,0.8952985289875973,0.8512110726643599,0.8952985289875973,0.8514490513058582
swan_lake_18_orch.mid,/home/francesco/AutomaticMusicOrchestration/LOP_database_06_09_17/hand_picked_Spotify/49/swan_lake_18_orch.mid,XGBoost10,0.08469653129577637,0.9077011825785982,0.8592848904267589,0.9077011825785982,0.8621314809444289,0.9077011825785982,0.8592848904267589,0.9077011825785982,0.8598263239700163
swan_lake_18_orch.mid,/home/francesco/AutomaticMusicOrchestration/LOP_database_06_09_17/hand_picked_Spotify/49/swan_lake_18_orch.mid,XGBoost20,0.1704850196838379,0.9258725122584367,0.8662053056516724,0.9258725122584367,0.8712682751602276,0.9258725122584367,0.8662053056516724,0.9258725122584367,0.8674300522082564
swan_lake_18_orch.mid,/home/francesco/AutomaticMusicOrchestration/LOP_database_06_09_17/hand_picked_Spotify/49/swan_lake_18_orch.mid,XGBoost50,0.4917311668395996,0.949235650418229,0.8638985005767013,0.949235650418229,0.8703688744095829,0.949235650418229,0.8638985005767013,0.949235650418229,0.8649830659978017
swan_lake_18_orch.mid,/home/francesco/AutomaticMusicOrchestration/LOP_database_06_09_17/hand_picked_Spotify/49/swan_lake_18_orch.mid,RandomForest,0.3732287883758545,1.0,0.8500576701268743,1.0,0.8570983175045289,1.0,0.8500576701268743,1.0,0.8519084344895338
swan_lake_18_orch.mid,/home/francesco/AutomaticMusicOrchestration/LOP_database_06_09_17/hand_picked_Spotify/49/swan_lake_18_orch.mid,RandomForest10,0.33909058570861816,0.9359676954139025,0.8535178777393311,0.9359676954139025,0.8613784686062336,0.9359676954139025,0.8535178777393311,0.9359676954139025,0.8543031357206394
swan_lake_18_orch.mid,/home/francesco/AutomaticMusicOrchestration/LOP_database_06_09_17/hand_picked_Spotify/49/swan_lake_18_orch.mid,RandomForest13,0.3533327579498291,0.9847130083645803,0.8535178777393311,0.9847130083645803,0.860511322549482,0.9847130083645803,0.8535178777393311,0.9847130083645803,0.8549326946086689
swan_lake_18_orch.mid,/home/francesco/AutomaticMusicOrchestration/LOP_database_06_09_17/hand_picked_Spotify/49/swan_lake_18_orch.mid,RandomForest16,0.37619543075561523,0.9962503605422556,0.8558246828143022,0.9962503605422556,0.8626349107647056,0.9962503605422556,0.8558246828143022,0.9962503605422556,0.8572985607092481
swan_lake_18_orch.mid,/home/francesco/AutomaticMusicOrchestration/LOP_database_06_09_17/hand_picked_Spotify/49/swan_lake_18_orch.mid,RandomForest20,0.36977458000183105,1.0,0.8512110726643599,1.0,0.8575121480209579,1.0,0.8512110726643599,1.0,0.8527501484542637
swan_lake_18_orch.mid,/home/francesco/AutomaticMusicOrchestration/LOP_database_06_09_17/hand_picked_Spotify/49/swan_lake_18_orch.mid,DecisionTree,0.012138605117797852,1.0,0.8489042675893888,1.0,0.8553487870200798,1.0,0.8489042675893888,1.0,0.850395988547173
swan_lake_18_orch.mid,/home/francesco/AutomaticMusicOrchestration/LOP_database_06_09_17/hand_picked_Spotify/49/swan_lake_18_orch.mid,NearestNeighbors,0.2954108715057373,1.0,0.7946943483275664,1.0,0.7912055565456239,1.0,0.7946943483275664,1.0,0.790719257530407
swan_lake_18_orch.mid,/home/francesco/AutomaticMusicOrchestration/LOP_database_06_09_17/hand_picked_Spotify/49/swan_lake_18_orch.mid,NaiveBayes,0.014803886413574219,0.4874531295067782,0.5098039215686274,0.4874531295067782,0.5075736836277585,0.4874531295067782,0.5098039215686274,0.4874531295067782,0.46062487000115365
swan_lake_18_orch.mid,/home/francesco/AutomaticMusicOrchestration/LOP_database_06_09_17/hand_picked_Spotify/49/swan_lake_18_orch.mid,AdaBoost,0.2653675079345703,0.44649552927603114,0.43944636678200694,0.44649552927603114,0.25419941646829647,0.44649552927603114,0.43944636678200694,0.44649552927603114,0.3000287838326054
swan_lake_18_orch.mid,/home/francesco/AutomaticMusicOrchestration/LOP_database_06_09_17/hand_picked_Spotify/49/swan_lake_18_orch.mid,Dummy0,0.0050506591796875,0.018459763484280356,0.02768166089965398,0.018459763484280356,0.0007662743501634319,0.018459763484280356,0.02768166089965398,0.018459763484280356,0.0014912679272540863
swan_lake_18_orch.mid,/home/francesco/AutomaticMusicOrchestration/LOP_database_06_09_17/hand_picked_Spotify/49/swan_lake_18_orch.mid,Dummy1,0.004174709320068359,0.018171329679838477,0.00922722029988466,0.018171329679838477,8.514159446260355e-05,0.018171329679838477,0.00922722029988466,0.018171329679838477,0.00016872631405503378
swan_lake_18_orch.mid,/home/francesco/AutomaticMusicOrchestration/LOP_database_06_09_17/hand_picked_Spotify/49/swan_lake_18_orch.mid,DummyUnif,0.004179716110229492,0.051341217190654743,0.03806228373702422,0.04845687914623594,0.13410167683149304,0.04845687914623594,0.0530565167243368,0.04845687914623594,0.06254255400088092
swan_lake_06_orch.mid,/home/francesco/AutomaticMusicOrchestration/LOP_database_06_09_17/hand_picked_Spotify/37/swan_lake_06_orch.mid,XGBoost,0.8293359279632568,0.9611220472440944,0.8212180746561886,0.9611220472440944,0.8235600890817757,0.9611220472440944,0.8212180746561886,0.9611220472440944,0.8196162643460321
swan_lake_06_orch.mid,/home/francesco/AutomaticMusicOrchestration/LOP_database_06_09_17/hand_picked_Spotify/37/swan_lake_06_orch.mid,XGBoost5,0.04317140579223633,0.8400590551181102,0.787819253438114,0.8400590551181102,0.8006647058464825,0.8400590551181102,0.787819253438114,0.8400590551181102,0.7839548934130306
swan_lake_06_orch.mid,/home/francesco/AutomaticMusicOrchestration/LOP_database_06_09_17/hand_picked_Spotify/37/swan_lake_06_orch.mid,XGBoost10,0.07254409790039062,0.8705708661417323,0.8055009823182712,0.8705708661417323,0.8190025935507234,0.8705708661417323,0.8055009823182712,0.8705708661417323,0.8029131862940004
swan_lake_06_orch.mid,/home/francesco/AutomaticMusicOrchestration/LOP_database_06_09_17/hand_picked_Spotify/37/swan_lake_06_orch.mid,XGBoost20,0.1464073657989502,0.9089566929133859,0.8192534381139489,0.9089566929133859,0.8253244328954433,0.9089566929133859,0.8192534381139489,0.9089566929133859,0.8174271451330679
swan_lake_06_orch.mid,/home/francesco/AutomaticMusicOrchestration/LOP_database_06_09_17/hand_picked_Spotify/37/swan_lake_06_orch.mid,XGBoost50,0.44509291648864746,0.9502952755905512,0.8212180746561886,0.9502952755905512,0.8263539562900295,0.9502952755905512,0.8212180746561886,0.9502952755905512,0.8192305358400833
swan_lake_06_orch.mid,/home/francesco/AutomaticMusicOrchestration/LOP_database_06_09_17/hand_picked_Spotify/37/swan_lake_06_orch.mid,RandomForest,0.28600454330444336,0.999507874015748,0.8074656188605108,0.999507874015748,0.8111111640076403,0.999507874015748,0.8074656188605108,0.999507874015748,0.8045477068868827
swan_lake_06_orch.mid,/home/francesco/AutomaticMusicOrchestration/LOP_database_06_09_17/hand_picked_Spotify/37/swan_lake_06_orch.mid,RandomForest10,0.24551773071289062,0.9099409448818898,0.8172888015717092,0.9099409448818898,0.8285649092920359,0.9099409448818898,0.8172888015717092,0.9099409448818898,0.8132362658362824
swan_lake_06_orch.mid,/home/francesco/AutomaticMusicOrchestration/LOP_database_06_09_17/hand_picked_Spotify/37/swan_lake_06_orch.mid,RandomForest13,0.26646900177001953,0.968011811023622,0.8192534381139489,0.968011811023622,0.8271761393266246,0.968011811023622,0.8192534381139489,0.968011811023622,0.8179381035063485
swan_lake_06_orch.mid,/home/francesco/AutomaticMusicOrchestration/LOP_database_06_09_17/hand_picked_Spotify/37/swan_lake_06_orch.mid,RandomForest16,0.28286170959472656,0.9931102362204725,0.8133595284872298,0.9931102362204725,0.8176499830898442,0.9931102362204725,0.8133595284872298,0.9931102362204725,0.8110754354271689
swan_lake_06_orch.mid,/home/francesco/AutomaticMusicOrchestration/LOP_database_06_09_17/hand_picked_Spotify/37/swan_lake_06_orch.mid,RandomForest20,0.2884237766265869,1.0,0.8074656188605108,1.0,0.8107785997124584,1.0,0.8074656188605108,1.0,0.8047102522273958
swan_lake_06_orch.mid,/home/francesco/AutomaticMusicOrchestration/LOP_database_06_09_17/hand_picked_Spotify/37/swan_lake_06_orch.mid,DecisionTree,0.009356260299682617,1.0,0.793713163064833,1.0,0.7987618297943626,1.0,0.793713163064833,1.0,0.7907401185161685
swan_lake_06_orch.mid,/home/francesco/AutomaticMusicOrchestration/LOP_database_06_09_17/hand_picked_Spotify/37/swan_lake_06_orch.mid,NearestNeighbors,0.16815662384033203,1.0,0.6738703339882122,1.0,0.6835198136930715,1.0,0.6738703339882122,1.0,0.6725078778994864
swan_lake_06_orch.mid,/home/francesco/AutomaticMusicOrchestration/LOP_database_06_09_17/hand_picked_Spotify/37/swan_lake_06_orch.mid,NaiveBayes,0.010882377624511719,0.500492125984252,0.5324165029469549,0.500492125984252,0.6796658956488811,0.500492125984252,0.5324165029469549,0.500492125984252,0.4981370089553942
swan_lake_06_orch.mid,/home/francesco/AutomaticMusicOrchestration/LOP_database_06_09_17/hand_picked_Spotify/37/swan_lake_06_orch.mid,AdaBoost,0.1721961498260498,0.14911417322834647,0.17485265225933203,0.14911417322834647,0.0633061274023946,0.14911417322834647,0.17485265225933203,0.14911417322834647,0.09294487065028045
swan_lake_06_orch.mid,/home/francesco/AutomaticMusicOrchestration/LOP_database_06_09_17/hand_picked_Spotify/37/swan_lake_06_orch.mid,Dummy0,0.004252910614013672,0.024606299212598427,0.0275049115913556,0.024606299212598427,0.0007565201616482876,0.024606299212598427,0.0275049115913556,0.024606299212598427,0.0014725382878737223
swan_lake_06_orch.mid,/home/francesco/AutomaticMusicOrchestration/LOP_database_06_09_17/hand_picked_Spotify/37/swan_lake_06_orch.mid,Dummy1,0.0038619041442871094,0.012303149606299213,0.015717092337917484,0.012303149606299213,0.0002470269915586245,0.012303149606299213,0.015717092337917484,0.012303149606299213,0.00048640904720827807
swan_lake_06_orch.mid,/home/francesco/AutomaticMusicOrchestration/LOP_database_06_09_17/hand_picked_Spotify/37/swan_lake_06_orch.mid,DummyUnif,0.004201173782348633,0.04675196850393701,0.05304518664047151,0.04872047244094488,0.10045719749949165,0.04872047244094488,0.0550098231827112,0.04872047244094488,0.06525456961928915
swan_lake_19_orch.mid,/home/francesco/AutomaticMusicOrchestration/LOP_database_06_09_17/hand_picked_Spotify/50/swan_lake_19_orch.mid,XGBoost,1.9096503257751465,0.8673144313475629,0.7504778084519006,0.8673144313475629,0.754189811980018,0.8673144313475629,0.7504778084519006,0.8673144313475629,0.7516222320614326
swan_lake_19_orch.mid,/home/francesco/AutomaticMusicOrchestration/LOP_database_06_09_17/hand_picked_Spotify/50/swan_lake_19_orch.mid,XGBoost5,0.11210966110229492,0.7319740894127641,0.7228710978976428,0.7319740894127641,0.7287978933775344,0.7319740894127641,0.7228710978976428,0.7319740894127641,0.7189998584768508
swan_lake_19_orch.mid,/home/francesco/AutomaticMusicOrchestration/LOP_database_06_09_17/hand_picked_Spotify/50/swan_lake_19_orch.mid,XGBoost10,0.20578861236572266,0.7503982159923542,0.7368868124867275,0.7503982159923542,0.7372900546428405,0.7503982159923542,0.7368868124867275,0.7503982159923542,0.732797080965732
swan_lake_19_orch.mid,/home/francesco/AutomaticMusicOrchestration/LOP_database_06_09_17/hand_picked_Spotify/50/swan_lake_19_orch.mid,XGBoost20,0.4171428680419922,0.7973346076245089,0.7651306009768528,0.7973346076245089,0.7675937812929292,0.7973346076245089,0.7651306009768528,0.7973346076245089,0.7635021931040186
swan_lake_19_orch.mid,/home/francesco/AutomaticMusicOrchestration/LOP_database_06_09_17/hand_picked_Spotify/50/swan_lake_19_orch.mid,XGBoost50,0.8319268226623535,0.8438462355314856,0.7732002548311744,0.8438462355314856,0.7766428636240876,0.8438462355314856,0.7732002548311744,0.8438462355314856,0.7740538452598151
swan_lake_19_orch.mid,/home/francesco/AutomaticMusicOrchestration/LOP_database_06_09_17/hand_picked_Spotify/50/swan_lake_19_orch.mid,RandomForest,2.4490039348602295,0.9932037803971541,0.7160755999150563,0.9932037803971541,0.7184905906849792,0.9932037803971541,0.7160755999150563,0.9932037803971541,0.7168747075605078
swan_lake_19_orch.mid,/home/francesco/AutomaticMusicOrchestration/LOP_database_06_09_17/hand_picked_Spotify/50/swan_lake_19_orch.mid,RandomForest10,1.5549566745758057,0.7965912711054476,0.7521766829475472,0.7965912711054476,0.7585539004692875,0.7965912711054476,0.7521766829475472,0.7965912711054476,0.7529458706255111
swan_lake_19_orch.mid,/home/francesco/AutomaticMusicOrchestration/LOP_database_06_09_17/hand_picked_Spotify/50/swan_lake_19_orch.mid,RandomForest13,1.890918254852295,0.8715620685993416,0.7506901677638564,0.8715620685993416,0.7555502844701188,0.8715620685993416,0.7506901677638564,0.8715620685993416,0.7521485843073705
swan_lake_19_orch.mid,/home/francesco/AutomaticMusicOrchestration/LOP_database_06_09_17/hand_picked_Spotify/50/swan_lake_19_orch.mid,RandomForest16,2.051189422607422,0.9349049591164914,0.7364620938628159,0.9349049591164914,0.739950115631298,0.9349049591164914,0.7364620938628159,0.9349049591164914,0.7376406546626982
swan_lake_19_orch.mid,/home/francesco/AutomaticMusicOrchestration/LOP_database_06_09_17/hand_picked_Spotify/50/swan_lake_19_orch.mid,RandomForest20,2.330989122390747,0.9806201550387597,0.722658738585687,0.9806201550387597,0.7255487522179999,0.9806201550387597,0.722658738585687,0.9806201550387597,0.7236330220602043
swan_lake_19_orch.mid,/home/francesco/AutomaticMusicOrchestration/LOP_database_06_09_17/hand_picked_Spotify/50/swan_lake_19_orch.mid,DecisionTree,0.06554508209228516,0.9932037803971541,0.7205351454661287,0.9932037803971541,0.7230952615841784,0.9932037803971541,0.7205351454661287,0.9932037803971541,0.7214159136156985
swan_lake_19_orch.mid,/home/francesco/AutomaticMusicOrchestration/LOP_database_06_09_17/hand_picked_Spotify/50/swan_lake_19_orch.mid,NearestNeighbors,1.5549521446228027,0.9932037803971541,0.6634104905500107,0.9932037803971541,0.6680692345363448,0.9932037803971541,0.6634104905500107,0.9932037803971541,0.6652438426742119
swan_lake_19_orch.mid,/home/francesco/AutomaticMusicOrchestration/LOP_database_06_09_17/hand_picked_Spotify/50/swan_lake_19_orch.mid,NaiveBayes,0.05282115936279297,0.5271317829457365,0.5340836695689106,0.5271317829457365,0.5561984625256449,0.5271317829457365,0.5340836695689106,0.5271317829457365,0.5102183303035511
swan_lake_19_orch.mid,/home/francesco/AutomaticMusicOrchestration/LOP_database_06_09_17/hand_picked_Spotify/50/swan_lake_19_orch.mid,AdaBoost,1.045652151107788,0.10746522247000106,0.10639201528987047,0.10746522247000106,0.020571825802961814,0.10746522247000106,0.10639201528987047,0.10746522247000106,0.031845011523317555
swan_lake_19_orch.mid,/home/francesco/AutomaticMusicOrchestration/LOP_database_06_09_17/hand_picked_Spotify/50/swan_lake_19_orch.mid,Dummy0,0.005627870559692383,0.03467133906764362,0.030579740921639415,0.03467133906764362,0.0009351205548345882,0.03467133906764362,0.030579740921639415,0.03467133906764362,0.0018147466279481042
swan_lake_19_orch.mid,/home/francesco/AutomaticMusicOrchestration/LOP_database_06_09_17/hand_picked_Spotify/50/swan_lake_19_orch.mid,Dummy1,0.005328655242919922,0.02293724115960497,0.019537056699936294,0.02293724115960497,0.0003816965844965256,0.02293724115960497,0.019537056699936294,0.02293724115960497,0.0007487645142237612
swan_lake_19_orch.mid,/home/francesco/AutomaticMusicOrchestration/LOP_database_06_09_17/hand_picked_Spotify/50/swan_lake_19_orch.mid,DummyUnif,0.006835460662841797,0.03891897631942232,0.04586961138245912,0.042794945311670385,0.05824949959016098,0.042794945311670385,0.04162242514334254,0.042794945311670385,0.045741048061780136
